# Blender v2.79 (sub 0) OBJ File: ''
# www.blender.org
mtllib o_sandyqueuemesh.mtl
o o_sandyqueuemesh
v -10.264120 113.238098 0.457272
v -9.303417 114.329903 0.630217
v -10.463170 111.730301 0.647064
v -8.366651 109.649803 1.044999
v -5.617739 110.743896 1.036483
v -8.732826 112.927101 0.852577
v -6.668221 113.788200 1.237273
v -3.530945 86.416313 17.441538
v -3.384540 86.416313 16.845999
v -0.000006 86.416313 16.938347
v 3.384527 86.416313 16.845995
v 3.530934 86.416313 17.441534
v -0.000006 90.844177 16.937487
v 3.384526 90.869530 16.834225
v -3.530945 91.288116 17.553047
v -0.000006 86.416313 17.799976
v -11.505356 92.996712 10.898720
v -12.435536 93.528152 10.370860
v -11.685646 93.930580 12.154630
v -10.728066 92.949051 11.511569
v -9.372218 91.997643 13.513139
v -9.209698 91.775307 12.967879
v -6.470532 91.330269 15.211278
v -3.384540 90.869530 16.834227
v -6.577930 91.611107 15.969308
v -0.000005 92.554970 18.694336
v -0.000006 91.319794 18.028307
v 3.530934 91.288116 17.553043
v 6.577915 91.611107 15.969295
v 6.470519 91.330269 15.211274
v 9.209682 91.796043 12.967874
v 9.372205 92.018372 13.513133
v 10.728054 92.949059 11.511562
v 11.685624 93.930573 12.154622
v 11.505343 92.996712 10.898712
v 12.435513 93.528152 10.370852
v -8.991440 93.527634 12.956619
v -4.770291 93.205170 15.553658
v -0.000006 93.426880 16.311466
v 8.991425 93.548363 12.956614
v -8.821961 92.159119 12.580469
v -8.991440 92.159119 12.956619
v -4.815511 92.305794 14.992827
v -4.770291 92.305794 15.553658
v -0.000006 91.916054 16.311466
v -0.000006 91.916054 15.865906
v 4.770278 92.305779 15.553655
v 4.815500 92.305779 14.992834
v 8.991426 92.179832 12.956614
v 8.821948 92.179840 12.580463
v 4.770277 93.816612 15.553644
v -8.821961 93.527634 12.580469
v -4.815511 93.062859 14.992837
v -0.000006 93.284569 15.865906
v 4.815499 93.674301 14.992834
v 8.821947 93.548363 12.580463
v -8.921537 92.077049 11.095529
v -8.967635 92.136261 11.662999
v -5.089219 90.966240 13.907818
v -0.055843 90.742157 14.875446
v 4.977534 90.966248 13.907814
v 4.930770 90.901207 13.284464
v 8.855947 92.136253 11.662993
v 8.809850 92.077042 11.095523
v -8.967635 90.069366 11.878659
v -5.089219 89.507507 14.060028
v 8.855947 90.089981 11.876503
v -8.921537 90.599899 11.071339
v -5.042457 90.901199 13.284468
v -5.042457 89.424057 13.260278
v -0.055843 90.396042 14.158246
v -0.055843 88.862427 14.139946
v 4.930770 89.424057 13.260274
v 10.264100 113.238098 0.457264
v 10.463150 111.730301 0.647056
v 9.303394 114.329903 0.630211
v 8.732802 112.927101 0.852571
v 8.366628 109.649803 1.044994
v 15.918984 80.619461 15.163832
v 19.675201 77.004753 3.596387
v 19.675201 80.619461 3.596387
v 15.918977 77.004753 -7.971045
v 15.918977 80.619461 -7.971044
v 15.103115 80.905319 14.571061
v 18.666782 80.905319 3.596389
v 15.103107 80.905319 -7.378288
v 15.103115 78.150482 14.571061
v 18.669003 78.150482 3.596389
v 15.103097 78.150482 -7.378287
v 15.266465 76.598717 14.758342
v 18.869812 76.598717 3.664985
v 15.918984 77.004753 15.163832
v 15.266458 76.598717 -7.428371
v -16.017654 48.718712 15.434803
v -15.309595 39.050400 14.760373
v -18.923677 39.050400 3.637318
v -19.798908 48.718712 3.630534
v -16.316605 58.263950 15.543213
v -20.050938 60.036331 6.642647
v -19.258886 66.099861 9.164199
v -15.268715 76.598717 14.758352
v -18.763147 72.821472 7.406939
v -18.440248 76.345840 3.681497
v -18.262220 75.890190 1.010248
v -15.309603 39.050400 -7.485746
v -16.315601 58.263962 -8.288196
v -20.106380 57.379791 2.777938
v -5.847754 39.050400 -14.360180
v -6.118222 48.718712 -15.469180
v -16.017662 48.718712 -8.173735
v -6.231756 58.263950 -15.652511
v -15.268723 76.598717 -7.428362
v -5.832138 76.598717 -14.284431
v -16.247202 64.811333 -8.173734
v -6.205886 64.811333 -15.469181
v 16.244947 64.811317 -8.173745
v 6.205850 64.811333 -15.469185
v 16.313269 58.263962 -8.288204
v 6.231315 58.263950 -15.652514
v 16.015408 48.718712 -8.173745
v 18.923662 39.050400 3.637307
v 19.796661 48.718712 3.630521
v 6.118165 48.718712 22.730227
v 16.015415 48.718712 15.434793
v 6.231745 58.263962 22.907526
v 16.244946 64.811333 15.434792
v 5.832114 76.598717 21.434584
v 5.847730 39.050400 21.634806
v 15.309565 39.050400 14.760364
v 5.471642 35.669609 20.497486
v -0.140658 39.050400 22.261848
v -0.131612 35.669609 21.084219
v -5.471657 35.669609 20.497490
v -14.324975 35.669609 14.065183
v -14.324982 35.669609 -6.750221
v -5.471667 35.669609 -13.182540
v 5.847718 39.050400 -14.360184
v 5.471632 35.669609 -13.182544
v 15.309557 39.050400 -7.485754
v 14.324958 35.669609 -6.750229
v 17.706612 35.669609 3.657470
v 14.324965 35.669609 14.065173
v -0.736632 76.349426 21.937635
v -0.383892 75.012177 22.457047
v 0.736617 76.349426 21.937635
v 0.383877 75.012177 22.457047
v 6.081383 80.619461 -15.120106
v 6.081383 77.004753 -15.120106
v -6.081337 80.619461 -15.120111
v -6.081337 77.004753 -15.120101
v -15.921193 80.619461 -7.971037
v -15.921193 77.004753 -7.971037
v -19.679668 80.619461 3.596400
v -19.679668 77.004753 3.596400
v -15.921185 80.619461 15.163832
v -15.921185 77.004753 15.163832
v -6.081328 80.619461 22.312908
v -6.081328 77.004753 22.312908
v 6.081394 80.619461 22.312904
v 6.081394 77.004753 22.312904
v 5.769705 80.905319 -14.161006
v -5.769745 80.905319 -14.161002
v -15.105363 80.905319 -7.378278
v -18.671228 80.905319 3.596400
v -15.105355 80.905319 14.571071
v -5.769734 80.905319 21.353779
v 5.769716 80.905319 21.353775
v 5.769705 78.150482 -14.161006
v -5.769745 78.150482 -14.161002
v -18.671228 78.150482 3.596400
v -5.769734 78.150490 21.353779
v 5.769716 78.150482 21.353775
v -17.706648 35.669609 3.657482
v 5.832102 76.598717 -14.284435
v -6.205874 64.811333 22.730230
v -5.832130 76.598717 21.434587
v 0.997471 76.598717 21.614416
v 0.569102 75.238426 22.070776
v 6.205863 64.811333 22.730225
v -0.049299 64.811333 23.370857
v -0.060542 58.263962 23.554178
v -6.231996 58.263950 22.907530
v -16.247194 64.811333 15.434803
v -6.118211 48.718712 22.730230
v -5.847744 39.050400 21.634809
v -0.078722 48.718712 23.370857
v -0.569117 75.238426 22.070776
v -0.997487 76.598717 21.614416
v 2.305911 70.311188 23.183216
v -2.305925 70.311188 23.183218
v -1.599692 71.070374 24.134808
v 18.571590 75.949600 1.010236
v 18.870132 72.821472 7.406927
v 19.365883 66.099854 9.164183
v 17.408123 58.263962 13.688251
v 20.093790 57.379791 2.777924
v -0.000020 46.872471 -15.936823
v 6.118152 48.718712 -15.469184
v 2.394631 45.915951 -15.740064
v 2.574383 42.646912 -15.527134
v 2.177587 70.758110 24.268837
v 1.599679 71.070374 24.134806
v -2.177600 70.758110 24.268839
v -0.586246 74.960197 22.283606
v -2.201652 70.676727 24.066217
v 0.586231 74.960197 22.283606
v 2.280587 70.382988 23.360556
v 2.208194 70.676109 24.071405
v -2.281668 70.383110 23.357058
v -15.882492 0.008608 -4.513152
v -17.830547 0.008608 -1.966272
v -2.238659 0.008640 -1.966277
v -18.303493 0.008609 10.447495
v -1.180708 0.008624 25.802158
v -18.888493 0.008608 25.802160
v 6.023708 107.495300 12.737255
v 6.043461 107.631203 12.625545
v 7.418678 106.719398 12.373235
v 7.413311 107.201599 12.272895
v 8.521908 105.397697 11.757474
v 9.022739 102.797798 10.564963
v 7.889826 106.539902 9.312794
v 8.225158 104.440102 8.015587
v 5.658567 105.445602 6.342023
v 2.592728 107.375900 7.882011
v 2.486097 105.445602 6.342025
v -0.080473 104.440102 8.015591
v 0.254849 106.539902 9.312797
v -0.878062 102.769203 10.573398
v 1.090829 107.324303 11.785927
v -0.488041 105.397697 11.757466
v 0.726000 106.719398 12.373237
v 2.005060 107.652802 12.636176
v 2.020649 107.515900 12.748926
v 5.512329 107.606796 12.787115
v 4.338669 107.700500 12.831436
v 5.502911 107.802696 12.715125
v 4.337349 107.939102 12.790505
v 5.749500 107.954697 12.534155
v 7.247909 107.303200 11.831204
v 5.326259 108.016800 12.144985
v 4.078088 108.071198 12.179186
v 2.837980 108.011597 12.165476
v 0.850580 107.203598 12.268626
v 2.394960 107.961197 12.518306
v 2.543379 107.800301 12.708446
v 3.827789 107.946701 12.779106
v 3.827839 107.703598 12.832895
v 2.537359 107.603401 12.786546
v 4.079180 108.143204 12.602985
v 4.338009 108.951202 12.983056
v 3.827820 108.954803 12.976716
v 2.034701 108.746201 12.922336
v 1.595999 108.564003 12.885325
v 5.942768 108.707901 12.898805
v 6.384350 108.565399 12.861805
v -2.176291 107.454010 12.738377
v -2.156540 107.589905 12.626677
v -0.781321 106.678108 12.374355
v 0.321909 105.356308 11.758606
v -0.310172 106.498604 9.313925
v 0.822738 102.776405 10.571285
v 0.025158 104.398811 8.016718
v -2.648052 107.334610 7.883141
v -2.541433 105.404305 6.343154
v -5.607273 107.334610 7.883142
v -5.713902 105.404305 6.343155
v -8.280483 104.398811 8.016721
v -9.078061 102.797806 10.564968
v -7.945152 106.498604 9.313928
v -8.688041 105.356308 11.758598
v -7.349421 107.162308 12.269758
v -7.474001 106.678108 12.374358
v -6.194941 107.611511 12.637307
v -6.179350 107.474609 12.750048
v -2.687670 107.565506 12.788247
v -2.697090 107.761406 12.716257
v -3.861330 107.659210 12.832566
v -3.862650 107.897804 12.791636
v -0.786690 107.160309 12.274026
v -2.450500 107.913406 12.535287
v -0.952092 107.261909 11.832335
v -4.121911 108.029808 12.180317
v -5.362021 107.970306 12.166608
v -5.805040 107.919907 12.519438
v -5.656620 107.759010 12.709578
v -4.372211 107.905411 12.780237
v -4.372160 107.662308 12.834027
v -5.662640 107.562111 12.787667
v -4.120821 108.101906 12.604116
v -3.861990 108.909904 12.984186
v -4.372181 108.913506 12.977848
v -6.165300 108.704910 12.923468
v -6.604000 108.522705 12.886457
v -2.257231 108.666504 12.899937
v -1.815651 108.524109 12.862937
v 4.117504 0.008608 -4.513158
v 2.169444 0.008608 -1.966279
v 1.111512 0.008609 25.802158
v 16.891119 0.008624 28.115700
v 17.761337 0.008638 -1.966284
v 17.714096 12.133159 -1.868473
v 15.572437 12.133159 -4.513163
v 15.585886 0.008607 -4.513162
v 2.147596 12.133159 -1.868467
v 1.605797 12.120889 10.349279
v -2.285898 12.133160 -1.868466
v -4.414114 0.008608 -4.513155
v -15.710742 12.133160 -4.513154
v -17.852398 12.133160 -1.868462
v 3.185735 103.907501 15.342703
v 3.704036 104.283997 15.433903
v 4.344637 104.283997 15.433903
v 4.024336 103.298203 15.594302
v 4.862936 103.907501 15.342703
v 5.060935 103.298203 15.297103
v 4.862936 102.688904 15.342703
v 4.344637 102.312302 15.433903
v 3.704036 102.312302 15.433903
v 3.185735 102.688904 15.342703
v 2.987735 103.298203 15.297103
v -5.014264 103.907494 15.342705
v -4.495965 104.283989 15.433905
v -3.855365 104.283989 15.433905
v -3.337065 103.907494 15.342704
v -3.139066 103.298195 15.297104
v -3.337065 102.688896 15.342704
v -4.175663 103.298195 15.594304
v -3.855365 102.312294 15.433905
v -4.495965 102.312294 15.433905
v -5.014264 102.688896 15.342705
v -5.212264 103.298195 15.297105
v -0.000011 78.150482 5.730656
v -0.000009 81.444420 5.727292
v 1.846555 81.444420 4.427858
v 2.074656 78.150482 4.526067
v 1.881822 81.444420 1.630116
v -0.000013 78.150467 0.402972
v -1.881845 81.444420 1.630117
v -1.846577 81.444420 4.427859
v 1.877033 84.568550 1.631349
v -0.000011 81.444420 0.633596
v -0.000011 84.567520 0.630172
v -3.174040 96.275223 18.204836
v -0.000005 96.426392 19.131716
v 3.174030 96.275223 18.204834
v 2.376307 97.314888 18.577345
v 4.297389 98.044533 17.174715
v 3.645201 98.763603 16.826174
v -0.000005 98.187019 18.449297
v -0.000006 98.952232 17.375687
v -3.645215 98.763611 16.826176
v -4.297402 98.044533 17.174717
v -2.376319 97.314888 18.577347
v -9.245481 100.204399 -1.790668
v -8.638114 103.116096 -2.681926
v -9.972869 103.053802 4.042853
v -10.070708 100.148903 4.674806
v -9.517019 103.381798 9.853284
v -9.187267 99.895317 10.580179
v -8.676208 102.070000 12.139368
v -5.211971 99.958359 13.584877
v -5.789205 103.527496 12.498057
v -1.416083 100.495796 13.370866
v -1.290262 104.066597 12.948856
v -0.000007 106.108803 12.884795
v -0.000007 103.197800 12.772346
v 1.416068 100.495796 13.370865
v 8.035580 99.765053 12.636784
v 10.070692 100.148903 4.674799
v 9.972848 103.151604 3.994667
v 9.245457 100.204399 -1.790674
v 8.638089 103.116096 -2.681932
v 5.288188 100.303001 -5.217433
v 5.161273 103.490402 -5.071247
v -0.000013 100.355904 -6.207341
v -5.161298 103.490402 -5.071244
v -9.677752 106.327400 3.051121
v -8.986651 105.977898 11.372708
v -8.927130 104.716599 11.993168
v -7.437906 105.787903 12.272198
v -1.732845 106.755898 12.564086
v -1.699545 107.984703 12.741226
v -0.000007 107.538200 12.742215
v 1.290247 104.074501 12.946465
v 1.732831 106.763802 12.560845
v 5.037722 106.936501 12.323093
v 5.789190 103.535301 12.495813
v 7.437892 105.827003 12.257403
v 8.927115 104.793404 11.966622
v 8.676193 102.146004 12.121042
v 8.986636 106.075996 11.332672
v 9.517003 103.381798 9.853277
v 9.677733 106.327400 3.051115
v 8.815211 106.577301 -2.304950
v 4.767839 107.380997 -4.905767
v -0.000013 103.598297 -5.516685
v -4.767863 107.380997 -4.905764
v -8.815235 106.577301 -2.304943
v -8.703326 109.266800 0.055279
v -8.553844 108.752602 6.853785
v -7.764765 106.935600 12.404338
v -5.037736 106.936501 12.323097
v -4.782948 108.157600 12.705767
v -0.000007 109.236099 11.957175
v 1.917062 109.180901 11.908674
v 1.699531 108.049202 12.712264
v 4.782935 108.206001 12.683743
v 7.764749 106.990997 12.381163
v 7.948984 107.517601 12.002683
v 8.553828 108.758904 6.849657
v 4.406540 110.419601 8.739835
v 4.807595 110.735001 4.199836
v 8.301710 109.239197 -1.244498
v 4.441962 109.841499 -3.622119
v -0.000013 107.501503 -5.335531
v -0.000012 110.143799 -3.787137
v -4.441986 109.841499 -3.622114
v -5.822634 110.594398 -0.437767
v -8.301733 109.239197 -1.244491
v -4.807615 110.735001 4.199839
v -4.406555 110.294296 8.821612
v -1.917076 109.070602 11.964787
v -7.948999 107.439400 12.037598
v -4.865840 109.035103 12.242417
v -10.775810 111.516098 -1.013016
v -10.727900 113.065598 -0.890567
v -9.556110 114.250397 -0.968782
v -7.746349 114.465103 0.992085
v -6.521633 113.685303 -0.262894
v -3.942432 110.997902 -0.495624
v -0.000011 111.213799 -0.745211
v -0.000010 111.353401 4.196027
v 3.942410 110.997902 -0.495628
v -0.000008 110.833298 9.034482
v -7.914641 114.503998 -0.554988
v -8.928810 112.095703 -1.491109
v 8.703302 109.266800 0.055274
v 10.775790 111.516098 -1.013023
v 5.617717 110.743896 1.036479
v 5.822611 110.594398 -0.437770
v 6.668198 113.788200 1.237268
v 6.521605 113.685303 -0.262899
v 7.914612 114.503998 -0.554993
v 7.746326 114.465103 0.992079
v 9.556086 114.250397 -0.968787
v 10.727880 113.065598 -0.890574
v 8.928784 112.095703 -1.491115
v 4.865824 109.106697 12.206683
v -1.844604 84.568771 4.427243
v -0.000010 84.567520 5.730714
v -0.000008 86.474747 11.455636
v 8.589762 86.747124 6.547701
v 1.844582 84.568771 4.427242
v -1.877056 84.568550 1.631350
v -0.000013 85.677177 -4.516263
v -8.004573 85.870117 -1.822245
v -12.216602 90.797096 -5.575808
v -14.105200 90.456070 -0.501502
v -14.275368 90.621353 4.444973
v -8.589778 86.747131 6.547705
v -12.101867 88.947746 9.154563
v -5.368272 86.563110 10.625518
v -6.544727 88.901169 14.316068
v -3.322421 88.983841 15.222617
v -0.055843 89.017326 15.543286
v 3.210734 88.983841 15.222615
v 6.433039 88.901169 14.316064
v 5.368255 86.563118 10.625514
v 12.101852 88.947739 9.154557
v 14.275352 90.621353 4.444963
v 14.105180 90.456070 -0.501511
v 12.216578 90.797096 -5.575816
v 8.004549 85.870117 -1.822250
v 6.129712 87.962021 -8.325125
v -0.000015 87.945099 -8.873157
v -6.129741 87.962021 -8.325122
v -6.871568 91.715103 -10.019652
v -12.641982 95.385353 -5.827454
v -14.665110 94.918213 -0.477090
v -14.818299 95.128777 4.316713
v -13.668227 92.984596 9.315706
v -9.356650 89.454697 12.887679
v -6.899899 91.293983 14.812119
v -3.607163 90.463127 16.122568
v -0.055843 90.390648 16.423986
v 3.495477 90.463127 16.122564
v 6.788212 91.293968 14.812114
v 9.286169 92.289497 12.757613
v 9.244962 89.412338 12.892094
v 14.665090 94.918213 -0.477099
v 12.641958 95.385338 -5.827462
v -13.419087 96.599770 9.528238
v -12.078567 92.021057 11.021190
v -11.908966 92.194733 10.674190
v -9.397859 92.268898 12.759779
v -9.102851 92.813828 12.619919
v -6.647093 91.874878 14.406798
v -3.463054 91.259117 15.761247
v -0.055843 91.152031 16.055567
v 3.351368 91.259117 15.761245
v 8.991161 92.834427 12.617764
v 11.966874 92.021057 11.021182
v 11.908954 92.194733 10.674182
v 13.668213 92.984596 9.315697
v 13.419073 96.599762 9.528229
v 14.818281 95.128777 4.316704
v 13.147280 98.494797 -0.209906
v 6.871539 91.715103 -10.019657
v -0.000015 95.937019 -10.563864
v -0.000015 91.682510 -10.943394
v -6.835873 95.919159 -9.786452
v -11.405931 98.348717 -4.551960
v -13.147310 98.494812 -0.209898
v -12.899058 98.744011 5.975292
v -11.621216 97.293549 12.213140
v -8.359314 92.975014 15.471659
v -8.443860 94.963791 15.822319
v -3.709734 94.490433 18.472986
v -3.640389 92.790047 17.961706
v -0.000005 94.151619 19.001406
v 3.640378 92.790047 17.961704
v 3.709723 94.490433 18.472984
v 8.443847 94.963799 15.822313
v 8.359299 92.995728 15.471643
v 11.621203 97.293549 12.213132
v 10.718674 98.740303 11.632173
v 12.899032 98.744003 5.975284
v 9.187250 99.895317 10.580173
v 11.405908 98.348717 -4.551967
v 6.835845 95.919151 -9.786456
v 6.307730 98.503754 -7.713031
v -0.000014 98.480362 -8.565220
v -6.307757 98.503754 -7.713028
v -5.288216 100.303001 -5.217431
v -8.102836 96.748207 15.756748
v -10.718686 98.740303 11.632179
v -8.035594 99.765053 12.636788
v -7.094981 98.781921 14.849558
v -3.010002 99.708527 15.267676
v -0.000006 99.921112 15.784306
v 2.890672 99.725433 15.265804
v 8.102822 96.748207 15.756743
v 7.094968 98.781921 14.849553
v 5.211957 99.958359 13.584865
v -0.000007 100.401199 13.708275
v -0.055843 89.226952 15.033546
v 6.535409 92.146156 14.406795
v 4.977533 89.507507 14.060024
v 11.288434 92.806953 10.936933
v 8.632197 91.150490 6.977952
v 6.645077 95.454247 8.059751
v -0.000009 95.582977 9.078633
v -6.645093 95.454247 8.059755
v -8.632215 91.150482 6.977958
v -11.288446 92.806953 10.936940
v -4.748278 89.579323 4.946016
v -4.054829 87.469093 5.722003
v -0.000009 87.073036 6.214367
v 8.809850 90.599899 11.071333
v 4.054811 87.469093 5.722003
v 4.748258 89.579323 4.946013
v 2.198916 91.015480 5.372010
v -0.000010 90.623489 5.449068
v -2.198934 91.015480 5.372012
v -4.299683 90.045837 8.327172
v -4.007010 88.171120 8.327172
v -0.000009 87.530937 8.327172
v 4.006993 88.171120 8.327171
v 4.299668 90.045837 8.327169
v 2.198917 91.015480 8.392788
v -0.000009 90.740761 8.476539
v -2.198933 91.015480 8.392790
v -2.842865 91.258217 10.908427
v -0.055844 89.875053 12.048367
v 2.497432 89.899384 11.466065
v 2.731177 91.258217 10.908425
v -2.609121 89.899384 11.466067
v -0.055844 91.395111 11.388637
v -0.000021 47.449478 -20.112185
v 2.748466 46.393990 -20.112293
v 2.811341 42.491879 -20.112593
v -0.000019 40.775349 -15.405223
v -2.811381 42.491879 -20.112591
v -2.574420 42.646912 -15.527132
v -2.748509 46.393990 -20.112291
v -2.394671 45.915951 -15.740062
v 3.058827 47.521339 -26.739155
v -0.000023 40.429428 -26.739481
v -0.000021 40.528049 -20.111994
v -3.076502 42.734612 -26.738159
v -3.058873 47.521339 -26.739153
v -0.000022 48.974190 -26.736052
v -0.000025 52.056870 -35.213474
v 3.483540 50.357208 -35.209152
v 4.075969 43.521530 -35.208622
v 3.076455 42.734612 -26.738163
v -2.891793 41.710320 -35.211319
v -4.076019 43.521519 -35.208611
v -7.907061 49.497208 -44.896809
v -3.483589 50.357208 -35.209141
v -4.948875 53.373001 -42.532551
v -1.690377 54.487789 -38.853561
v 1.146325 54.920860 -38.378445
v 4.406061 52.851025 -44.895824
v -0.000026 40.915039 -35.220249
v -0.000029 41.296326 -44.896950
v -8.326471 56.308067 -49.308609
v -1.861635 56.869587 -47.795311
v 0.920678 54.561165 -44.359505
v -2.424687 54.439999 -43.395279
v 0.728800 57.267086 -45.073193
v 0.764576 58.228119 -43.518906
v 2.972926 58.177811 -42.809002
v 3.088889 56.878284 -44.038025
v 3.435469 52.609192 -39.842693
v 5.205924 57.791317 -53.976185
v 9.246195 50.725647 -54.325523
v 5.732187 44.313156 -44.896465
v 9.489141 46.657185 -53.835392
v 7.612941 43.575836 -53.840485
v -5.779640 43.917156 -44.896320
v -9.177470 41.583706 -63.951061
v -10.399727 50.415565 -53.418339
v -12.540781 51.614536 -63.949039
v -8.704356 53.975616 -51.970989
v -8.536870 60.430458 -53.158810
v -6.826399 61.237797 -52.904560
v -3.898047 58.573105 -47.804890
v 2.786510 63.189186 -60.686394
v 1.500844 59.277657 -53.272343
v -8.665384 59.973965 -55.455139
v -3.267810 59.769077 -51.181671
v -6.350999 61.159145 -54.990971
v -0.000038 32.949196 -73.677856
v -9.209917 36.959957 -73.554832
v -7.506290 35.115368 -83.339844
v -12.038217 45.308945 -83.142189
v -13.096704 49.584236 -73.936653
v -11.770274 55.878937 -74.204422
v -5.652124 59.540257 -75.164124
v -11.015561 56.995445 -63.608829
v -5.883114 59.394707 -63.544731
v -4.274682 56.216656 -51.938332
v -0.385502 62.635826 -62.606644
v 1.529455 62.046467 -67.160294
v 3.756802 62.858505 -67.933380
v 5.813564 55.166687 -54.327614
v 11.015499 55.253487 -62.932007
v 12.348089 48.555885 -63.581757
v -0.000032 40.929306 -53.843090
v -7.613006 43.575836 -53.840481
v -0.000035 38.141476 -64.683197
v 9.177400 41.583706 -64.685684
v -0.000042 33.646988 -84.255081
v -0.000044 41.010788 -92.008659
v -6.227458 42.227436 -90.337868
v -7.113943 50.748035 -90.680359
v -10.649378 53.033115 -84.090607
v -5.172484 56.455036 -85.689461
v -0.000039 60.453438 -75.280220
v -0.000044 51.023617 -92.558533
v 7.113854 50.748035 -90.680367
v -0.000042 57.243237 -86.184792
v 5.172400 56.455036 -85.689468
v 5.652047 59.540257 -75.164131
v 2.950319 59.594875 -63.174564
v 1.138559 60.943546 -68.332062
v -1.054212 59.711296 -63.821815
v 6.227370 42.227436 -90.337875
v 12.038134 45.308945 -83.142197
v 10.649292 53.033115 -84.090614
v 11.770196 55.878937 -74.204430
v 5.298514 60.856808 -67.612106
v 3.794766 61.559128 -69.156670
v 5.703083 62.241207 -61.372402
v 5.946523 58.731285 -61.716434
v 5.341585 61.912346 -66.232605
v 9.209841 36.959957 -73.554840
v 13.096626 47.478485 -73.936661
v 7.506206 35.115368 -83.339806
v -19.651470 58.908951 -1.511259
v -22.861120 59.091991 -1.354737
v -22.861109 60.075100 6.536711
v -22.861116 66.094414 8.874089
v -22.861111 75.774902 0.805319
v -22.861122 72.839012 -5.378664
v -17.725151 72.821472 -5.207150
v -18.029531 64.233177 -6.895965
v -22.861113 64.139122 -6.955696
v -27.128662 72.807716 -5.279359
v -27.128660 59.213661 -1.589245
v -27.128666 66.087547 8.830833
v -22.861118 72.838997 7.295992
v -27.128658 72.807709 7.286055
v -32.442745 64.139503 -6.834205
v -27.128672 64.108627 -6.851897
v -32.442719 59.335579 -1.656884
v -27.128658 60.118999 6.516100
v -32.442722 60.238258 6.417685
v -32.442722 66.093903 8.711472
v -32.442722 72.721008 7.192259
v -27.128660 75.684464 0.657418
v -32.442726 75.575951 0.607855
v -37.036510 75.576736 0.568356
v -37.036510 72.709923 -5.252441
v -32.442726 72.721008 -5.273328
v -37.036514 64.122307 -6.803979
v -37.036510 59.337719 -1.701660
v -37.036507 60.236420 6.335007
v -37.036495 66.068260 8.598113
v -42.359528 72.635406 6.995266
v -37.036495 72.709908 7.101103
v -42.359520 75.495552 0.549777
v -42.359531 72.635406 -5.169983
v -42.359524 64.127632 -6.725655
v -42.359520 59.427029 -1.752350
v -42.359505 60.296242 6.243138
v -48.376766 72.495987 6.895968
v -48.376770 75.334450 0.539385
v -48.376770 72.495987 -5.065993
v -48.376774 64.160828 -6.610951
v -48.376759 59.600231 -1.803350
v -48.376766 60.435101 6.153606
v -48.376778 66.006523 8.292696
v -42.359528 66.036926 8.448018
v -52.948170 72.403908 6.839195
v -52.948174 72.403908 -4.999047
v -52.948177 64.166206 -6.534791
v -52.948174 59.710457 -1.828652
v -59.791504 65.243317 -5.231404
v -53.307404 61.061539 -0.575370
v -59.799503 63.952309 0.047935
v -57.778252 61.919289 7.172952
v -53.307404 61.424549 5.481859
v -57.983810 62.904709 9.409333
v -53.307381 66.038895 7.267740
v -56.157341 67.701630 8.331871
v -53.307388 71.618767 6.296110
v -59.276611 72.501808 6.499389
v -59.799503 74.728661 0.602790
v -59.791485 72.501801 -4.972339
v -53.307392 71.618767 -3.995906
v -59.657238 69.546150 -6.246571
v -53.307404 64.502029 -5.362977
v -63.529079 70.028091 -6.394575
v -63.972942 67.039207 -5.020447
v -63.887005 65.766396 0.391606
v -63.802124 66.601074 5.839324
v -59.791492 64.518394 5.137615
v -59.337910 67.750069 7.770159
v -60.229488 66.540344 8.422421
v -60.313610 64.061287 6.239192
v -63.084740 63.646587 7.202006
v -60.549389 61.330097 8.189077
v -60.549389 62.301319 10.495358
v -60.549400 64.585426 10.898277
v -54.683689 64.107391 8.066659
v -58.529812 65.349419 9.904128
v -63.687469 72.757668 6.629730
v -63.000599 66.125641 9.385233
v -63.681850 64.965385 8.062881
v -63.461399 62.648708 8.296500
v -63.450432 64.816864 10.541248
v -64.197739 63.250786 9.763052
v -63.501671 69.076820 7.925116
v -65.759201 69.359749 7.488169
v -67.120438 74.148872 0.602793
v -64.132446 74.726395 0.602792
v -63.803062 72.757515 -5.093832
v -65.976364 70.240128 -5.945204
v -65.447983 67.366051 -4.668634
v -65.494125 66.129837 0.517151
v -65.539490 66.947067 5.826104
v -71.417664 68.745827 5.607100
v -70.888901 71.034622 4.462619
v -66.462570 72.525658 6.264221
v -72.151947 71.131111 0.574239
v -66.462555 72.525650 -4.722497
v -71.417664 68.745842 -4.073396
v -70.962418 66.281967 0.574239
v -69.906998 67.031616 4.462619
v -70.888931 71.034607 -2.928917
v -73.029648 68.291710 0.574239
v -69.906998 67.031647 -2.928917
v -52.948151 60.516777 6.106786
v -52.948151 65.978004 8.199553
v -53.307392 74.244965 0.549305
v -52.948185 75.231361 0.535366
v -15.105363 78.150482 -7.378278
v -2.113342 78.150467 1.438518
v -2.074680 78.150482 4.526068
v -15.105355 78.150482 14.571072
v 2.113317 78.150482 1.438517
v 22.968100 64.139107 -6.955710
v 18.136538 64.233177 -6.895977
v 17.832159 72.821480 -5.207162
v 22.968109 72.839012 -5.378679
v 22.968111 75.774910 0.805305
v 22.968113 72.839012 7.295979
v 22.968115 66.094398 8.874074
v 22.968103 60.075089 6.536696
v 20.157934 60.036339 6.642634
v 19.758451 58.908951 -1.511272
v 22.968111 59.091991 -1.354752
v 27.235661 64.108627 -6.851913
v 27.235649 72.807716 -5.279377
v 27.235651 75.684464 0.657401
v 27.235653 72.807709 7.286037
v 27.235655 66.087547 8.830817
v 27.235653 60.118996 6.516083
v 32.549725 64.139503 -6.834228
v 32.549721 72.721008 -5.273348
v 32.549721 75.575951 0.607835
v 32.549725 72.721008 7.192237
v 32.549725 60.238266 6.417664
v 27.235651 59.213657 -1.589262
v 36.988548 60.236408 6.334981
v 32.549713 59.335567 -1.656906
v 36.988544 59.337719 -1.701687
v 36.988541 64.122307 -6.804006
v 36.988533 72.709908 -5.252464
v 36.988544 75.576736 0.568331
v 36.988548 72.709908 7.101077
v 36.988537 66.068260 8.598088
v 32.549725 66.093903 8.711451
v 43.433846 59.427029 -1.752380
v 43.433842 64.127632 -6.725684
v 43.433853 72.635399 -5.170011
v 43.433846 75.495560 0.549749
v 43.433857 72.635406 6.995237
v 43.433857 66.036926 8.447990
v 48.483776 66.006523 8.292664
v 48.483768 60.435097 6.153574
v 43.433838 60.296242 6.243111
v 48.483753 59.600227 -1.803383
v 48.483761 64.160820 -6.610982
v 48.483765 72.495987 -5.066025
v 48.483765 75.334450 0.539353
v 48.483768 72.495987 6.895936
v 53.055164 72.403908 6.839160
v 53.055153 65.978004 8.199519
v 53.055153 60.516773 6.106750
v 53.055157 64.166206 -6.534825
v 53.055161 72.403908 -4.999083
v 53.414391 64.502029 -5.363012
v 53.414379 71.618767 -3.995942
v 59.898460 72.501801 -4.972378
v 53.414379 74.244957 0.549269
v 59.906502 74.574791 0.260480
v 59.383602 72.501808 6.499349
v 53.414383 71.618767 6.296075
v 56.264324 67.701630 8.331836
v 53.414375 66.038895 7.267705
v 54.790672 64.107391 8.066623
v 53.414379 61.424545 5.481823
v 58.090805 62.904697 9.409293
v 59.906479 63.952309 0.047895
v 59.898491 65.243324 -5.231444
v 64.079933 67.039215 -5.020490
v 63.636055 70.028099 -6.394617
v 59.764217 69.546135 -6.246610
v 64.239433 74.726387 0.602748
v 58.636803 65.349419 9.904090
v 60.656384 64.585426 10.898237
v 60.656384 62.301319 10.495317
v 60.656384 61.330097 8.189036
v 57.885235 61.919289 7.172914
v 63.191734 63.646587 7.201966
v 60.420605 64.061287 6.239152
v 59.898479 64.518410 5.137575
v 66.083359 70.240135 -5.945247
v 66.569557 72.525658 -4.722539
v 63.910049 72.757515 -5.093874
v 67.227417 74.148880 0.602750
v 66.569557 72.525658 6.264177
v 63.794453 72.757668 6.629686
v 59.444912 67.750076 7.770121
v 63.608665 69.076820 7.925074
v 63.909100 66.601074 5.839282
v 65.866188 69.359749 7.488126
v 65.646477 66.947075 5.826061
v 63.993980 65.766396 0.391564
v 65.601128 66.129845 0.517108
v 65.554962 67.366051 -4.668677
v 70.013992 67.031654 -2.928963
v 71.524651 68.745834 -4.073443
v 72.258942 71.131119 0.574192
v 70.013977 67.031639 4.462573
v 71.069412 66.281975 0.574192
v 70.995918 71.034615 -2.928963
v 73.136642 68.291718 0.574192
v 70.995903 71.034630 4.462575
v 71.524651 68.745850 5.607054
v 63.107594 66.125641 9.385193
v 63.557423 64.816864 10.541206
v 64.304710 63.250786 9.763010
v 63.568382 62.648708 8.296457
v 60.336483 66.540344 8.422381
v 63.788834 64.965378 8.062840
v 53.055161 59.710453 -1.828687
v 53.414379 61.061543 -0.575406
v 53.055168 75.231361 0.535330
v -3.108877 0.008624 28.115709
v -2.528016 9.213048 28.600187
v -0.817264 10.057200 26.447828
v -1.481468 13.425820 20.408009
v -0.925865 10.926391 19.340288
v -1.783826 0.008633 10.427801
v -3.804361 13.351830 12.162391
v -3.121487 21.594511 8.224723
v -1.991343 12.119590 10.349280
v -2.491951 21.594501 3.417809
v -3.264939 21.594511 -1.604326
v -4.427562 12.133160 -4.513156
v -14.965741 21.594501 -4.101394
v -17.744045 21.594501 3.405915
v -17.101557 21.594501 8.517707
v -16.525146 13.351830 12.162395
v -18.394207 12.133160 10.349286
v -19.147802 10.926360 19.341860
v -19.251928 10.057191 26.447830
v -17.220610 0.008624 28.115709
v -17.801481 9.213048 28.600180
v -15.799529 22.530952 3.641054
v -16.847708 21.594501 -1.961978
v -12.898431 22.530952 -1.603873
v -4.994257 21.594501 -3.611245
v -4.195150 22.530952 3.641050
v -16.958870 14.664350 21.519501
v -2.501273 12.821481 26.408758
v -3.355938 14.664350 21.519499
v -14.787246 21.594501 11.695084
v -5.157422 21.594501 11.204501
v -7.096242 22.530952 8.885976
v -12.898427 22.530952 8.885979
v -18.572393 13.445571 20.369949
v -17.829580 12.776511 26.410971
v -7.096246 41.211483 -1.603883
v -12.898432 41.211475 -1.603874
v -15.799530 41.211483 3.641053
v -12.898432 37.494595 -1.603874
v -15.799530 37.494583 3.641053
v -12.898432 33.289883 -1.603874
v -4.195150 41.211483 3.641048
v -4.195150 37.494595 3.641048
v -7.096239 41.211483 8.885976
v -12.898428 37.494583 8.885978
v -12.898428 41.211475 8.885978
v -7.096246 33.289883 -1.603883
v -4.195150 29.430002 3.641049
v -4.195151 33.289883 3.641049
v -7.096246 36.646473 -1.603884
v -7.096239 36.646473 8.885976
v -7.096239 33.289883 8.885975
v -15.799530 33.289883 3.641053
v -15.799529 29.430002 3.641054
v -7.096248 25.704542 -1.603882
v -7.096245 29.430002 -1.603882
v -4.195150 25.704542 3.641049
v -7.096240 25.704542 8.885976
v -7.096239 29.430002 8.885976
v -12.898428 33.289883 8.885978
v -12.898427 29.430002 8.885978
v -15.799529 25.704542 3.641054
v -12.898431 25.704542 -1.603873
v -12.898431 29.430002 -1.603873
v -7.096249 22.530952 -1.603882
v -12.898427 25.704542 8.885978
v 3.779691 104.283997 15.265965
v 1.816091 104.957497 14.774765
v 3.227591 105.983002 14.774764
v 4.972291 105.983002 14.774763
v 6.383791 104.957497 14.774763
v 4.938591 103.907501 15.174765
v 6.922992 103.298203 14.774763
v 5.136591 103.298203 15.129165
v 6.383791 101.638901 14.774763
v 4.420291 102.312302 15.265965
v 3.227591 100.613297 14.774764
v 1.816191 101.638901 14.774765
v 3.063391 103.298203 15.129165
v 3.261391 103.907501 15.174765
v 1.276991 103.289703 14.776825
v -0.276010 103.266403 13.132215
v 5.452290 107.459999 13.123663
v 7.640290 105.870300 13.123663
v 8.475989 103.298203 13.123662
v 7.640290 100.725998 13.123663
v 4.972291 100.613297 14.774764
v 5.452290 99.136322 13.123664
v 2.747690 99.136322 13.123665
v 0.559690 100.710403 13.126355
v 0.559690 105.870300 13.123665
v 0.129389 106.072701 10.746215
v 2.583390 107.965897 10.699064
v 5.616590 107.965897 10.699063
v 2.747690 107.459999 13.123664
v 8.070590 106.182999 10.699062
v 9.007990 103.298203 10.699062
v 8.070590 100.413300 10.699063
v 5.616590 98.630417 10.699064
v 2.583390 98.630417 10.699065
v 0.129389 100.413300 10.699065
v -0.808010 103.262100 10.710346
v 0.549989 105.733101 8.223374
v 3.235188 105.959801 6.492167
v 2.743989 107.471497 8.153566
v 4.964788 105.959801 6.492167
v 6.364088 104.943100 6.492167
v 5.455989 107.471497 8.153565
v 7.649989 105.877403 8.153565
v 8.488090 103.298203 8.153564
v 7.649989 100.718903 8.153565
v 5.455989 99.124817 8.153566
v 2.743989 99.124817 8.153567
v 0.549989 100.718903 8.153567
v -0.288111 103.298203 8.153567
v 6.898588 103.298203 6.492167
v 6.364088 101.653198 6.492167
v 3.235188 100.636497 6.492168
v 1.835888 101.653198 6.492167
v 1.301388 103.197601 6.533981
v 1.835888 104.823097 6.551489
v 4.099988 103.298203 5.690466
v 4.964788 100.636497 6.492167
v 4.420291 104.283997 15.265965
v 4.099991 103.298203 15.426364
v 4.938591 102.688904 15.174765
v 3.779691 102.312302 15.265965
v 3.261391 102.688904 15.174765
v -4.420309 104.283997 15.265967
v -4.972409 105.983002 14.774767
v -3.227709 105.983002 14.774766
v -1.816209 104.948997 14.777336
v -3.063409 103.298203 15.129167
v -3.261409 102.688904 15.174767
v -1.816209 101.638901 14.774766
v -3.779709 102.312302 15.265967
v -3.227709 100.613297 14.774766
v -4.972409 100.613297 14.774767
v -6.383809 101.630501 14.776319
v -6.923009 103.298203 14.774768
v -5.136609 103.298203 15.129168
v -4.938609 103.907501 15.174767
v -6.383909 104.957497 14.774767
v -8.476010 103.250397 13.136498
v -2.747710 107.459999 13.123666
v -0.559710 105.821800 13.141245
v -1.277009 103.289803 14.776826
v -2.747710 99.136322 13.123666
v -7.640311 100.679001 13.131748
v -5.452310 107.435501 13.133927
v -5.616610 106.841904 11.256618
v -2.583411 107.869102 10.747066
v 0.275990 103.274300 13.130075
v 0.807989 103.269402 10.708085
v -0.559710 100.710403 13.126356
v -2.583411 98.630417 10.699066
v -5.452310 99.136322 13.123667
v -5.616611 98.630417 10.699067
v -8.070611 100.413300 10.699068
v -9.008010 103.182800 10.735158
v -7.640310 105.837997 13.135388
v -7.650010 105.726601 8.226549
v -8.070611 106.087402 10.739938
v -5.456011 107.325500 8.234175
v -2.744011 107.318901 8.237837
v -0.550012 105.877403 8.153567
v -0.129411 106.072701 10.746215
v 0.288089 103.221001 8.182114
v -0.550012 100.718903 8.153568
v -0.129411 100.413300 10.699065
v -2.744011 99.124817 8.153568
v -8.488111 103.143799 8.210663
v -6.364112 104.877098 6.524796
v -3.235212 105.881203 6.534798
v -1.835912 104.943100 6.492169
v -1.835912 101.653198 6.492169
v -3.235212 100.636497 6.492170
v -4.964812 100.636497 6.492170
v -5.456011 99.124817 8.153569
v -7.650011 100.718903 8.153570
v -6.364112 101.653198 6.492169
v -6.898612 103.197601 6.533983
v -4.964813 105.905403 6.521682
v -1.301412 103.197601 6.533982
v -4.100012 103.269897 5.702961
v -3.779709 104.283997 15.265967
v -3.261409 103.907501 15.174767
v -4.100009 103.298203 15.426367
v -4.420309 102.312302 15.265967
v -4.938609 102.688904 15.174767
v -5.713902 102.177597 5.846181
v -8.280483 102.715698 7.722969
v -7.782293 100.357803 8.466771
v -9.260831 103.602699 10.598760
v -7.131751 99.066620 10.598160
v -8.662221 100.804703 11.100160
v -7.366520 99.044724 11.053760
v -7.309191 99.203438 11.374109
v -5.889500 98.449821 11.508148
v -5.805050 98.157013 11.202909
v -4.120831 97.959290 11.237598
v -4.116751 98.183708 11.554258
v -2.463480 98.459587 11.505017
v -2.450511 98.159187 11.219908
v -0.946202 99.203438 11.374107
v -0.887242 99.045517 11.058408
v 0.406909 100.804703 11.100217
v -1.106322 99.075287 10.647367
v 1.005509 103.602699 10.598757
v -0.473032 100.357803 8.466769
v 0.025148 102.715698 7.722967
v -2.541434 102.177597 5.846180
v -2.731722 99.914551 6.834103
v -5.523613 99.914551 6.834104
v -5.079132 98.430840 8.632604
v -6.680081 98.696228 9.685139
v -5.295182 98.233932 10.799659
v -4.127662 98.122841 10.051899
v -4.121921 98.130791 10.804909
v -2.940591 98.234238 10.778519
v -3.176733 98.430840 8.632604
v -1.575801 98.696228 9.685137
v 2.486097 102.177589 5.846179
v -0.080482 102.715691 7.722967
v 0.437878 100.395195 8.437402
v -1.060821 103.602692 10.598758
v 1.088428 99.104034 10.568797
v -0.442042 100.842094 11.070787
v 0.853658 99.082130 11.024397
v 0.910989 99.240852 11.344747
v 2.330679 98.487244 11.478777
v 2.415128 98.194420 11.173536
v 4.103430 98.221130 11.524896
v 5.769669 98.196617 11.190536
v 5.756691 98.497009 11.475657
v 7.273968 99.240860 11.344746
v 7.332940 99.082947 11.029036
v 8.627090 100.842209 11.070855
v 9.215599 103.621407 10.584075
v 7.747150 100.395210 8.437401
v 8.245330 102.753204 7.693599
v 5.488459 99.951973 6.804734
v 5.678747 102.214996 5.816811
v 2.696558 99.951973 6.804735
v 1.540099 98.733650 9.655770
v 3.141038 98.468262 8.603234
v 2.924999 98.271347 10.770286
v 4.098258 98.168213 10.775546
v 4.092510 98.160263 10.022526
v 5.043448 98.468262 8.603234
v 5.279579 98.271667 10.749146
v 6.644379 98.733658 9.655769
v 7.113861 99.112717 10.617995
v 4.099350 97.996712 11.208225
v 1.454839 107.814796 10.951226
v 3.120868 108.343597 10.003245
v 3.560129 108.420197 11.522176
v 4.583438 108.420197 11.522175
v 6.689300 107.814796 10.951224
v 5.551947 107.375900 7.882010
v 5.023269 108.343597 10.003244
v -7.109171 107.283005 11.787059
v -6.745162 107.773506 10.952357
v -5.079131 108.302307 10.004377
v -4.639870 108.378906 11.523308
v -3.616560 108.378906 11.523307
v -3.176720 108.302307 10.004376
v -2.873741 107.975510 12.146107
v -1.510701 107.773506 10.952356
v 19.182737 10.057200 26.447819
v 17.471987 9.213048 28.600180
v 18.518534 13.425820 20.408001
v 18.819286 0.008624 25.802151
v 18.228092 0.008632 10.458274
v 19.074133 10.926390 19.340279
v 18.008659 12.119589 10.349274
v 16.999731 21.594511 8.517953
v 17.684141 21.594501 3.392717
v 16.843781 21.594501 -1.961995
v 4.991216 21.594501 -3.610860
v 4.289257 12.133159 -4.513159
v 2.435634 21.594501 3.430176
v 3.026623 21.594501 8.224480
v 3.474858 13.351830 12.110758
v 1.427605 13.445570 20.369946
v 0.852200 10.926360 19.341858
v 1.699936 0.008608 10.453899
v 0.748066 10.057190 26.447828
v 2.779384 0.008624 28.115707
v 2.198525 9.213048 28.600185
v 4.200475 22.530952 3.641048
v 3.260116 21.594501 -1.604322
v 7.101568 22.530952 -1.603879
v 14.963750 21.594501 -4.101817
v 15.804852 22.530952 3.641043
v 2.170415 12.776510 26.410967
v 17.498728 12.821480 26.408751
v 3.041127 14.664350 21.519497
v 16.644058 14.664350 21.519491
v 16.195641 13.351830 12.110754
v 5.155400 21.594501 11.204507
v 12.903764 22.530952 8.885970
v 14.786365 21.594501 11.695065
v 7.101573 22.530941 8.885972
v 12.903749 41.211479 -1.603889
v 15.804851 37.494579 3.641042
v 15.804851 41.211479 3.641042
v 12.903763 37.494579 8.885969
v 12.903763 41.211479 8.885969
v 7.101575 37.494591 8.885972
v 7.101574 41.211472 8.885971
v 4.200475 37.494579 3.641047
v 4.200475 41.211472 3.641047
v 7.101571 41.211472 -1.603880
v 12.903759 37.494579 -1.603889
v 15.804851 33.289879 3.641042
v 12.903763 33.289879 8.885969
v 7.101573 33.289879 8.885970
v 4.200475 33.289871 3.641047
v 7.101571 37.494579 -1.603880
v 7.101571 33.289879 -1.603880
v 12.903759 29.430002 -1.603889
v 12.903749 33.289879 -1.603888
v 15.804851 29.430002 3.641042
v 12.903763 29.430002 8.885969
v 7.101574 29.430002 8.885971
v 4.200475 29.429993 3.641047
v 7.101571 29.430002 -1.603880
v 15.804852 25.704542 3.641043
v 12.903764 25.704542 8.885969
v 7.101574 25.704542 8.885971
v 4.200475 25.704542 3.641048
v 7.101570 25.704542 -1.603879
v 12.903750 25.704542 -1.603888
v 12.903750 22.530952 -1.603889
v 9.575162 113.567093 22.285753
v 13.667378 111.931786 22.149632
v 16.909885 113.269791 18.153101
v 16.553596 112.476494 17.577831
v 13.257048 111.018188 21.487093
v 9.218881 112.773796 21.710482
v 13.605065 115.756592 15.184431
v 17.518826 113.530495 15.526621
v 19.400114 115.440689 11.584000
v 16.744543 118.574593 9.050516
v 13.075165 118.719391 11.426961
v 14.755293 121.001694 6.935668
v 8.332116 120.878700 11.387012
v 4.736788 124.033699 8.959496
v 1.039554 123.666603 11.612154
v 9.723148 117.682999 13.940392
v 1.582023 121.091698 14.970194
v 5.424774 119.354897 15.288835
v 1.453944 119.274200 17.555735
v 1.866403 116.479599 21.010645
v 6.140164 113.995789 21.932142
v 6.496449 114.789093 22.507412
v 2.276738 117.393196 21.673183
v 9.113493 115.787003 17.924183
v 19.810444 116.354294 12.246550
v 17.875105 114.323792 16.101889
v 17.100824 119.367889 9.625795
v 1.810229 120.067497 18.131004
v 1.938310 121.885002 15.545474
v 1.449887 124.580200 12.274704
v 5.093073 124.827003 9.534766
v 8.026994 123.602097 7.516888
v 11.445783 123.550095 5.327884
v 8.383281 124.395401 8.092166
v 11.856112 124.463791 5.990430
v 15.111584 121.794991 7.510938
vt 0.413919 0.176405
vt 0.435495 0.151100
vt 0.340533 0.192388
vt 0.339200 0.180027
vt 0.362940 0.008252
vt 0.223818 0.039063
vt 0.246827 0.188988
vt 0.270442 0.197638
vt 0.802866 -0.662055
vt 0.799205 -0.662055
vt 0.743156 -0.662055
vt 0.743156 -0.662055
vt 0.799205 -0.662055
vt 0.802866 -0.662055
vt 0.799205 -0.596103
vt 0.743156 -0.596817
vt 0.799205 -0.596103
vt 0.802866 -0.584294
vt 0.743156 -0.583400
vt 0.802866 -0.584294
vt 0.274818 -0.294775
vt 0.271312 -0.289592
vt 0.272537 -0.287985
vt 0.268145 -0.288389
vt 0.111868 -0.237702
vt 0.109316 -0.232429
vt 0.115197 -0.227262
vt 0.110456 -0.223348
vt 0.104401 -0.232892
vt 0.089424 -0.244901
vt 0.095828 -0.250382
vt 0.107944 -0.234274
vt 0.094801 -0.252544
vt 0.078160 -0.264106
vt 0.077481 -0.266837
vt 0.055512 -0.274039
vt 0.056331 -0.269969
vt 0.059586 -0.252644
vt 0.036569 -0.269661
vt 0.036569 -0.254929
vt 0.059586 -0.252644
vt 0.056331 -0.269969
vt 0.089424 -0.244901
vt 0.078160 -0.264106
vt 0.055512 -0.274039
vt 0.077481 -0.266837
vt 0.094801 -0.252544
vt 0.095828 -0.250382
vt 0.107944 -0.234274
vt 0.104401 -0.232892
vt 0.110456 -0.223348
vt 0.109316 -0.232429
vt 0.115197 -0.227262
vt 0.111868 -0.237702
vt 0.566655 -0.142374
vt 0.544849 -0.160248
vt 0.546920 -0.160348
vt 0.520917 -0.180202
vt 0.504776 -0.183232
vt 0.487931 -0.194565
vt 0.459489 -0.189939
vt 0.459489 -0.195479
vt 0.487931 -0.194565
vt 0.504776 -0.183232
vt 0.520917 -0.180202
vt 0.544849 -0.160248
vt 0.546920 -0.160348
vt 0.566655 -0.142374
vt 1.166554 -0.918097
vt 1.112724 -0.925723
vt 1.168831 -0.918097
vt 1.112117 -0.925723
vt 1.048024 -0.929762
vt 1.048024 -0.929762
vt 1.112117 -0.925723
vt 1.112724 -0.925723
vt 1.168831 -0.918097
vt 1.166554 -0.918097
vt 1.168831 -0.903917
vt 1.112117 -0.911544
vt 1.048024 -0.915582
vt 1.112117 -0.911544
vt 1.168831 -0.903917
vt 1.166554 -0.903917
vt 1.112724 -0.911544
vt 1.048024 -0.915582
vt 1.112724 -0.911544
vt 1.166554 -0.903917
vt 1.167142 -0.932756
vt 1.167761 -0.932756
vt 1.115023 -0.952521
vt 1.115652 -0.952521
vt 1.048024 -0.959256
vt 1.048024 -0.959256
vt 1.115652 -0.952521
vt 1.115023 -0.952521
vt 1.167761 -0.932756
vt 1.167142 -0.932756
vt 1.167761 -0.947954
vt 1.115652 -0.967719
vt 1.048024 -0.974454
vt 1.115652 -0.967719
vt 1.167761 -0.947954
vt 1.167142 -0.947954
vt 1.115023 -0.967719
vt 1.048024 -0.974454
vt 1.115023 -0.967719
vt 1.167142 -0.947954
vt 0.413919 0.176405
vt 0.340533 0.192388
vt 0.435495 0.151100
vt 0.339200 0.180027
vt 0.246827 0.188988
vt 0.270442 0.197638
vt 0.223818 0.039063
vt 0.362940 0.008252
vt 0.274818 -0.294775
vt 0.272537 -0.287985
vt 0.271312 -0.289592
vt 0.268145 -0.288389
vt 0.875033 0.036876
vt 0.977256 0.036876
vt 0.875033 0.079456
vt 0.977256 0.079456
vt 0.875033 0.036876
vt 0.875033 0.079456
vt -0.919638 -0.717312
vt -0.918247 -0.717227
vt -0.914577 -0.717312
vt -0.912858 -0.717227
vt -0.919638 -0.717312
vt -0.918247 -0.717227
vt -0.919638 -0.723041
vt -0.914577 -0.723041
vt -0.919638 -0.723041
vt -1.069654 1.129854
vt -1.047101 1.129854
vt -1.067301 1.137162
vt -1.044194 1.137162
vt -1.069654 1.129854
vt -1.067301 1.137162
vt -0.945454 -0.823490
vt -0.947033 -0.846149
vt -0.971608 -0.823490
vt -0.972211 -0.846149
vt 1.197186 0.027582
vt 1.198603 0.082789
vt 1.205815 0.027582
vt 1.207567 0.082789
vt 1.203556 0.137498
vt 1.198603 0.129398
vt 1.204820 0.150720
vt 1.203096 0.171044
vt 1.198603 0.155880
vt 1.196316 0.204974
vt 1.202881 0.196556
vt 1.204740 0.204974
vt 1.203955 0.201758
vt 1.197186 0.027582
vt 1.198603 0.082789
vt 1.198603 0.129076
vt 1.201661 0.155880
vt 1.174593 0.027582
vt 1.175134 0.082789
vt 1.175134 0.128866
vt 1.198603 0.155880
vt 1.200743 0.170453
vt 1.199207 0.194860
vt 1.196316 0.204974
vt 1.174260 0.204974
vt 1.175134 0.155880
vt 1.146125 0.155880
vt 1.146999 0.204974
vt -0.963103 -0.724687
vt -0.963103 -0.750872
vt -0.949488 -0.724687
vt -0.949488 -0.750872
vt -0.949488 -0.759256
vt -0.963103 -0.759094
vt -0.963103 -0.773271
vt -0.949488 -0.773271
vt -0.949488 -0.797778
vt -0.963103 -0.797778
vt -0.968303 -0.773271
vt -0.968303 -0.797778
vt -0.963103 -0.797778
vt -0.963103 -0.773271
vt -0.949488 -0.773271
vt -0.949488 -0.759150
vt -0.963103 -0.759051
vt -0.963103 -0.750872
vt -0.949488 -0.750872
vt -0.949488 -0.724687
vt -0.963103 -0.724687
vt -0.949488 -0.797778
vt -0.949488 -0.797778
vt -0.940872 -0.797778
vt -0.940872 -0.797778
vt -0.932660 -0.797778
vt -0.932660 -0.797778
vt -0.919045 -0.797778
vt -0.919045 -0.797778
vt -0.913845 -0.797778
vt -0.913845 -0.797778
vt -0.919045 -0.797778
vt -0.919045 -0.797778
vt -0.932660 -0.797778
vt -0.932660 -0.797778
vt -0.949488 -0.797778
vt -0.963103 -0.797778
vt -0.968303 -0.797778
vt -0.963103 -0.797778
vt 1.533425 0.491243
vt 1.518085 0.433559
vt 1.469359 0.491243
vt 1.484698 0.433559
vt 0.548673 0.079456
vt 0.548673 0.036876
vt 0.653623 0.079456
vt 0.653623 0.036876
vt 0.770082 0.079456
vt 0.770082 0.036876
vt 0.875033 0.079456
vt 0.875033 0.036876
vt 0.977256 0.079456
vt 0.977256 0.036876
vt 0.875033 0.079456
vt 0.875033 0.036876
vt 0.770082 0.079456
vt 0.770082 0.036876
vt 0.653623 0.079456
vt 0.653623 0.036876
vt 0.548673 0.079456
vt 0.548673 0.036876
vt -0.962510 -0.717312
vt -0.963901 -0.717227
vt -0.949262 -0.717312
vt -0.949793 -0.717227
vt -0.932886 -0.717312
vt -0.932355 -0.717227
vt -0.919638 -0.717312
vt -0.918247 -0.717227
vt -0.914577 -0.717312
vt -0.912858 -0.717227
vt -0.919638 -0.717312
vt -0.918247 -0.717227
vt -0.932886 -0.717312
vt -0.932355 -0.717227
vt -0.949262 -0.717312
vt -0.949793 -0.717227
vt -0.962510 -0.717312
vt -0.963901 -0.717227
vt -0.962510 -0.723041
vt -0.949262 -0.723041
vt -0.932886 -0.723041
vt -0.919638 -0.723041
vt -0.914577 -0.723041
vt -0.919638 -0.723041
vt -0.932886 -0.723041
vt -0.949262 -0.723041
vt -0.962510 -0.723041
vt -1.260719 1.129854
vt -1.201677 1.129854
vt -1.263072 1.137162
vt -1.202575 1.137162
vt -1.127798 1.137162
vt -1.128696 1.129854
vt -1.067301 1.137162
vt -1.069654 1.129854
vt -1.044194 1.137162
vt -1.047101 1.129854
vt -1.067301 1.137162
vt -1.069654 1.129854
vt -1.127798 1.137162
vt -1.128696 1.129854
vt -1.202575 1.137162
vt -1.201677 1.129854
vt -1.263072 1.137162
vt -1.260719 1.129854
vt 0.126717 0.620349
vt 0.205527 0.621508
vt 0.119981 0.602326
vt 0.205821 0.455289
vt 0.376449 0.455289
vt 0.372718 0.621508
vt 0.095348 0.620349
vt 0.102084 0.602326
vt 0.019330 0.621508
vt 0.013453 0.455289
vt 0.110401 0.455289
vt 0.110573 0.364356
vt 0.205821 0.364519
vt 0.376449 0.365625
vt 0.376449 0.207821
vt 0.205821 0.207821
vt 0.110874 0.207821
vt 0.204971 0.045286
vt 0.113292 0.045286
vt 0.017094 0.045286
vt 0.013453 0.207821
vt 0.013453 0.363834
vt 0.648526 -0.889829
vt 0.650364 -0.887283
vt 0.649491 -0.889808
vt 0.651723 -0.886716
vt 0.641330 -0.886716
vt 0.642689 -0.887283
vt 0.643562 -0.889808
vt 0.644527 -0.889829
vt -0.844137 0.133223
vt -0.873100 0.032361
vt -0.825155 0.133223
vt -0.796192 0.032361
vt -0.827637 0.136644
vt -0.798332 0.041510
vt -0.841655 0.136644
vt -0.870960 0.041510
vt -1.171427 1.128047
vt -1.158945 1.128047
vt 1.203955 0.201758
vt 1.204740 0.204974
vt 1.202881 0.196556
vt 1.196316 0.204974
vt 1.203096 0.171044
vt 1.198603 0.155880
vt 1.200256 0.132134
vt 1.206281 0.149529
vt 1.204728 0.136971
vt 1.207567 0.082789
vt 1.198603 0.082789
vt 1.198603 0.082789
vt 1.198603 0.129050
vt 1.201661 0.155880
vt 1.198603 0.155880
vt 1.200743 0.170453
vt 1.199207 0.194860
vt 1.196316 0.204974
vt 1.146125 0.128521
vt 1.146125 0.082789
vt 1.161382 0.082789
vt 1.146125 0.082789
vt 1.146537 0.040775
vt 1.146666 0.027582
vt 1.160805 0.027582
vt 1.174731 0.041672
vt 1.175134 0.082789
vt 0.638193 -0.899283
vt 0.635182 -0.899993
vt 0.657871 -0.899993
vt 0.654860 -0.899283
vt 0.649581 -0.890441
vt 0.657996 -0.900183
vt 0.643473 -0.890441
vt 0.634514 -0.901009
vt 0.634646 -0.900807
vt 0.635023 -0.900235
vt 0.745186 0.424260
vt 0.658594 0.423839
vt 0.744656 0.368101
vt 0.658486 0.367478
vt 0.658539 -0.901009
vt 0.658413 -0.900817
vt 0.637671 0.422922
vt 0.468092 0.422922
vt 0.655991 0.399060
vt 0.449773 0.399060
vt 0.452008 0.285607
vt 0.653666 0.281088
vt 0.454973 0.135167
vt 0.650791 0.135167
vt 0.472532 0.113491
vt 0.633231 0.113491
vt -0.806525 0.736118
vt -0.821137 0.730297
vt -0.806206 0.736656
vt -0.821876 0.733186
vt -0.835971 0.718037
vt -0.819129 0.734080
vt -0.830162 0.723799
vt -0.849948 0.677730
vt -0.836828 0.697330
vt -0.802482 0.709624
vt -0.799936 0.734191
vt -0.762574 0.734191
vt -0.760027 0.709624
vt -0.732347 0.723799
vt -0.725680 0.697330
vt -0.712561 0.677730
vt -0.726538 0.718037
vt -0.743597 0.734336
vt -0.740654 0.733210
vt -0.741373 0.730297
vt -0.755013 0.736929
vt -0.754641 0.736380
vt -0.800525 0.739188
vt -0.800399 0.739526
vt -0.784819 0.740846
vt -0.784801 0.741094
vt -0.803699 0.742186
vt -0.797140 0.742620
vt -0.781346 0.744569
vt -0.781331 0.743801
vt -0.765631 0.742559
vt -0.758807 0.742265
vt -0.760794 0.739495
vt -0.777982 0.741187
vt -0.777983 0.740885
vt -0.760713 0.739145
vt -0.461580 0.420749
vt -0.461550 0.440363
vt -0.438601 0.420965
vt -0.438600 0.440843
vt -0.461521 0.424024
vt -0.438599 0.424971
vt -0.371715 0.430006
vt -0.349058 0.416143
vt -0.359875 0.439425
vt -0.340140 0.425499
vt -0.371400 0.425673
vt -0.347602 0.410551
vt -0.528082 0.425938
vt -0.551600 0.409183
vt -0.536318 0.436939
vt -0.556182 0.426281
vt -0.527588 0.430014
vt -0.550350 0.414668
vt -0.806525 0.736118
vt -0.821137 0.730297
vt -0.806206 0.736656
vt -0.821876 0.733186
vt -0.835971 0.718037
vt -0.819129 0.734080
vt -0.830162 0.723799
vt -0.849948 0.677730
vt -0.836828 0.697330
vt -0.802482 0.709624
vt -0.799936 0.734191
vt -0.762574 0.734191
vt -0.760027 0.709624
vt -0.732347 0.723799
vt -0.725680 0.697330
vt -0.712561 0.677730
vt -0.726538 0.718037
vt -0.743597 0.734336
vt -0.740654 0.733210
vt -0.741373 0.730297
vt -0.755013 0.736929
vt -0.754641 0.736380
vt -0.800525 0.739188
vt -0.800399 0.739526
vt -0.784819 0.740846
vt -0.784801 0.741094
vt -0.803699 0.742186
vt -0.797140 0.742620
vt -0.781346 0.744569
vt -0.781331 0.743801
vt -0.765631 0.742559
vt -0.758807 0.742265
vt -0.760794 0.739495
vt -0.777982 0.741187
vt -0.777983 0.740885
vt -0.760713 0.739145
vt -0.461580 0.420749
vt -0.461550 0.440363
vt -0.438601 0.420965
vt -0.438600 0.440843
vt -0.461521 0.424024
vt -0.438599 0.424971
vt -0.371715 0.430006
vt -0.349058 0.416143
vt -0.359875 0.439425
vt -0.340140 0.425499
vt -0.371400 0.425673
vt -0.347602 0.410551
vt -0.528082 0.425938
vt -0.551600 0.409183
vt -0.536318 0.436939
vt -0.556182 0.426281
vt -0.527588 0.430014
vt -0.550350 0.414668
vt 0.637671 0.422922
vt 0.468092 0.422922
vt 0.655991 0.399060
vt 0.449773 0.399060
vt 0.452067 0.282633
vt 0.653683 0.281944
vt 0.454973 0.135167
vt 0.650791 0.135167
vt 0.472532 0.113491
vt 0.633231 0.113491
vt 0.853631 0.111725
vt 0.982788 0.111726
vt 0.824359 0.290201
vt 0.982256 0.290381
vt 0.991444 0.111725
vt 0.994134 0.290381
vt 0.994134 0.290381
vt 0.991444 0.111725
vt 0.982256 0.290381
vt 0.982788 0.111725
vt 0.824359 0.290381
vt 0.852866 0.111725
vt 0.856930 0.111725
vt 0.982788 0.111726
vt 0.824359 0.290201
vt 0.982256 0.290381
vt 0.991444 0.111725
vt 0.994134 0.290381
vt 0.994134 0.290381
vt 0.991444 0.111725
vt 0.982256 0.290381
vt 0.982788 0.111725
vt 0.824359 0.290381
vt 0.851916 0.111725
vt -0.536289 -0.564548
vt -0.546927 -0.572610
vt -0.542864 -0.559566
vt -0.550990 -0.559566
vt -0.557565 -0.564548
vt -0.560076 -0.572610
vt -0.557565 -0.580672
vt -0.550990 -0.585654
vt -0.542864 -0.585654
vt -0.536289 -0.580672
vt -0.533778 -0.572610
vt -0.536289 -0.564548
vt -0.546927 -0.572610
vt -0.542864 -0.559566
vt -0.550990 -0.559566
vt -0.557565 -0.564548
vt -0.560076 -0.572610
vt -0.557565 -0.580672
vt -0.550990 -0.585654
vt -0.542864 -0.585654
vt -0.536289 -0.580672
vt -0.533778 -0.572610
vt 0.239705 -0.323070
vt 0.225757 -0.323070
vt 0.226613 -0.287197
vt 0.239705 -0.323070
vt 0.239068 -0.287197
vt 0.237247 -0.287197
vt 0.237653 -0.323070
vt 0.226613 -0.287197
vt 0.225757 -0.323070
vt 0.237653 -0.323070
vt 0.237247 -0.287197
vt 0.239068 -0.287197
vt 0.226613 -0.260756
vt 0.239055 -0.260746
vt 0.237220 -0.260748
vt 0.226613 -0.260756
vt 0.237220 -0.260748
vt 0.239055 -0.260746
vt 0.388969 -0.152326
vt 0.316907 -0.203201
vt 0.316907 -0.147786
vt 0.388969 -0.152326
vt 0.376947 -0.130795
vt 0.414474 -0.118032
vt 0.399667 -0.103971
vt 0.316907 -0.112871
vt 0.316907 -0.099149
vt 0.399667 -0.103971
vt 0.376947 -0.130795
vt 0.414474 -0.118032
vt 0.237405 -0.238481
vt 0.257383 -0.239316
vt 0.257518 -0.214665
vt 0.264926 -0.214365
vt 0.267110 -0.239786
vt 0.261732 -0.212416
vt 0.261883 -0.239316
vt 0.255532 -0.224317
vt 0.252930 -0.239070
vt 0.232315 -0.241756
vt 0.245813 -0.207748
vt 0.217624 -0.233675
vt 0.217830 -0.206484
vt 0.207522 -0.213708
vt 0.207522 -0.189329
vt 0.217830 -0.206484
vt 0.217624 -0.233675
vt 0.245813 -0.207748
vt 0.232315 -0.241756
vt 0.255532 -0.224317
vt 0.252930 -0.239070
vt 0.261883 -0.239316
vt 0.261732 -0.212416
vt 0.267110 -0.239786
vt 0.264926 -0.214365
vt 0.257383 -0.239316
vt 0.257518 -0.214665
vt 0.237405 -0.238481
vt 0.236688 -0.211497
vt 0.207522 -0.238033
vt 0.207522 -0.210582
vt 0.236688 -0.211497
vt 0.257336 -0.185363
vt 0.262210 -0.187479
vt 0.257253 -0.172121
vt 0.258304 -0.191293
vt 0.257536 -0.212956
vt 0.249553 -0.191714
vt 0.237985 -0.183951
vt 0.217314 -0.183446
vt 0.217126 -0.175053
vt 0.207522 -0.181774
vt 0.217126 -0.175053
vt 0.217314 -0.183446
vt 0.237985 -0.183951
vt 0.249553 -0.191714
vt 0.257536 -0.212956
vt 0.258304 -0.191293
vt 0.257253 -0.172121
vt 0.262210 -0.187479
vt 0.257336 -0.185363
vt 0.234465 -0.178558
vt 0.207522 -0.177538
vt 0.234465 -0.178558
vt 0.256549 -0.165704
vt 0.256703 -0.166740
vt 0.254801 -0.162228
vt 0.234689 -0.153040
vt 0.232423 -0.155710
vt 0.252441 -0.177402
vt 0.251400 -0.183794
vt 0.234550 -0.173509
vt 0.216738 -0.167972
vt 0.207522 -0.173769
vt 0.216738 -0.167972
vt 0.235018 -0.166825
vt 0.234550 -0.173509
vt 0.251400 -0.183794
vt 0.252441 -0.177402
vt 0.232423 -0.155710
vt 0.234689 -0.153040
vt 0.254801 -0.162228
vt 0.256703 -0.166740
vt 0.256549 -0.165704
vt 0.232623 -0.160605
vt 0.207522 -0.158045
vt 0.232623 -0.160605
vt 0.240425 -0.154231
vt 0.256971 -0.142937
vt 0.264789 -0.151484
vt 0.263127 -0.149671
vt 0.239267 -0.152965
vt 0.224768 -0.150815
vt 0.207522 -0.149231
vt 0.207522 -0.151767
vt 0.235018 -0.166825
vt 0.265523 -0.131849
vt 0.268144 -0.133309
vt 0.260094 -0.122605
vt 0.261522 -0.123278
vt 0.251296 -0.121460
vt 0.252247 -0.121131
vt 0.243303 -0.133648
vt 0.244107 -0.132776
vt 0.207522 -0.150413
vt 0.224768 -0.150815
vt 0.263127 -0.149671
vt 0.264789 -0.151484
vt 0.256971 -0.142937
vt 0.240425 -0.154231
vt 0.239267 -0.152965
vt 0.243303 -0.133648
vt 0.244107 -0.132776
vt 0.251296 -0.121460
vt 0.252247 -0.121131
vt 0.261522 -0.123278
vt 0.260094 -0.122605
vt 0.268144 -0.133309
vt 0.265523 -0.131849
vt 0.048437 -0.328557
vt 0.050490 -0.328555
vt 0.090389 -0.321862
vt 0.095055 -0.319453
vt 0.063939 -0.320514
vt 0.036569 -0.328567
vt 0.036569 -0.320524
vt 0.063939 -0.320514
vt 0.050490 -0.328555
vt 0.095055 -0.319453
vt 0.090389 -0.321862
vt 0.048437 -0.328557
vt 0.036569 -0.322584
vt 0.036569 -0.328567
vt 0.077343 -0.305966
vt 0.113719 -0.283006
vt 0.124400 -0.281064
vt 0.125980 -0.279037
vt 0.108327 -0.298061
vt 0.092909 -0.289371
vt 0.077597 -0.301494
vt 0.057223 -0.304233
vt 0.036569 -0.304233
vt 0.057223 -0.304233
vt 0.077597 -0.301494
vt 0.092909 -0.289371
vt 0.108327 -0.298061
vt 0.125980 -0.279037
vt 0.124400 -0.281064
vt 0.113719 -0.283006
vt 0.077343 -0.305966
vt 0.036569 -0.306132
vt 0.036569 -0.263225
vt 0.084050 -0.262908
vt 0.118015 -0.215559
vt 0.128534 -0.214057
vt 0.130004 -0.212299
vt 0.120236 -0.254296
vt 0.110119 -0.263968
vt 0.095637 -0.261413
vt 0.079843 -0.279731
vt 0.059023 -0.290835
vt 0.036569 -0.291841
vt 0.059023 -0.290835
vt 0.079843 -0.279731
vt 0.095637 -0.261413
vt 0.110119 -0.263968
vt 0.120236 -0.254296
vt 0.130004 -0.212299
vt 0.128534 -0.214057
vt 0.118015 -0.215559
vt 0.084050 -0.262908
vt 0.121416 -0.211582
vt 0.093772 -0.256002
vt 0.078244 -0.272830
vt 0.058112 -0.282773
vt 0.036569 -0.284106
vt 0.058112 -0.282773
vt 0.078244 -0.272830
vt 0.093772 -0.256002
vt 0.121416 -0.211582
vt 0.118128 -0.190734
vt 0.119194 -0.193157
vt 0.110200 -0.194578
vt 0.083824 -0.217050
vt 0.036569 -0.216809
vt 0.083824 -0.217050
vt 0.110200 -0.194578
vt 0.119194 -0.193157
vt 0.118128 -0.190734
vt 0.110049 -0.204837
vt 0.089958 -0.230126
vt 0.060025 -0.234728
vt 0.036569 -0.236022
vt 0.060025 -0.234728
vt 0.089958 -0.230126
vt 0.110049 -0.204837
vt 0.104342 -0.190770
vt 0.098167 -0.176535
vt 0.104016 -0.177075
vt 0.094155 -0.176535
vt 0.070005 -0.175577
vt 0.078468 -0.195661
vt 0.036569 -0.195888
vt 0.078468 -0.195661
vt 0.070005 -0.175577
vt 0.094155 -0.176535
vt 0.104016 -0.177075
vt 0.098167 -0.176535
vt 0.104342 -0.190770
vt 0.087802 -0.210139
vt 0.056638 -0.211880
vt 0.036569 -0.175062
vt 0.087377 -0.176253
vt 0.081430 -0.190366
vt 0.063741 -0.195606
vt 0.058852 -0.175989
vt 0.051479 -0.181033
vt 0.059617 -0.188933
vt 0.036569 -0.186645
vt 0.036569 -0.179993
vt 0.050725 -0.180232
vt 0.059617 -0.188933
vt 0.081430 -0.190366
vt 0.063741 -0.195606
vt 0.087802 -0.210139
vt 0.056638 -0.211880
vt 0.087377 -0.176253
vt 0.058852 -0.175989
vt 0.047940 -0.173702
vt 0.036569 -0.172789
vt 0.036569 -0.147127
vt 0.047940 -0.173702
vt 0.544092 -0.147135
vt 0.545376 -0.156180
vt 0.507273 -0.165820
vt 0.522063 -0.171046
vt 0.491835 -0.182154
vt 0.459489 -0.173882
vt 0.459489 -0.184646
vt 0.491835 -0.182154
vt 0.507273 -0.165820
vt 0.522063 -0.171046
vt 0.545376 -0.156180
vt 0.544092 -0.147135
vt 0.543655 -0.140516
vt 0.541438 -0.096614
vt 0.508439 -0.123157
vt 0.543240 -0.156919
vt 0.505205 -0.178269
vt 0.459489 -0.123157
vt 0.459489 -0.185995
vt 0.505205 -0.178269
vt 0.508439 -0.123157
vt 0.543240 -0.156919
vt 0.541438 -0.096614
vt 0.543655 -0.140516
vt 0.504567 -0.066359
vt 0.497983 -0.074231
vt 0.506829 -0.158702
vt 0.459489 -0.079226
vt 0.459489 -0.165931
vt 0.506829 -0.158702
vt 0.497983 -0.074231
vt 0.504567 -0.066359
vt 0.480365 -0.070680
vt 0.459489 -0.071462
vt 0.480365 -0.070680
vt 0.364243 -0.257245
vt 0.405489 -0.252120
vt 0.398232 -0.292787
vt 0.393496 -0.292787
vt 0.394270 -0.261454
vt 0.328667 -0.292787
vt 0.328667 -0.267376
vt 0.394270 -0.261454
vt 0.393496 -0.292787
vt 0.405489 -0.252120
vt 0.398232 -0.292787
vt 0.364243 -0.257245
vt 0.364243 -0.293576
vt 0.328667 -0.294584
vt 0.328667 -0.258171
vt 0.364243 -0.293576
vt 0.373758 -0.320524
vt 0.369976 -0.325498
vt 0.328667 -0.332433
vt 0.369976 -0.325498
vt 0.373758 -0.320524
vt 0.328667 -0.326439
vt 0.236465 0.662228
vt 0.228216 0.662228
vt 0.228216 0.685239
vt 0.219967 0.662228
vt 0.218749 0.685239
vt 0.219348 0.662228
vt 0.218532 0.685241
vt 0.228216 0.685238
vt 0.228216 0.662228
vt 0.237084 0.662228
vt 0.237901 0.685241
vt 0.237684 0.685239
vt 0.228216 0.710388
vt 0.217680 0.710400
vt 0.217619 0.710396
vt 0.228216 0.710401
vt 0.238814 0.710396
vt 0.238753 0.710400
vt 0.240216 0.742558
vt 0.228216 0.742575
vt 0.216217 0.742558
vt 0.214176 0.742556
vt 0.228216 0.742601
vt 0.238178 0.742567
vt 0.242257 0.742556
vt 0.255454 0.779340
vt 0.245264 0.770363
vt 0.236569 0.773639
vt 0.234039 0.756395
vt 0.224267 0.754591
vt 0.216382 0.760151
vt 0.213039 0.779336
vt 0.208470 0.779338
vt 0.228216 0.779340
vt 0.248125 0.779338
vt 0.264040 0.811694
vt 0.258200 0.806199
vt 0.256898 0.796090
vt 0.241644 0.790381
vt 0.234629 0.790345
vt 0.223046 0.811139
vt 0.225045 0.777300
vt 0.225706 0.780010
vt 0.225582 0.774108
vt 0.217975 0.771413
vt 0.217576 0.776079
vt 0.210283 0.813812
vt 0.208190 0.815146
vt 0.196366 0.815138
vt 0.193897 0.813277
vt 0.201992 0.813297
vt 0.228216 0.813307
vt 0.254441 0.813297
vt 0.256198 0.851684
vt 0.271416 0.851676
vt 0.266162 0.850385
vt 0.242941 0.806075
vt 0.258066 0.819427
vt 0.257623 0.810709
vt 0.251731 0.809743
vt 0.239473 0.803202
vt 0.218617 0.839289
vt 0.250093 0.817665
vt 0.256296 0.888147
vt 0.228216 0.888614
vt 0.228216 0.928773
vt 0.255757 0.925298
vt 0.269684 0.924548
vt 0.273331 0.889597
vt 0.268761 0.890613
vt 0.247686 0.894257
vt 0.248482 0.850141
vt 0.231848 0.851193
vt 0.229544 0.846579
vt 0.222948 0.863868
vt 0.215275 0.866804
vt 0.208571 0.841893
vt 0.207732 0.843200
vt 0.190271 0.847815
vt 0.185681 0.850282
vt 0.200235 0.854473
vt 0.228216 0.854464
vt 0.200136 0.888147
vt 0.200675 0.925298
vt 0.228216 0.958211
vt 0.249668 0.951868
vt 0.252722 0.953168
vt 0.264900 0.928149
vt 0.246034 0.934219
vt 0.228216 0.936100
vt 0.228216 0.894698
vt 0.228216 0.960299
vt 0.203711 0.953168
vt 0.210399 0.934219
vt 0.208746 0.894257
vt 0.218053 0.848736
vt 0.224294 0.868317
vt 0.206765 0.951868
vt 0.186748 0.924548
vt 0.191532 0.928149
vt 0.187671 0.890613
vt 0.209964 0.865584
vt 0.215144 0.871448
vt 0.209816 0.860346
vt 0.183102 0.889597
vt 0.443093 0.508764
vt 0.450355 0.457712
vt 0.487794 0.508009
vt 0.487794 0.459859
vt 0.443093 0.468522
vt 0.487794 0.469238
vt 0.487794 0.526663
vt 0.443093 0.526663
vt 0.487794 0.591008
vt 0.443093 0.591114
vt 0.487794 0.614051
vt 0.450355 0.615646
vt 0.487794 0.591008
vt 0.443093 0.591114
vt 0.560959 0.590378
vt 0.560959 0.507901
vt 0.560959 0.461491
vt 0.560959 0.470074
vt 0.560959 0.526663
vt 0.560959 0.590378
vt 0.560959 0.612642
vt 0.633416 0.611957
vt 0.633416 0.589862
vt 0.633416 0.508025
vt 0.633416 0.462212
vt 0.633416 0.470821
vt 0.633416 0.526663
vt 0.633416 0.589862
vt 0.679598 0.588551
vt 0.679598 0.610251
vt 0.679598 0.588551
vt 0.679598 0.508530
vt 0.679598 0.463947
vt 0.679598 0.472321
vt 0.679598 0.526663
vt 0.744951 0.586476
vt 0.744951 0.607460
vt 0.744951 0.586476
vt 0.744951 0.509356
vt 0.744951 0.466746
vt 0.744951 0.474625
vt 0.744951 0.526663
vt 0.805972 0.583972
vt 0.805972 0.604099
vt 0.805972 0.583972
vt 0.805972 0.510363
vt 0.805972 0.470088
vt 0.805972 0.477461
vt 0.805972 0.526663
vt 0.841261 0.582068
vt 0.841261 0.601544
vt 0.841261 0.582068
vt 0.841261 0.511041
vt 0.841261 0.472623
vt 0.841261 0.479575
vt 0.841261 0.526663
vt 0.844963 0.512637
vt 0.844963 0.481238
vt 0.908069 0.517936
vt 0.908145 0.506004
vt 0.908069 0.511236
vt 0.844963 0.484550
vt 0.883995 0.487212
vt 0.885964 0.496321
vt 0.853176 0.507437
vt 0.844963 0.526663
vt 0.861191 0.529773
vt 0.844963 0.577587
vt 0.903137 0.585027
vt 0.844963 0.595569
vt 0.908145 0.605610
vt 0.908069 0.585027
vt 0.844963 0.577587
vt 0.906783 0.557708
vt 0.931808 0.562163
vt 0.935268 0.534536
vt 0.933821 0.522772
vt 0.932058 0.530487
vt 0.903723 0.541107
vt 0.907476 0.529925
vt 0.908282 0.507011
vt 0.934827 0.503178
vt 0.910540 0.481767
vt 0.910540 0.492836
vt 0.910540 0.504943
vt 0.889006 0.510389
vt 0.930449 0.585179
vt 0.930210 0.601164
vt 0.931763 0.585178
vt 0.934021 0.526092
vt 0.934488 0.512842
vt 0.938436 0.493954
vt 0.938389 0.502799
vt 0.938330 0.513995
vt 0.931774 0.553370
vt 0.942818 0.558198
vt 0.942710 0.585248
vt 0.942973 0.598592
vt 0.942710 0.585248
vt 0.942818 0.564123
vt 0.942937 0.539217
vt 0.943200 0.528897
vt 0.942937 0.539217
vt 0.981439 0.559099
vt 0.972902 0.578227
vt 0.982607 0.582271
vt 0.972903 0.578227
vt 0.981439 0.559099
vt 0.972903 0.539971
vt 0.982607 0.535927
vt 0.972902 0.539971
vt 0.994934 0.559099
vt 0.769572 0.125823
vt 0.917517 0.125823
vt 0.791752 0.137510
vt 0.909664 0.137510
vt 0.956533 0.125823
vt 0.944428 0.137510
vt 0.925514 0.137510
vt 0.931171 0.125823
vt 0.813645 0.137510
vt 0.813645 0.125823
vt 0.710464 0.125823
vt 0.719543 0.137510
vt 0.681832 0.125823
vt 0.692931 0.137510
vt -0.350682 0.122452
vt -0.347324 0.122452
vt -0.341890 0.118149
vt -0.341890 0.118149
vt -0.339815 0.111186
vt -0.340852 0.107704
vt -0.341890 0.104222
vt -0.347324 0.099919
vt -0.350682 0.099919
vt -0.354040 0.099919
vt -0.360511 0.107704
vt -0.359473 0.104222
vt -0.361549 0.111186
vt -0.359473 0.118149
vt -0.359473 0.118149
vt -0.354040 0.122452
vt 0.450355 0.457712
vt 0.443093 0.508764
vt 0.487794 0.508009
vt 0.487794 0.591008
vt 0.443093 0.591114
vt 0.450355 0.615646
vt 0.487794 0.614051
vt 0.443093 0.591114
vt 0.487794 0.591008
vt 0.443093 0.526663
vt 0.487794 0.526663
vt 0.443093 0.468522
vt 0.487794 0.469238
vt 0.487794 0.459859
vt 0.560959 0.507901
vt 0.560959 0.590378
vt 0.560959 0.612642
vt 0.560959 0.590378
vt 0.560959 0.526663
vt 0.560959 0.470074
vt 0.560959 0.461491
vt 0.633416 0.462212
vt 0.633416 0.508025
vt 0.633416 0.589862
vt 0.633416 0.611957
vt 0.633416 0.589862
vt 0.633416 0.526663
vt 0.633416 0.470821
vt 0.679598 0.472321
vt 0.679598 0.463947
vt 0.679598 0.508530
vt 0.679598 0.588551
vt 0.679598 0.610251
vt 0.679598 0.588551
vt 0.679598 0.526663
vt 0.744951 0.526663
vt 0.744951 0.474625
vt 0.744951 0.466746
vt 0.744951 0.509356
vt 0.744951 0.586476
vt 0.744951 0.607460
vt 0.744951 0.586476
vt 0.805972 0.526663
vt 0.805972 0.477461
vt 0.805972 0.470088
vt 0.805972 0.510363
vt 0.805972 0.583972
vt 0.805972 0.604099
vt 0.805972 0.583972
vt 0.841261 0.582068
vt 0.841261 0.526663
vt 0.841261 0.479575
vt 0.841261 0.472623
vt 0.841261 0.511041
vt 0.841261 0.582068
vt 0.841261 0.601544
vt 0.844963 0.481238
vt 0.844963 0.512637
vt 0.908069 0.517936
vt 0.906783 0.557708
vt 0.844963 0.577587
vt 0.908069 0.585027
vt 0.844963 0.595569
vt 0.908145 0.605610
vt 0.903137 0.585027
vt 0.844963 0.577587
vt 0.861191 0.529773
vt 0.844963 0.526663
vt 0.853176 0.507437
vt 0.844963 0.484550
vt 0.885964 0.496321
vt 0.883995 0.487212
vt 0.908069 0.511236
vt 0.908145 0.506004
vt 0.935268 0.534536
vt 0.931808 0.562163
vt 0.931763 0.585178
vt 0.930210 0.601164
vt 0.930449 0.585179
vt 0.903723 0.541107
vt 0.889006 0.510389
vt 0.910540 0.504943
vt 0.910540 0.492836
vt 0.910540 0.481767
vt 0.934827 0.503178
vt 0.908282 0.507011
vt 0.907476 0.529925
vt 0.932058 0.530487
vt 0.933821 0.522772
vt 0.942937 0.539217
vt 0.942818 0.564123
vt 0.942710 0.585248
vt 0.942973 0.598592
vt 0.942710 0.585248
vt 0.942818 0.558198
vt 0.931774 0.553370
vt 0.942937 0.539217
vt 0.943200 0.528897
vt 0.972903 0.539971
vt 0.981439 0.559099
vt 0.972903 0.578227
vt 0.982607 0.582271
vt 0.972902 0.578227
vt 0.981439 0.559099
vt 0.972902 0.539971
vt 0.982607 0.535927
vt 0.994934 0.559099
vt 0.934021 0.526092
vt 0.938330 0.513995
vt 0.938389 0.502799
vt 0.938436 0.493954
vt 0.934488 0.512842
vt 0.917517 0.125823
vt 0.769572 0.125823
vt 0.791752 0.137510
vt 0.692931 0.137510
vt 0.681832 0.125823
vt 0.719543 0.137510
vt 0.710464 0.125823
vt 0.813645 0.137510
vt 0.813645 0.125823
vt 0.931171 0.125823
vt 0.925514 0.137510
vt 0.956533 0.125823
vt 0.944428 0.137510
vt 0.909664 0.137510
vt 0.690040 0.111725
vt 0.683621 0.262768
vt 0.667038 0.111725
vt 0.671552 0.251539
vt 0.684009 0.292218
vt 0.738430 0.295570
vt 0.754286 0.274330
vt 0.822522 0.306111
vt 0.854993 0.400428
vt 0.912889 0.400428
vt 0.973377 0.400428
vt 0.987941 0.402327
vt 0.987937 0.402327
vt 0.973377 0.400428
vt 0.912740 0.400428
vt 0.854996 0.400428
vt 0.822522 0.306111
vt 0.738808 0.295833
vt 0.754270 0.274329
vt 0.690040 0.111725
vt 0.683621 0.262768
vt 0.667038 0.111725
vt 0.671552 0.251539
vt 0.910127 0.419487
vt 0.964301 0.419487
vt 0.964301 0.419487
vt 0.910127 0.419487
vt 0.683987 0.291620
vt 0.727379 0.306932
vt 0.727379 0.306932
vt 0.829902 0.402327
vt 0.829902 0.402327
vt 0.856733 0.419487
vt 0.856733 0.419487
vt 0.167257 -0.887287
vt 0.190165 -0.911301
vt 0.190165 -0.887287
vt 0.201618 -0.887287
vt 0.201618 -0.911301
vt 0.190165 -0.934971
vt 0.167257 -0.911301
vt 0.155803 -0.911301
vt 0.155803 -0.887287
vt 0.167257 -0.887287
vt 0.167257 -0.911301
vt 0.190165 -0.911301
vt 0.190165 -0.887287
vt 0.167257 -0.934971
vt 0.167257 -0.956034
vt 0.155803 -0.956034
vt 0.155803 -0.934971
vt 0.167257 -0.934971
vt 0.190165 -0.934971
vt 0.201618 -0.934971
vt 0.201618 -0.956034
vt 0.190165 -0.956034
vt 0.167257 -0.968363
vt 0.155803 -0.966343
vt 0.167257 -0.965820
vt 0.167257 -0.956034
vt 0.190165 -0.956034
vt 0.201618 -0.966960
vt 0.190165 -0.965423
vt 0.167257 -0.977884
vt 0.155803 -0.977884
vt 0.167257 -0.977884
vt 0.190165 -0.977884
vt 0.190165 -0.965820
vt 0.201618 -0.977884
vt 0.190165 -0.977884
vt -0.838113 -0.937704
vt -0.842895 -0.934290
vt -0.824358 -0.928183
vt -0.837380 -0.918886
vt -0.853475 -0.918886
vt -0.848805 -0.934290
vt -0.866497 -0.928183
vt -0.853587 -0.937704
vt -0.871471 -0.943229
vt -0.855413 -0.943229
vt -0.853587 -0.948753
vt -0.866497 -0.958274
vt -0.848805 -0.952167
vt -0.853475 -0.967573
vt -0.837380 -0.967573
vt -0.842895 -0.952167
vt -0.824358 -0.958274
vt -0.838113 -0.948753
vt -0.819384 -0.943229
vt -0.836287 -0.943229
vt -0.803682 -0.943229
vt -0.811392 -0.919906
vt -0.831578 -0.905493
vt -0.856528 -0.905493
vt -0.876713 -0.919906
vt -0.884424 -0.943229
vt -0.876713 -0.966550
vt -0.856528 -0.980965
vt -0.831578 -0.980965
vt -0.811392 -0.966550
vt -0.827753 -0.902797
vt -0.806125 -0.918241
vt -0.829541 -0.915112
vt -0.848131 -0.915112
vt -0.854486 -0.902797
vt -0.876114 -0.918241
vt -0.884375 -0.943229
vt -0.876114 -0.968217
vt -0.854486 -0.983661
vt -0.827753 -0.983661
vt -0.806125 -0.968217
vt -0.797864 -0.943229
vt -0.814501 -0.925852
vt -0.833837 -0.930169
vt -0.842471 -0.930169
vt -0.849457 -0.935157
vt -0.863170 -0.925852
vt -0.868915 -0.943229
vt -0.863170 -0.960606
vt -0.848131 -0.971345
vt -0.829541 -0.971345
vt -0.814501 -0.960606
vt -0.808756 -0.943229
vt -0.826852 -0.935157
vt -0.837954 -0.943229
vt -0.852125 -0.943229
vt -0.849457 -0.951300
vt -0.842471 -0.956288
vt -0.833837 -0.956288
vt -0.826852 -0.951300
vt -0.824184 -0.943229
vt 0.065864 0.204159
vt 0.055226 0.196097
vt 0.059289 0.209141
vt 0.051163 0.209141
vt 0.044588 0.204159
vt 0.042077 0.196097
vt 0.044588 0.188035
vt 0.051163 0.183052
vt 0.059289 0.183052
vt 0.065864 0.188035
vt 0.068375 0.196097
vt -0.838113 -0.937704
vt -0.842895 -0.934290
vt -0.824358 -0.928183
vt -0.837380 -0.918886
vt -0.853475 -0.918886
vt -0.848805 -0.934290
vt -0.866497 -0.928183
vt -0.853587 -0.937704
vt -0.871471 -0.943229
vt -0.855413 -0.943229
vt -0.853587 -0.948753
vt -0.866497 -0.958274
vt -0.848805 -0.952167
vt -0.853475 -0.967573
vt -0.837380 -0.967573
vt -0.842895 -0.952167
vt -0.824358 -0.958274
vt -0.838113 -0.948753
vt -0.819384 -0.943229
vt -0.836287 -0.943229
vt -0.803682 -0.943229
vt -0.811392 -0.919906
vt -0.831578 -0.905493
vt -0.856528 -0.905493
vt -0.876713 -0.919906
vt -0.884424 -0.943229
vt -0.876713 -0.966550
vt -0.856528 -0.980965
vt -0.831578 -0.980965
vt -0.811392 -0.966550
vt -0.806125 -0.918241
vt -0.827753 -0.902797
vt -0.854486 -0.902797
vt -0.876114 -0.918241
vt -0.884375 -0.943229
vt -0.876114 -0.968217
vt -0.854486 -0.983661
vt -0.827753 -0.983661
vt -0.806125 -0.968217
vt -0.797864 -0.943229
vt -0.814501 -0.925852
vt -0.829541 -0.915112
vt -0.848131 -0.915112
vt -0.863170 -0.925852
vt -0.868915 -0.943229
vt -0.863170 -0.960606
vt -0.848131 -0.971345
vt -0.829541 -0.971345
vt -0.814501 -0.960606
vt -0.808756 -0.943229
vt -0.826852 -0.935157
vt -0.833837 -0.930169
vt -0.842471 -0.930169
vt -0.849457 -0.935157
vt -0.852125 -0.943229
vt -0.849457 -0.951300
vt -0.842471 -0.956288
vt -0.833837 -0.956288
vt -0.826852 -0.951300
vt -0.824184 -0.943229
vt -0.837954 -0.943229
vt 0.065864 0.204159
vt 0.055226 0.196097
vt 0.059289 0.209141
vt 0.051163 0.209141
vt 0.044588 0.204159
vt 0.042077 0.196097
vt 0.044588 0.188035
vt 0.051163 0.183052
vt 0.059289 0.183052
vt 0.065864 0.188035
vt 0.068375 0.196097
vt 1.232954 0.958228
vt 1.255455 0.939932
vt 1.251088 0.915338
vt 1.264050 0.912317
vt 1.254893 0.888559
vt 1.243718 0.880732
vt 1.245646 0.875262
vt 1.245175 0.872590
vt 1.233753 0.868528
vt 1.234494 0.866936
vt 1.218952 0.864603
vt 1.218988 0.866789
vt 1.204344 0.868344
vt 1.204458 0.867039
vt 1.192921 0.872590
vt 1.192436 0.875213
vt 1.183202 0.888559
vt 1.194235 0.880216
vt 1.187008 0.915338
vt 1.174046 0.912317
vt 1.182640 0.939932
vt 1.205141 0.958228
vt 1.206810 0.931422
vt 1.231286 0.931422
vt 1.227389 0.900403
vt 1.240882 0.889896
vt 1.229283 0.873757
vt 1.219048 0.881744
vt 1.218997 0.873000
vt 1.208641 0.874006
vt 1.210711 0.900403
vt 1.197218 0.889896
vt 1.232954 0.958228
vt 1.251088 0.915338
vt 1.255455 0.939932
vt 1.264050 0.912317
vt 1.254893 0.888559
vt 1.243718 0.880732
vt 1.245646 0.875262
vt 1.245175 0.872590
vt 1.233753 0.868528
vt 1.234494 0.866936
vt 1.218952 0.864603
vt 1.218988 0.866789
vt 1.204344 0.868344
vt 1.204458 0.867039
vt 1.192921 0.872590
vt 1.192436 0.875213
vt 1.183202 0.888559
vt 1.194235 0.880216
vt 1.187008 0.915338
vt 1.174046 0.912317
vt 1.182640 0.939932
vt 1.205141 0.958228
vt 1.206810 0.931422
vt 1.231286 0.931422
vt 1.227389 0.900403
vt 1.240882 0.889896
vt 1.229283 0.873757
vt 1.219048 0.881744
vt 1.218997 0.873000
vt 1.208641 0.874006
vt 1.210711 0.900403
vt 1.197218 0.889896
vt -0.747925 0.740330
vt -0.768522 0.746781
vt -0.774775 0.746199
vt -0.787734 0.746199
vt -0.793980 0.746781
vt -0.814577 0.740330
vt -0.747925 0.740330
vt -0.768522 0.746781
vt -0.774775 0.746199
vt -0.787734 0.746199
vt -0.793980 0.746781
vt -0.814577 0.740330
vt 0.690040 0.111725
vt 0.683621 0.262768
vt 0.667038 0.111725
vt 0.671552 0.251539
vt 0.684009 0.292218
vt 0.738430 0.295570
vt 0.754286 0.274330
vt 0.822522 0.306111
vt 0.854993 0.400428
vt 0.912889 0.400428
vt 0.973377 0.400428
vt 0.987941 0.402327
vt 0.987937 0.402327
vt 0.973377 0.400428
vt 0.912740 0.400428
vt 0.854996 0.400428
vt 0.822522 0.306111
vt 0.738808 0.295833
vt 0.754270 0.274329
vt 0.690040 0.111725
vt 0.683621 0.262768
vt 0.667038 0.111725
vt 0.671552 0.251539
vt 0.910127 0.419487
vt 0.964301 0.419487
vt 0.964301 0.419487
vt 0.910127 0.419487
vt 0.683987 0.291620
vt 0.727379 0.306932
vt 0.727379 0.306932
vt 0.829902 0.402327
vt 0.829902 0.402327
vt 0.856733 0.419487
vt 0.856733 0.419487
vt 0.190165 -0.887287
vt 0.167257 -0.887287
vt 0.167257 -0.911301
vt 0.155803 -0.911301
vt 0.155803 -0.887287
vt 0.167257 -0.911301
vt 0.167257 -0.887287
vt 0.190165 -0.911301
vt 0.190165 -0.887287
vt 0.201618 -0.911301
vt 0.201618 -0.887287
vt 0.190165 -0.911301
vt 0.167257 -0.934971
vt 0.155803 -0.934971
vt 0.167257 -0.934971
vt 0.190165 -0.934971
vt 0.201618 -0.934971
vt 0.190165 -0.934971
vt 0.167257 -0.956034
vt 0.155803 -0.956034
vt 0.167257 -0.956034
vt 0.190165 -0.956034
vt 0.201618 -0.956034
vt 0.190165 -0.956034
vt 0.167257 -0.968363
vt 0.155803 -0.966343
vt 0.167257 -0.965820
vt 0.190165 -0.965820
vt 0.201618 -0.966960
vt 0.190165 -0.965423
vt 0.167257 -0.977884
vt 0.155803 -0.977884
vt 0.167257 -0.977884
vt 0.190165 -0.977884
vt 0.201618 -0.977884
vt 0.190165 -0.977884
vt 0.926070 0.919008
vt 0.988767 0.869523
vt 0.988767 0.869523
vt 0.974047 0.774790
vt 0.974047 0.774790
vt 0.806996 0.802637
vt 0.926070 0.919008
vt 0.857090 0.864936
vt 0.882894 0.773605
vt 0.954575 0.734068
vt 0.918754 0.655815
vt 0.831267 0.649585
vt 0.810045 0.725518
vt 0.762906 0.642025
vt 0.683042 0.657327
vt 0.663990 0.728021
vt 0.732622 0.779653
vt 0.635434 0.786782
vt 0.622176 0.868011
vt 0.687212 0.909875
vt 0.752328 0.869472
vt 0.729368 0.948647
vt 0.796324 0.994043
vt 0.880050 0.957719
vt 0.880050 0.957719
vt 0.796324 0.994043
vt 0.918754 0.655815
vt 0.954575 0.734068
vt 0.831267 0.649585
vt 0.729368 0.948647
vt 0.687212 0.909875
vt 0.622176 0.868011
vt 0.635434 0.786782
vt 0.663990 0.728021
vt 0.683042 0.657327
vt 0.762906 0.642025
vt 0.791156 0.332713
vt 0.652828 0.354629
vt 0.652671 0.315167
vt 0.426398 0.549849
vt 0.542302 0.581851
vt 0.451545 0.492185
vt 0.426553 0.581850
vt 0.451545 0.499704
vt 0.542302 0.581850
vt 0.791156 0.332713
vt 0.652726 0.314976
vt 0.652926 0.354348
vn -0.8528 0.2678 0.4483
vn -0.6293 -0.1533 0.7619
vn -0.4578 0.4842 0.7456
vn -0.1382 0.0280 0.9900
vn -0.6913 0.4386 0.5742
vn 0.2596 0.8360 0.4835
vn 0.2720 0.3362 0.9017
vn 0.1504 0.9579 0.2445
vn -0.8706 -0.4323 0.2350
vn -0.2909 -0.6382 -0.7128
vn -0.0000 -0.7216 0.6923
vn 0.0000 -0.7073 -0.7069
vn 0.2909 -0.6382 -0.7128
vn 0.8706 -0.4323 0.2350
vn -0.4023 -0.5517 -0.7306
vn 0.0000 -0.0800 -0.9968
vn 0.4105 -0.5325 -0.7402
vn -0.4470 -0.3034 0.8415
vn -0.0000 -0.2677 0.9635
vn 0.4472 -0.3026 0.8417
vn -0.4472 0.3769 0.8111
vn 0.1384 -0.3112 0.9402
vn -0.5147 -0.4425 0.7343
vn -0.6950 -0.4141 0.5878
vn -0.7300 -0.1474 0.6674
vn -0.7279 -0.4222 0.5402
vn -0.6181 -0.3541 0.7018
vn -0.7147 -0.4906 0.4986
vn 0.0038 -0.9596 -0.2814
vn -0.4197 -0.7755 0.4716
vn 0.2744 -0.7525 -0.5987
vn -0.3065 -0.2782 0.9103
vn -0.0000 -0.3353 0.9421
vn 0.3067 -0.2783 0.9102
vn 0.6182 -0.3534 0.7021
vn 0.4224 -0.7740 0.4716
vn -0.2923 -0.7357 -0.6111
vn -0.0019 -0.9595 -0.2817
vn 0.7155 -0.4894 0.4985
vn -0.1362 -0.3074 0.9418
vn 0.6947 -0.4136 0.5885
vn 0.7274 -0.4225 0.5407
vn 0.5147 -0.4425 0.7343
vn 0.7300 -0.1474 0.6674
vn 0.4475 0.3625 0.8175
vn -0.1308 -0.5393 -0.8319
vn -0.1411 -0.9855 0.0947
vn 0.0346 -0.9892 0.1422
vn -0.3372 -0.6555 -0.6757
vn 0.3953 -0.6577 -0.6412
vn -0.2707 -0.3547 -0.8949
vn 0.2041 -0.7142 -0.6695
vn -0.6219 -0.6561 0.4276
vn -0.2280 -0.7074 0.6691
vn -0.0000 -0.8979 -0.4403
vn -0.0000 -0.7103 0.7039
vn 0.3002 -0.6016 0.7402
vn -0.2766 -0.6081 -0.7441
vn 0.5585 -0.8093 0.1820
vn 0.5508 -0.4292 -0.7158
vn 0.0958 -0.8494 -0.5189
vn 0.3038 -0.5758 -0.7591
vn 0.0242 -0.3815 -0.9240
vn -0.2341 -0.7030 -0.6716
vn -0.2441 -0.7228 -0.6465
vn -0.1245 0.6786 -0.7239
vn -0.6628 0.7178 0.2133
vn 0.4216 0.6363 -0.6460
vn -0.1505 0.8161 0.5579
vn -0.0000 0.6080 -0.7940
vn 0.0000 0.5845 0.8114
vn 0.1505 0.8161 0.5579
vn -0.4216 0.6363 -0.6460
vn 0.6628 0.7178 0.2133
vn 0.1245 0.6786 -0.7238
vn -0.1862 0.9060 0.3803
vn 0.4001 0.9122 -0.0884
vn 0.0000 0.8604 -0.5096
vn -0.4151 0.9020 -0.1186
vn 0.2060 0.9090 0.3624
vn 0.3576 0.8592 -0.3659
vn 0.3141 0.6056 -0.7311
vn -0.0001 0.6305 -0.7762
vn -0.3143 0.6044 -0.7321
vn -0.3467 0.8599 -0.3747
vn 0.8528 0.2678 0.4483
vn 0.4577 0.4842 0.7457
vn 0.6293 -0.1533 0.7619
vn 0.1382 0.0280 0.9900
vn -0.2720 0.3362 0.9017
vn -0.1504 0.9579 0.2445
vn -0.2596 0.8360 0.4835
vn 0.6914 0.4387 0.5741
vn 0.5853 -0.6910 0.4242
vn 0.8435 -0.5359 0.0350
vn 0.6963 0.5284 0.4857
vn 0.7842 0.6146 -0.0849
vn 0.7018 -0.4667 -0.5381
vn 0.5425 0.7266 -0.4216
vn -0.3029 0.9350 -0.1845
vn -0.7208 0.6928 0.0213
vn -0.3992 0.8107 0.4284
vn -0.7162 0.4652 -0.5203
vn -0.5357 0.8444 -0.0000
vn -0.7119 0.5716 0.4079
vn 0.8288 -0.2256 0.5121
vn 0.9105 -0.4126 0.0278
vn 0.8011 -0.2831 -0.5273
vn -0.8379 -0.0544 0.5431
vn -0.7880 -0.2220 0.5743
vn -0.3597 -0.0661 0.9307
vn -0.3489 -0.2255 0.9096
vn -0.9760 -0.2176 0.0021
vn -0.9955 -0.0692 -0.0644
vn -0.9869 -0.1603 -0.0178
vn -0.8465 -0.0806 0.5262
vn -0.5888 -0.6027 0.5385
vn -0.6468 0.0588 0.7604
vn -0.7065 0.0619 0.7050
vn -0.7845 -0.3573 0.5069
vn -0.6378 0.5714 0.5164
vn -0.9321 -0.3600 0.0390
vn -0.5393 0.8175 -0.2020
vn -0.7910 -0.2217 -0.5702
vn -0.7797 -0.0670 -0.6225
vn -0.8052 -0.1385 -0.5765
vn -0.5576 -0.6569 -0.5075
vn -0.2697 -0.2681 -0.9249
vn -0.2371 -0.0131 -0.9714
vn -0.3543 -0.0024 -0.9351
vn -0.6456 -0.0118 -0.7636
vn -0.1980 -0.1853 -0.9625
vn -0.5191 0.4216 -0.7435
vn -0.8131 -0.2668 -0.5174
vn -0.3050 -0.4139 -0.8577
vn -0.2462 0.0589 -0.9674
vn 0.2462 0.0740 -0.9664
vn 0.3021 -0.5886 -0.7498
vn 0.6376 -0.0125 -0.7703
vn 0.3544 0.0047 -0.9351
vn 0.8012 -0.1478 -0.5799
vn 0.7799 -0.0668 -0.6224
vn 0.2071 -0.0139 -0.9782
vn 0.3084 -0.2572 -0.9158
vn 0.8124 -0.2387 -0.5320
vn 0.9965 -0.0759 0.0358
vn 0.9687 -0.2406 0.0617
vn 0.7665 -0.2026 0.6094
vn 0.7787 -0.0515 0.6252
vn 0.4085 -0.0752 0.9096
vn 0.4099 -0.0080 0.9121
vn 0.8802 -0.0761 0.4685
vn 0.7106 0.0463 0.7021
vn 0.2699 0.0714 0.9602
vn 0.3362 -0.3763 0.8634
vn 0.3002 -0.2042 0.9318
vn 0.2663 -0.6694 0.6935
vn -0.0025 -0.2587 0.9659
vn -0.0012 -0.8893 0.4573
vn -0.1883 -0.7339 0.6526
vn -0.6008 -0.5852 0.5446
vn -0.4767 -0.8775 0.0517
vn -0.4888 -0.8262 -0.2800
vn -0.2754 -0.7403 -0.6133
vn 0.2598 -0.5414 -0.7996
vn 0.3572 -0.8973 -0.2595
vn 0.4114 -0.9104 -0.0445
vn 0.7030 -0.5859 0.4031
vn -0.4270 0.4504 0.7841
vn -0.3523 0.3910 0.8503
vn 0.4173 0.3354 0.8446
vn 0.3522 0.3957 0.8482
vn 0.2880 0.6162 -0.7330
vn 0.2061 -0.4365 -0.8758
vn -0.1980 0.6162 -0.7623
vn -0.2921 -0.5485 -0.7835
vn -0.6082 0.6162 -0.5004
vn -0.6992 -0.5443 -0.4636
vn -0.7862 0.6162 -0.0473
vn -0.8476 -0.5295 0.0343
vn -0.6638 0.6162 0.4238
vn -0.6695 -0.5237 0.5269
vn -0.2879 0.6162 0.7331
vn -0.1690 -0.6536 0.7377
vn 0.1980 0.6162 0.7623
vn 0.2926 -0.5429 0.7872
vn -0.0711 0.8107 0.5812
vn 0.2841 0.8107 0.5120
vn 0.5308 0.8107 0.2472
vn 0.5747 0.8107 -0.1120
vn 0.3991 0.8107 -0.4284
vn 0.0710 0.8107 -0.5812
vn -0.2842 0.8107 -0.5119
vn -0.2832 0.7226 0.6306
vn 0.1416 0.7226 0.6766
vn 0.6080 0.5717 0.5509
vn 0.6872 0.7226 0.0744
vn 0.7118 0.5717 -0.4080
vn 0.2832 0.7226 -0.6306
vn -0.1416 0.7226 -0.6766
vn -0.3263 -0.2515 0.9112
vn -0.2579 -0.2200 0.9408
vn -0.6366 0.1803 0.7499
vn -0.2707 0.0716 0.9600
vn 0.1942 -0.1823 0.9639
vn 0.5528 0.1924 0.8108
vn -0.0006 0.0833 0.9965
vn -0.0160 0.0075 0.9998
vn -0.4417 0.0003 0.8972
vn 0.0132 -0.0739 0.9972
vn 0.8009 -0.2911 -0.5232
vn -0.7904 -0.6053 0.0942
vn 0.0006 0.3923 0.9198
vn -0.0008 0.3926 0.9197
vn 0.5703 0.7880 -0.2320
vn 0.6491 0.5429 0.5330
vn 0.6443 0.0646 0.7620
vn 0.5938 -0.6078 0.5272
vn 0.9767 -0.1959 -0.0873
vn 0.5442 -0.6711 -0.5035
vn 0.1878 -0.1859 -0.9645
vn 0.5038 0.4185 -0.7557
vn -0.0000 0.6089 -0.7932
vn 0.6103 0.5914 -0.5271
vn 0.7349 -0.3963 -0.5504
vn 0.0000 -0.6868 -0.7269
vn -0.7349 -0.3963 -0.5504
vn -0.6103 0.5914 -0.5271
vn 0.4410 -0.0561 0.8957
vn -0.3771 0.2667 0.8869
vn -0.8627 0.4265 0.2716
vn -0.4893 -0.7851 0.3797
vn 0.8611 0.4276 0.2750
vn 0.4883 -0.7843 0.3828
vn 0.8089 -0.4992 0.3104
vn -0.8086 -0.5005 0.3092
vn -0.5408 -0.3392 -0.7698
vn 0.3720 -0.4818 -0.7934
vn -0.5663 -0.8123 -0.1399
vn 0.7964 -0.5689 -0.2050
vn 0.7037 -0.7091 -0.0450
vn -0.6986 -0.7145 -0.0375
vn 0.6533 -0.7446 0.1371
vn -0.6604 -0.7406 0.1239
vn 0.4454 -0.6282 0.6380
vn -0.4411 -0.3349 0.8327
vn 0.5193 -0.0112 0.8545
vn 0.4792 0.3013 0.8244
vn 0.7154 0.6098 0.3411
vn 0.6057 0.5677 0.5575
vn 0.8965 0.4211 0.1376
vn 0.6061 0.7953 -0.0058
vn 0.7849 0.5527 -0.2799
vn 0.9598 0.2443 -0.1383
vn 0.8263 0.3856 -0.4105
vn 0.3090 0.5954 -0.7417
vn 0.2627 0.8258 -0.4990
vn -0.2643 0.7798 -0.5675
vn -0.4096 0.5719 -0.7107
vn -0.7865 0.5541 -0.2728
vn -0.8270 0.3851 -0.4096
vn -0.9585 0.2333 -0.1637
vn -0.8663 0.4919 0.0865
vn -0.6011 0.7992 -0.0056
vn -0.6242 0.6617 0.4154
vn -0.5371 0.3779 0.7541
vn -0.7171 0.6768 0.1664
vn -0.5284 -0.0348 0.8483
vn -0.2161 0.1600 0.9632
vn -0.0611 0.5570 0.8283
vn 0.3659 0.1269 0.9220
vn 0.3826 0.6988 0.6044
vn 0.2783 0.8450 0.4567
vn 0.2311 0.9683 0.0952
vn -0.0016 0.9606 0.2779
vn -0.0010 0.9709 0.2395
vn -0.2371 0.9673 0.0904
vn -0.2836 0.8857 0.3677
vn 0.0646 0.6219 0.7805
vn -0.3996 0.8487 0.3464
vn -0.2829 0.0861 0.9553
vn 0.2262 0.1746 0.9583
vn 0.9899 0.1419 0.0055
vn -0.9969 0.0779 0.0126
vn 0.6290 0.4296 0.6479
vn -0.9442 -0.2136 -0.2506
vn -0.6370 0.4043 0.6563
vn 0.9699 -0.1757 -0.1688
vn 0.8963 0.4214 0.1377
vn 0.7848 0.5530 -0.2799
vn 0.9595 0.2453 -0.1385
vn 0.8259 0.3858 -0.4110
vn 0.3090 0.5954 -0.7416
vn -0.7857 0.5551 -0.2729
vn -0.8254 0.3862 -0.4117
vn -0.9573 0.2374 -0.1648
vn -0.8656 0.4931 0.0872
vn -0.2160 0.1600 0.9632
vn -0.0610 0.5570 0.8283
vn 0.2783 0.8450 0.4566
vn -0.0016 0.9606 0.2778
vn 0.0647 0.6219 0.7805
vn -0.9969 0.0778 0.0126
vn 0.6290 0.4295 0.6480
vn -0.6370 0.4043 0.6564
vn -0.5662 -0.8123 -0.1398
vn 0.7965 -0.5687 -0.2053
vn 0.7039 -0.7088 -0.0451
vn -0.6985 -0.7146 -0.0375
vn 0.6533 -0.7445 0.1373
vn -0.6604 -0.7407 0.1238
vn 0.9773 0.2067 0.0467
vn 0.9285 0.0322 -0.3698
vn 0.5064 0.0410 -0.8613
vn -0.3696 0.0596 -0.9273
vn -0.9282 0.0517 -0.3684
vn -0.9753 0.2157 0.0482
vn 0.9758 0.2143 0.0432
vn 0.9283 0.0442 -0.3691
vn 0.4321 0.0637 -0.8996
vn -0.4236 0.0402 -0.9050
vn -0.9285 0.0397 -0.3691
vn -0.9768 0.2081 0.0495
vn -0.9738 0.1892 -0.1258
vn -0.0000 0.0000 1.0000
vn -0.6938 0.7198 -0.0203
vn 0.6915 0.7221 -0.0201
vn 0.9734 0.1915 -0.1260
vn 0.9904 0.0000 -0.1384
vn 0.9739 -0.1889 -0.1261
vn 0.6938 -0.7199 -0.0203
vn -0.6916 -0.7220 -0.0202
vn -0.9734 -0.1911 -0.1260
vn -0.9904 0.0000 -0.1384
vn -0.9739 0.1891 -0.1257
vn 0.6915 0.7221 -0.0202
vn 0.9734 0.1913 -0.1260
vn 0.9738 -0.1891 -0.1261
vn 0.6939 -0.7198 -0.0204
vn -0.6915 -0.7221 -0.0202
vn -0.9734 -0.1913 -0.1260
vn -0.5606 0.7673 0.3114
vn -0.0000 0.8665 0.4992
vn 0.0000 0.0256 0.9997
vn 0.5606 0.7673 0.3114
vn 0.8324 0.0299 0.5534
vn 0.9436 0.0433 -0.3283
vn 0.3844 0.8516 -0.3564
vn 0.0000 0.0414 -0.9991
vn -0.0000 0.8675 -0.4975
vn -0.3844 0.8516 -0.3564
vn -0.9436 0.0433 -0.3283
vn -0.8324 0.0299 0.5534
vn -0.0000 -0.6606 0.7508
vn 0.6510 -0.7188 0.2438
vn 0.5430 -0.6747 -0.4999
vn 0.0000 -0.6651 -0.7468
vn -0.5430 -0.6747 -0.4999
vn -0.6510 -0.7188 0.2438
vn -0.3487 0.1070 0.9311
vn -0.0000 -0.0900 0.9959
vn -0.0000 0.0606 0.9982
vn 0.3487 0.1070 0.9311
vn 0.3017 0.3529 0.8857
vn 0.4288 0.4522 0.7821
vn 0.2305 0.7623 0.6047
vn -0.0000 0.6395 0.7688
vn 0.0002 0.8490 0.5283
vn -0.2310 0.7615 0.6056
vn -0.3017 0.3529 0.8857
vn -0.4288 0.4522 0.7821
vn -0.3688 0.5489 -0.7502
vn -0.7677 0.5448 -0.3374
vn -0.8024 0.0301 -0.5961
vn -0.9946 0.0543 -0.0879
vn -0.8436 0.5364 0.0259
vn -0.9841 0.0637 0.1658
vn -0.8247 0.4740 0.3086
vn -0.6558 0.0322 0.7542
vn -0.5390 0.5586 0.6305
vn -0.2107 0.6201 0.7557
vn -0.1117 0.1170 0.9868
vn -0.0453 0.5152 0.8559
vn -0.0099 0.0871 0.9962
vn 0.0005 0.1303 0.9915
vn 0.0013 0.0148 0.9999
vn 0.0108 0.0873 0.9961
vn 0.0453 0.5160 0.8554
vn 0.1139 0.1174 0.9865
vn 0.2099 0.6203 0.7558
vn 0.6553 0.0353 0.7545
vn 0.5383 0.5603 0.6295
vn 0.8237 0.4753 0.3091
vn 0.9840 0.0640 0.1663
vn 0.8438 0.5360 0.0259
vn 0.9946 0.0548 -0.0884
vn 0.7678 0.5442 -0.3381
vn 0.8019 0.0299 -0.5967
vn 0.3688 0.5489 -0.7502
vn 0.3524 0.0898 -0.9315
vn -0.0000 0.3736 -0.9276
vn 0.0000 0.1023 -0.9948
vn -0.3524 0.0898 -0.9315
vn -0.8563 0.1587 -0.4915
vn -0.9720 0.2347 0.0100
vn -0.7702 0.6214 0.1435
vn -0.9234 0.2628 0.2797
vn -0.6182 0.0610 0.7837
vn -0.0442 -0.1113 0.9928
vn -0.0181 -0.1213 0.9925
vn -0.1104 -0.0423 0.9930
vn -0.0240 0.2476 0.9686
vn 0.0032 0.2627 0.9649
vn 0.0105 0.2887 0.9573
vn 0.1081 -0.0296 0.9937
vn 0.0250 -0.1069 0.9940
vn 0.0557 -0.1023 0.9932
vn 0.6210 0.0632 0.7813
vn 0.9237 0.2645 0.2771
vn 0.7727 0.6199 0.1365
vn 0.9718 0.2357 0.0101
vn 0.8561 0.1593 -0.4916
vn 0.3316 0.2643 -0.9057
vn -0.0000 0.3498 -0.9368
vn -0.3316 0.2643 -0.9057
vn -0.5535 0.2183 -0.8037
vn -0.9788 -0.2015 0.0365
vn -0.2574 0.9624 0.0869
vn -0.2431 0.9395 0.2415
vn -0.6336 0.5772 0.5152
vn -0.3011 0.1914 0.9342
vn -0.0281 0.0950 0.9951
vn -0.0223 0.7530 0.6577
vn -0.0080 0.6474 0.7621
vn 0.0224 0.7998 0.5999
vn 0.1670 0.6758 0.7179
vn 0.0511 0.0206 0.9985
vn 0.3046 0.1945 0.9324
vn 0.6347 0.5774 0.5136
vn 0.2422 0.9414 0.2347
vn 0.2596 0.9625 0.0789
vn 0.9788 -0.2015 0.0365
vn 0.5535 0.2183 -0.8037
vn 0.2363 0.7457 -0.6230
vn 0.0000 0.8421 -0.5393
vn -0.2363 0.7457 -0.6230
vn 0.2065 0.7326 -0.6485
vn 0.1238 0.1127 -0.9859
vn -0.8383 -0.2223 -0.4978
vn -0.1266 0.9811 -0.1462
vn -0.0032 0.9987 0.0509
vn -0.0134 0.9368 0.3496
vn -0.2029 0.6941 0.6907
vn -0.8651 0.4823 -0.1375
vn -0.2709 0.7254 -0.6328
vn 0.2777 0.7546 -0.5944
vn 0.7452 0.5330 -0.4007
vn -0.0000 0.9833 -0.1822
vn 0.1266 0.9811 -0.1462
vn 0.8383 -0.2223 -0.4978
vn -0.1238 0.1127 -0.9859
vn -0.2065 0.7326 -0.6485
vn -0.7452 0.5330 -0.4007
vn -0.2777 0.7546 -0.5944
vn 0.2709 0.7254 -0.6328
vn 0.8651 0.4823 -0.1375
vn -0.3672 -0.9158 -0.1628
vn -0.4446 -0.8916 0.0853
vn -0.2307 -0.9080 0.3499
vn 0.0001 -0.8931 0.4499
vn 0.2298 -0.9073 0.3521
vn 0.4446 -0.8916 0.0853
vn 0.3672 -0.9158 -0.1628
vn 0.0000 -0.9517 -0.3069
vn -0.2587 -0.7029 -0.6626
vn -0.7507 -0.4054 -0.5216
vn -0.8100 -0.5710 -0.1339
vn -0.9004 -0.4298 0.0673
vn -0.6686 -0.6483 0.3642
vn -0.5773 -0.4065 0.7082
vn -0.3415 -0.5812 0.7387
vn -0.1078 -0.7156 0.6902
vn 0.0000 -0.7121 0.7020
vn 0.1079 -0.7149 0.6909
vn 0.3387 -0.5795 0.7412
vn 0.5745 -0.4018 0.7131
vn 0.6662 -0.6453 0.3739
vn 0.9004 -0.4298 0.0673
vn 0.8100 -0.5710 -0.1339
vn 0.7507 -0.4054 -0.5216
vn 0.2587 -0.7029 -0.6626
vn -0.0000 -0.7164 -0.6977
vn -0.0000 -0.2006 -0.9797
vn -0.4182 -0.1810 -0.8901
vn -0.7763 0.2214 -0.5902
vn -0.9795 0.0557 -0.1934
vn -0.9781 0.1900 0.0846
vn -0.8314 0.0125 0.5556
vn -0.6122 0.3056 0.7293
vn -0.5140 0.4293 0.7427
vn -0.4169 0.2235 0.8811
vn -0.2024 -0.0031 0.9793
vn -0.0000 -0.2382 0.9712
vn 0.2024 -0.0031 0.9793
vn 0.4292 0.1670 0.8877
vn 0.5288 0.3936 0.7519
vn 0.6026 0.2968 0.7408
vn 0.8278 0.0144 0.5609
vn 0.9781 0.1900 0.0846
vn 0.9795 0.0557 -0.1934
vn 0.7763 0.2214 -0.5902
vn 0.4182 -0.1810 -0.8901
vn -0.8735 0.2228 0.4328
vn 0.3549 0.8768 -0.3244
vn 0.0368 0.9493 0.3121
vn 0.0664 0.9976 0.0179
vn -0.0000 0.8204 0.5718
vn -0.0701 0.9962 0.0526
vn 0.0207 0.9240 0.3819
vn -0.3345 0.8673 -0.3685
vn 0.8735 0.2228 0.4328
vn 0.6857 0.7124 0.1495
vn 0.7313 0.6669 -0.1432
vn 0.4963 0.7282 -0.4727
vn 0.3291 0.3490 -0.8774
vn -0.0000 0.4659 -0.8849
vn -0.3290 0.3493 -0.8774
vn -0.4963 0.7282 -0.4727
vn -0.7313 0.6669 -0.1432
vn -0.6857 0.7124 0.1495
vn -0.7897 0.2898 0.5408
vn -0.6130 -0.0528 0.7884
vn -0.3465 0.0003 0.9381
vn 0.3465 0.0003 0.9381
vn 0.6130 -0.0533 0.7883
vn 0.7897 0.2898 0.5408
vn 0.5568 0.7076 0.4350
vn 0.2064 0.7194 -0.6632
vn -0.0000 0.7482 -0.6634
vn -0.2064 0.7194 -0.6632
vn -0.5568 0.7076 0.4350
vn -0.5177 0.3609 0.7757
vn -0.3719 0.7384 0.5626
vn -0.1437 0.9068 0.3962
vn 0.0001 0.9262 0.3771
vn 0.1426 0.9075 0.3952
vn 0.3710 0.7389 0.5624
vn 0.5177 0.3609 0.7757
vn -0.0004 0.8248 0.5655
vn -0.7189 0.2885 0.6324
vn -0.2921 -0.8466 0.4449
vn 0.0204 -0.9530 0.3022
vn 0.2802 -0.8592 0.4282
vn 0.7180 0.2812 0.6367
vn -0.4788 0.0256 0.8775
vn 0.3343 0.6146 0.7145
vn -0.0003 0.9695 -0.2452
vn -0.3387 0.6227 0.7053
vn 0.4788 0.0256 0.8775
vn 0.2261 0.6488 0.7266
vn 0.0000 0.4632 0.8863
vn -0.2261 0.6488 0.7266
vn -0.8434 0.5075 0.1762
vn -0.6478 -0.6449 0.4055
vn -0.0000 -0.9405 0.3399
vn 0.6453 -0.6436 0.4116
vn 0.8383 0.5111 0.1898
vn 0.1255 0.9868 -0.1027
vn -0.0000 0.9963 -0.0865
vn -0.1252 0.9865 -0.1056
vn -0.5077 0.7756 0.3751
vn -0.5661 -0.0499 0.8228
vn 0.0001 -0.5522 0.8337
vn 0.5559 -0.0454 0.8300
vn 0.4999 0.7750 0.3866
vn 0.0000 0.8742 0.4855
vn 0.0000 0.9860 0.1670
vn 0.8172 0.5594 0.1386
vn 0.8913 -0.4517 0.0385
vn -0.0000 -0.9990 0.0457
vn -0.8913 -0.4517 0.0385
vn -0.8172 0.5594 0.1386
vn -0.0650 0.9624 0.2638
vn 0.8359 0.5173 0.1834
vn 0.8950 -0.4451 0.0285
vn -0.0454 -0.9990 -0.0007
vn -0.8816 -0.4680 0.0621
vn -0.9228 0.3562 0.1466
vn -0.6996 0.6133 0.3667
vn 0.0296 0.8524 0.5221
vn 0.8793 0.3916 0.2712
vn 0.8243 -0.5629 0.0607
vn 0.2514 -0.9670 -0.0422
vn -0.5617 -0.8272 0.0137
vn -0.9612 -0.2231 0.1619
vn -0.9475 0.0645 0.3133
vn -0.5331 0.6459 0.5464
vn -0.3363 0.9088 0.2469
vn -0.5165 0.7362 0.4374
vn 0.2317 0.7558 0.6124
vn 0.9199 0.3726 0.1223
vn 0.8305 0.4840 0.2756
vn 0.9198 -0.2976 0.2559
vn 0.0517 -0.9982 0.0298
vn -0.7808 -0.6110 0.1307
vn -0.9631 -0.1355 0.2325
vn -0.9710 0.2236 0.0850
vn -0.8364 0.3471 0.4242
vn -0.0230 0.8042 0.5939
vn 0.4943 0.8289 0.2620
vn 0.0544 0.9017 0.4289
vn 0.6514 0.7071 -0.2751
vn -0.0104 0.4307 -0.9024
vn -0.4078 0.9096 0.0800
vn 0.6152 0.7882 -0.0148
vn 0.7462 0.0023 -0.6657
vn 0.6471 0.6419 0.4115
vn 0.8749 0.4087 0.2600
vn 0.8888 0.2812 0.3619
vn 0.9249 -0.2623 0.2751
vn 0.5454 -0.8161 0.1910
vn -0.0000 -0.9893 0.1460
vn -0.5725 -0.7984 0.1865
vn -0.6865 -0.6616 0.3017
vn -0.9896 0.0227 0.1419
vn -0.6698 0.7266 0.1529
vn -0.1634 0.9506 -0.2638
vn -0.4908 0.3908 -0.7787
vn -0.7920 0.5351 0.2940
vn -0.1541 0.9748 0.1613
vn 0.7626 0.6396 -0.0968
vn -0.0152 0.9717 0.2356
vn 0.4498 0.5849 -0.6750
vn -0.7533 -0.6477 0.1139
vn 0.0055 -0.9511 0.3089
vn 0.0000 -0.9760 -0.2176
vn -0.5617 -0.7134 -0.4191
vn -0.9333 -0.1590 -0.3221
vn -0.9991 -0.0056 -0.0410
vn -0.8169 0.5622 -0.1292
vn -0.2971 0.9473 -0.1197
vn -0.2426 0.9587 0.1484
vn -0.4558 0.8828 -0.1133
vn -0.6659 0.7384 -0.1064
vn -0.5264 0.7567 -0.3877
vn 0.2074 0.9235 -0.3228
vn 0.8212 0.5604 0.1072
vn 0.8762 0.4817 0.0178
vn 0.8553 0.4643 0.2298
vn 0.9712 -0.1327 0.1980
vn 0.6412 -0.7016 0.3108
vn 0.0093 -0.9431 0.3325
vn 0.6835 -0.7160 0.1420
vn 0.6541 -0.6672 -0.3564
vn -0.0000 -0.5129 -0.8584
vn -0.5268 -0.2619 -0.8086
vn -0.5408 0.3704 -0.7552
vn -0.8443 0.4007 -0.3558
vn -0.4145 0.8020 -0.4302
vn -0.0000 0.8581 -0.5136
vn -0.0002 0.9939 -0.1106
vn -0.0000 0.2177 -0.9760
vn 0.5408 0.3704 -0.7552
vn 0.4145 0.8020 -0.4302
vn 0.2656 0.9593 -0.0959
vn 0.0948 -0.8434 -0.5289
vn -0.5569 -0.3485 -0.7540
vn 0.5268 -0.2619 -0.8086
vn 0.9202 -0.1283 -0.3699
vn 0.8512 0.3933 -0.3475
vn 0.7548 0.6495 -0.0917
vn 0.6527 -0.5540 -0.5167
vn 0.2422 0.1594 -0.9570
vn 0.8719 0.4209 -0.2503
vn 0.9975 -0.0657 -0.0269
vn -0.0197 -0.3163 -0.9485
vn -0.0287 -0.9705 -0.2394
vn -0.0200 -0.7100 0.7039
vn -0.0376 -0.0732 0.9966
vn -0.0271 0.5608 0.8275
vn -0.0182 0.9894 0.1442
vn 0.0018 0.6634 -0.7483
vn -0.0186 0.6044 -0.7964
vn -0.0066 -0.3910 -0.9204
vn -0.0163 -0.9741 -0.2255
vn -0.0236 -0.8584 0.5124
vn -0.0174 -0.1162 0.9931
vn -0.0182 0.6378 0.7699
vn -0.0207 0.9996 -0.0197
vn -0.0103 0.9962 -0.0870
vn -0.0068 0.5210 -0.8535
vn -0.0031 -0.3153 -0.9490
vn -0.0066 -0.9497 -0.3132
vn -0.0224 -0.7374 0.6751
vn -0.0233 -0.0741 0.9970
vn -0.0219 0.5816 0.8132
vn -0.0170 0.7554 0.6551
vn -0.0101 0.9932 -0.1158
vn -0.0102 0.5440 -0.8390
vn -0.0090 -0.4140 -0.9102
vn -0.0061 -0.9490 -0.3151
vn -0.0150 -0.7920 0.6103
vn -0.0236 -0.0313 0.9992
vn -0.0273 0.6327 0.7739
vn -0.0231 0.9994 -0.0245
vn -0.0217 0.6014 -0.7987
vn -0.0176 -0.3111 -0.9502
vn -0.0189 -0.9477 -0.3187
vn -0.0234 -0.7918 0.6104
vn -0.0254 -0.0761 0.9968
vn -0.0253 0.6300 0.7762
vn -0.0261 0.9993 -0.0254
vn -0.0249 0.5997 -0.7998
vn -0.0186 -0.3097 -0.9507
vn -0.0218 -0.9466 -0.3216
vn -0.0249 -0.7927 0.6091
vn -0.0217 -0.0778 0.9967
vn -0.5997 0.4457 0.6646
vn -0.4906 0.8670 0.0878
vn -0.6255 0.5628 -0.5404
vn -0.6357 -0.1057 -0.7646
vn -0.6431 -0.6830 -0.3462
vn -0.6389 -0.6903 0.3396
vn -0.6471 -0.1071 0.7548
vn -0.6339 -0.2734 -0.7235
vn -0.6961 -0.7085 -0.1160
vn -0.2192 -0.6473 -0.7300
vn -0.4075 -0.9090 -0.0878
vn -0.6537 -0.7508 -0.0943
vn -0.4661 -0.7908 0.3967
vn -0.0699 -0.9554 -0.2869
vn 0.4030 -0.4716 0.7844
vn 0.5113 -0.1240 0.8504
vn -0.0987 -0.0222 0.9949
vn 0.1909 0.2950 0.9362
vn -0.4897 0.4555 0.7435
vn 0.0471 0.6836 0.7283
vn -0.5579 0.8297 -0.0203
vn 0.0484 0.9988 -0.0110
vn 0.1168 0.7012 -0.7033
vn -0.5256 0.4276 -0.7354
vn 0.1076 0.1087 -0.9882
vn -0.0848 0.1078 -0.9905
vn -0.3273 -0.7239 -0.6073
vn -0.3305 -0.9429 -0.0426
vn -0.2350 -0.8044 0.5456
vn -0.2604 0.2150 0.9413
vn -0.5584 0.8180 -0.1378
vn -0.5506 0.0075 -0.8348
vn -0.4470 -0.3454 -0.8252
vn -0.2215 -0.9632 -0.1521
vn 0.0786 -0.6355 0.7681
vn 0.1741 0.2304 0.9574
vn 0.1746 0.4433 0.8792
vn -0.0260 0.6511 0.7585
vn -0.1076 0.9942 -0.0083
vn -0.0355 0.7906 -0.6113
vn -0.4415 0.8224 0.3589
vn -0.7222 0.3964 -0.5668
vn -0.7456 -0.5321 -0.4011
vn -0.8887 -0.3459 0.3008
vn -0.4387 0.1833 0.8797
vn -0.1135 -0.1668 0.9794
vn -0.2596 -0.0618 0.9637
vn -0.2904 0.7411 0.6053
vn -0.3844 0.9231 -0.0092
vn -0.2652 0.7148 -0.6471
vn -0.3079 0.0055 -0.9514
vn -0.2211 -0.7950 -0.5648
vn -0.1127 -0.9936 -0.0045
vn -0.1753 -0.8092 0.5607
vn -0.5987 -0.3011 0.7422
vn -0.6493 0.5668 0.5071
vn -0.7827 0.6222 -0.0135
vn -0.6503 0.5739 -0.4977
vn -0.6001 -0.2590 -0.7568
vn -0.3309 -0.8628 -0.3822
vn -0.3828 -0.9237 -0.0146
vn -0.3466 -0.8705 0.3495
vn -0.9688 -0.2473 -0.0152
vn 0.0197 -0.3163 -0.9484
vn 0.0002 0.6626 -0.7490
vn 0.0226 0.9891 0.1455
vn 0.0243 0.5049 0.8629
vn 0.0443 -0.1346 0.9899
vn 0.0200 -0.7100 0.7039
vn 0.0287 -0.9705 -0.2394
vn 0.0066 -0.3910 -0.9204
vn 0.0186 0.6044 -0.7964
vn 0.0207 0.9996 -0.0197
vn 0.0204 0.6371 0.7705
vn 0.0149 -0.1156 0.9932
vn 0.0239 -0.8584 0.5124
vn 0.0163 -0.9741 -0.2255
vn 0.0066 -0.9497 -0.3132
vn 0.0031 -0.3153 -0.9490
vn 0.0050 0.6038 -0.7971
vn 0.0113 0.9997 -0.0205
vn 0.0229 0.6386 0.7692
vn 0.0241 -0.0122 0.9996
vn 0.0226 -0.7374 0.6751
vn 0.0132 -0.7921 0.6103
vn 0.0050 -0.9490 -0.3152
vn 0.0084 -0.4141 -0.9102
vn 0.0118 0.4617 -0.8870
vn 0.0082 0.9845 -0.1751
vn 0.0153 0.7554 0.6551
vn 0.0226 -0.0313 0.9993
vn 0.0250 -0.1744 0.9844
vn 0.0227 -0.8599 0.5100
vn 0.0206 -0.9245 -0.3807
vn 0.0190 -0.1369 -0.9904
vn 0.0234 0.7234 -0.6900
vn 0.0238 0.9909 0.1321
vn 0.0275 0.4949 0.8685
vn 0.0238 0.0218 0.9995
vn 0.0287 -0.7366 0.6757
vn 0.0241 -0.9720 -0.2338
vn 0.0214 -0.4739 -0.8803
vn 0.0255 0.4607 -0.8872
vn 0.0303 0.9831 -0.1804
vn 0.0288 0.7503 0.6605
vn 0.5997 0.4457 0.6646
vn 0.6471 -0.1071 0.7548
vn 0.6389 -0.6903 0.3396
vn 0.6431 -0.6830 -0.3462
vn 0.6358 -0.1057 -0.7646
vn 0.6255 0.5628 -0.5404
vn 0.4906 0.8670 0.0878
vn 0.6961 -0.7085 -0.1160
vn 0.6339 -0.2735 -0.7235
vn 0.2192 -0.6473 -0.7300
vn -0.1076 0.1087 -0.9882
vn 0.5256 0.4277 -0.7354
vn -0.1164 0.7019 -0.7027
vn 0.5614 0.8272 -0.0256
vn -0.0525 0.9983 -0.0234
vn -0.0402 0.6932 0.7197
vn 0.4897 0.4555 0.7435
vn -0.1909 0.2950 0.9362
vn 0.0987 -0.0222 0.9949
vn -0.5113 -0.1241 0.8504
vn 0.4661 -0.7908 0.3967
vn -0.4030 -0.4716 0.7844
vn 0.0699 -0.9554 -0.2869
vn 0.6537 -0.7508 -0.0943
vn 0.4075 -0.9090 -0.0878
vn 0.3273 -0.7239 -0.6073
vn 0.0849 0.1078 -0.9905
vn 0.0339 0.7911 -0.6108
vn 0.0962 0.9953 -0.0090
vn 0.0169 0.6558 0.7547
vn 0.2604 0.2150 0.9413
vn -0.1746 0.4433 0.8792
vn -0.1741 0.2304 0.9574
vn -0.0786 -0.6355 0.7681
vn 0.2215 -0.9632 -0.1521
vn 0.4470 -0.3454 -0.8252
vn 0.5506 0.0075 -0.8347
vn 0.5585 0.8180 -0.1378
vn 0.2350 -0.8044 0.5456
vn 0.3305 -0.9429 -0.0426
vn 0.2211 -0.7950 -0.5648
vn 0.3079 0.0055 -0.9514
vn 0.2652 0.7148 -0.6471
vn 0.3844 0.9231 -0.0092
vn 0.2904 0.7411 0.6053
vn 0.2596 -0.0618 0.9637
vn 0.1135 -0.1668 0.9794
vn 0.1753 -0.8092 0.5607
vn 0.1127 -0.9936 -0.0045
vn 0.3309 -0.8628 -0.3822
vn 0.6001 -0.2590 -0.7568
vn 0.6503 0.5739 -0.4977
vn 0.7827 0.6222 -0.0135
vn 0.6493 0.5668 0.5071
vn 0.5987 -0.3011 0.7422
vn 0.3466 -0.8705 0.3495
vn 0.3828 -0.9237 -0.0146
vn 0.9688 -0.2474 -0.0151
vn 0.4415 0.8224 0.3589
vn 0.4387 0.1833 0.8797
vn 0.8887 -0.3460 0.3008
vn 0.7456 -0.5321 -0.4011
vn 0.7222 0.3964 -0.5668
vn 0.9098 0.1700 0.3787
vn 0.3242 0.1651 0.9315
vn 0.3410 0.7509 0.5656
vn 0.7798 0.6260 0.0043
vn 0.9956 0.0801 -0.0493
vn 0.5115 0.6650 0.5442
vn 0.7540 0.5575 0.3474
vn 0.8875 0.4606 -0.0126
vn 0.7572 0.5201 -0.3951
vn 0.2540 0.7970 -0.5480
vn -0.2353 0.6655 -0.7084
vn -0.7510 0.5230 -0.4032
vn -0.8767 0.4804 -0.0231
vn -0.7377 0.5742 0.3550
vn -0.4902 0.8103 0.3210
vn -0.7990 0.6013 0.0034
vn -0.9966 0.0746 -0.0359
vn -0.9287 0.1549 0.3369
vn -0.3541 0.2949 0.8875
vn -0.6080 0.7912 0.0657
vn -0.4435 0.6219 -0.6454
vn 0.3064 0.4935 -0.8140
vn 0.6275 0.7756 -0.0681
vn -0.5175 0.6971 0.4962
vn -0.2594 0.9572 0.1286
vn 0.2350 0.9717 0.0240
vn -0.2091 0.7482 0.6296
vn 0.3344 0.7735 0.5384
vn 0.4569 0.6325 0.6254
vn -0.3080 0.5166 0.7989
vn 0.5079 0.0000 -0.8614
vn -0.5079 -0.0000 -0.8614
vn -0.9834 -0.0000 -0.1813
vn -1.0000 0.0000 0.0000
vn 1.0000 -0.0000 -0.0000
vn 0.5079 -0.0000 0.8614
vn -0.5079 0.0000 0.8614
vn -0.6645 0.0000 0.7473
vn 0.6053 -0.0000 -0.7960
vn 0.9969 0.0000 0.0788
vn 0.4035 -0.0000 0.9150
vn -0.4035 -0.0000 0.9150
vn -0.9834 -0.0000 0.1813
vn -0.4036 -0.0000 -0.9149
vn -0.5784 0.0000 0.8157
vn -0.2277 0.0458 0.9726
vn -0.1033 0.1835 0.9776
vn -0.4387 0.3075 0.8444
vn -0.1268 0.5476 0.8271
vn 0.1827 0.4800 0.8580
vn 0.1239 0.1641 0.9786
vn 0.4333 0.2516 0.8654
vn 0.2280 0.0457 0.9726
vn 0.3934 0.0000 0.9194
vn 0.2353 0.0000 0.9719
vn 0.2280 -0.0457 0.9726
vn 0.4333 -0.2516 0.8654
vn 0.1033 -0.1835 0.9776
vn 0.1827 -0.5623 0.8065
vn -0.1816 -0.4797 0.8584
vn -0.1239 -0.1641 0.9786
vn -0.4314 -0.2516 0.8663
vn -0.2277 -0.0459 0.9727
vn -0.3922 -0.0003 0.9199
vn -0.2348 -0.0001 0.9721
vn -0.8359 -0.0013 0.5488
vn -0.7510 0.5408 0.3789
vn -0.2606 0.8439 0.4690
vn 0.2852 0.8359 0.4690
vn 0.7220 0.5086 0.4690
vn 0.8631 -0.0464 0.5029
vn 0.6553 -0.5938 0.4670
vn 0.2180 -0.8816 0.4187
vn -0.2839 -0.8368 0.4681
vn -0.7201 -0.5110 0.4694
vn -0.3184 0.9480 0.0024
vn -0.7798 0.6243 -0.0468
vn -0.3060 0.8282 -0.4696
vn 0.2605 0.8453 -0.4666
vn 0.3092 0.9510 0.0073
vn 0.8090 0.5878 0.0070
vn 1.0000 -0.0002 0.0073
vn 0.8090 -0.5878 0.0070
vn 0.3090 -0.9510 0.0070
vn -0.3091 -0.9510 0.0073
vn -0.8078 -0.5894 0.0054
vn -0.9981 0.0502 0.0354
vn -0.7339 0.4973 -0.4627
vn -0.2483 0.5023 -0.8283
vn 0.1271 0.5468 -0.8276
vn 0.4242 0.3677 -0.8276
vn 0.7076 0.5307 -0.4666
vn 0.8844 0.0135 -0.4666
vn 0.7234 -0.5089 -0.4666
vn 0.2861 -0.8369 -0.4666
vn -0.2183 -0.8838 -0.4139
vn -0.6563 -0.5946 -0.4645
vn -0.8615 -0.0381 -0.5063
vn -0.4938 0.2859 -0.8212
vn -0.0077 0.0017 -1.0000
vn 0.5593 0.0481 -0.8276
vn 0.4808 -0.2899 -0.8276
vn 0.2186 -0.5171 -0.8276
vn -0.1822 -0.5607 -0.8077
vn -0.4829 -0.2857 -0.8277
vn -0.5150 0.0108 -0.8571
vn -0.2280 0.0457 0.9726
vn -0.4341 0.2521 0.8649
vn -0.1844 0.5638 0.8051
vn 0.1844 0.4801 0.8576
vn 0.1237 0.1639 0.9787
vn 0.4339 0.2517 0.8651
vn 0.2276 0.0454 0.9727
vn 0.3923 -0.0006 0.9198
vn 0.2348 -0.0001 0.9721
vn 0.2277 -0.0459 0.9727
vn 0.4318 -0.2516 0.8662
vn 0.1816 -0.5620 0.8070
vn -0.1788 -0.4799 0.8589
vn -0.1234 -0.1640 0.9787
vn -0.4293 -0.2496 0.8680
vn -0.2278 -0.0453 0.9726
vn -0.3922 0.0009 0.9199
vn -0.2353 0.0000 0.9719
vn -0.8350 0.0003 0.5503
vn -0.7252 0.5095 0.4632
vn -0.3011 0.9289 0.2156
vn 0.2889 0.8414 0.4568
vn 0.7254 0.5085 0.4640
vn 0.8360 -0.0004 0.5487
vn 0.7061 -0.5596 0.4339
vn 0.2707 -0.8407 0.4690
vn -0.2412 -0.8695 0.4311
vn -0.7168 -0.5145 0.4707
vn -0.6597 0.7509 -0.0306
vn -0.3044 0.9502 -0.0667
vn 0.0937 0.9949 -0.0365
vn 0.7770 0.6290 -0.0256
vn 0.9971 0.0019 0.0763
vn 0.8061 -0.5883 -0.0636
vn 0.2637 -0.9639 0.0367
vn -0.3699 -0.9284 -0.0350
vn -0.8038 -0.5949 0.0038
vn -0.9985 0.0422 0.0348
vn -0.7264 0.5129 -0.4574
vn -0.2975 0.9182 -0.2615
vn 0.2736 0.8507 -0.4488
vn 0.6687 0.5091 -0.5419
vn 0.9255 -0.0038 -0.3788
vn 0.6759 -0.4917 -0.5490
vn -0.6704 -0.5465 -0.5020
vn -0.8860 -0.0169 -0.4634
vn -0.4936 0.2943 -0.8184
vn -0.1851 0.5828 -0.7912
vn 0.2033 0.5438 -0.8142
vn 0.4096 0.3057 -0.8595
vn 0.5929 -0.0076 -0.8053
vn 0.4187 -0.2969 -0.8583
vn 0.2184 -0.5166 -0.8279
vn -0.1820 -0.5603 -0.8081
vn -0.4187 -0.2969 -0.8583
vn -0.5643 -0.0454 -0.8243
vn -0.0023 0.0055 -1.0000
vn 0.4156 0.3899 0.8217
vn 0.8026 0.3270 0.4990
vn 0.7380 0.5197 0.4305
vn 0.9324 0.2594 0.2518
vn 0.8448 0.5231 0.1124
vn 0.6081 0.7579 0.2362
vn 0.6657 0.7446 -0.0495
vn 0.5526 0.6806 -0.4811
vn 0.3302 0.9247 -0.1892
vn 0.2818 0.7302 -0.6224
vn -0.0009 0.7669 -0.6418
vn 0.0007 0.9994 0.0338
vn -0.3299 0.9163 -0.2270
vn -0.2535 0.6601 -0.7071
vn -0.5357 0.6572 -0.5302
vn -0.6655 0.7453 -0.0405
vn -0.8447 0.5223 0.1167
vn -0.6088 0.7561 0.2400
vn -0.7378 0.5198 0.4306
vn -0.9324 0.2593 0.2519
vn -0.8026 0.3270 0.4990
vn -0.3136 0.3996 0.8614
vn -0.2312 0.6491 0.7247
vn 0.2320 0.5715 0.7871
vn 0.2038 0.8893 0.4095
vn 0.5061 0.8461 0.1671
vn 0.2052 0.9608 0.1865
vn 0.0006 0.9967 0.0815
vn 0.0018 0.9832 0.1825
vn -0.2088 0.9613 0.1799
vn -0.2371 0.8999 0.3659
vn -0.5058 0.8458 0.1699
vn -0.4467 -0.3799 -0.8100
vn -0.7367 -0.4871 -0.4690
vn -0.7970 -0.3390 -0.4998
vn -0.9310 -0.2667 -0.2494
vn -0.7839 -0.5541 -0.2800
vn -0.6120 -0.7525 -0.2433
vn -0.6941 -0.7199 -0.0001
vn -0.5584 -0.7197 0.4125
vn -0.2515 -0.9399 0.2309
vn -0.2816 -0.7478 0.6012
vn 0.0015 -0.8387 0.5445
vn -0.2358 -0.9634 0.1276
vn 0.3296 -0.9062 0.2650
vn 0.2530 -0.6630 0.7045
vn 0.5585 -0.7344 0.3857
vn 0.6948 -0.7192 -0.0095
vn 0.7866 -0.5523 -0.2762
vn 0.6596 -0.7264 -0.1931
vn 0.7228 -0.5105 -0.4658
vn 0.9331 -0.2575 -0.2511
vn 0.7994 -0.3321 -0.5007
vn 0.3102 -0.4000 -0.8624
vn 0.3977 -0.5315 -0.7479
vn -0.3843 -0.5827 -0.7161
vn -0.2050 -0.8895 -0.4085
vn -0.4941 -0.8408 -0.2213
vn -0.2101 -0.9594 -0.1884
vn -0.0053 -0.9967 -0.0814
vn -0.0050 -0.9826 -0.1859
vn 0.1771 -0.9660 -0.1884
vn 0.2706 -0.8542 -0.4440
vn 0.5490 -0.8203 -0.1604
vn -0.4868 0.8733 -0.0181
vn -0.1934 0.9665 -0.1687
vn -0.1013 0.9748 0.1987
vn 0.1249 0.9572 0.2611
vn 0.1906 0.9760 -0.1054
vn 0.4648 0.8842 -0.0465
vn 0.1249 0.9572 0.2612
vn 0.7802 0.6255 0.0044
vn 0.9956 0.0803 -0.0492
vn 0.4986 0.6599 0.5621
vn 0.7507 0.5550 0.3584
vn 0.8855 0.4645 -0.0128
vn 0.7574 0.5147 -0.4018
vn 0.1971 0.7211 -0.6642
vn -0.3118 0.7537 -0.5786
vn -0.7506 0.5286 -0.3965
vn -0.8785 0.4771 -0.0229
vn -0.7386 0.5770 0.3487
vn -0.4837 0.8175 0.3126
vn -0.7997 0.6004 0.0033
vn -0.9966 0.0746 -0.0360
vn -0.6231 0.7794 0.0651
vn -0.4541 0.6213 -0.6386
vn 0.3062 0.5103 -0.8037
vn 0.6121 0.7878 -0.0683
vn -0.2595 0.9571 0.1289
vn 0.2350 0.9717 0.0245
vn -0.2376 0.7386 0.6309
vn 0.3035 0.7789 0.5488
vn 0.4472 0.6341 0.6308
vn -0.3084 0.5031 0.8073
vn -0.3323 0.0000 -0.9432
vn 0.6645 0.0000 -0.7473
vn 0.9834 -0.0000 0.1813
vn 0.3323 -0.0000 0.9432
vn -0.4036 0.0000 0.9150
vn -0.5784 -0.0000 -0.8157
vn -0.3828 0.0236 0.9235
vn 0.0969 -0.9367 0.3363
vn 0.4316 0.4433 0.7857
vn 0.9715 -0.0697 0.2267
vn 0.4013 -0.6865 -0.6063
vn -0.3750 -0.7532 -0.5405
vn -0.8348 -0.5456 0.0738
vn 0.2686 0.7423 0.6138
vn 0.3201 0.7047 0.6332
vn -0.1065 -0.9575 0.2679
vn 0.6427 -0.5671 -0.5150
vn -0.1780 -0.0759 -0.9811
vn 0.3549 0.8455 0.3990
vn 0.3964 -0.6662 -0.6317
vn -0.0783 0.0958 -0.9923
vn -0.8647 -0.1562 -0.4773
vn 0.3087 0.8057 0.5056
vn -0.0727 -0.1857 -0.9799
vn -0.9038 0.0493 -0.4251
vn -0.7067 -0.6877 0.1661
vn 0.2457 0.7725 0.5855
vn -0.7773 -0.1306 -0.6154
vn -0.8390 -0.4682 0.2773
vn -0.0146 -0.9977 0.0660
vn 0.1449 -0.2333 0.9615
vn 0.0047 0.6546 0.7560
vn 0.6745 0.6174 0.4048
vn 0.6520 -0.2620 0.7116
vn 0.5314 0.6675 -0.5216
vn -0.6891 0.7084 0.1529
vn -0.6237 0.2363 0.7451
vn -0.0042 0.8951 0.4459
vn 0.0503 0.8621 -0.5042
vn -0.5232 0.8399 -0.1441
vn 0.3549 0.9158 0.1882
vn 0.9038 0.3130 -0.2917
usemtl mesh0
s 1
f 1/1/1 3/2/2 2/3/3
f 2/3/3 3/2/2 6/4/4
f 4/5/5 6/4/4 3/2/2
f 5/6/6 6/4/4 4/5/5
f 7/7/7 6/4/4 5/6/6
f 6/4/4 7/7/7 2/3/3
f 429/8/8 2/3/3 7/7/7
f 8/9/9 9/10/10 16/11/11
f 10/12/12 16/11/11 9/10/10
f 11/13/13 16/11/11 10/12/12
f 16/11/11 11/13/13 12/14/14
f 24/15/15 13/16/16 9/10/10
f 9/10/10 13/16/16 10/12/12
f 10/12/12 13/16/16 11/13/13
f 14/17/17 11/13/13 13/16/16
f 15/18/18 24/15/15 8/9/9
f 9/10/10 8/9/9 24/15/15
f 8/9/9 16/11/11 15/18/18
f 15/18/18 16/11/11 27/19/19
f 27/19/19 16/11/11 28/20/20
f 12/14/14 28/20/20 16/11/11
f 495/21/21 556/22/22 17/23/23
f 20/24/24 17/23/23 556/22/22
f 495/25/21 17/26/23 18/27/25
f 18/27/25 17/26/23 19/28/26
f 20/29/24 19/28/26 17/26/23
f 19/28/26 20/29/24 517/30/27
f 517/30/27 20/29/24 21/31/28
f 556/32/22 21/31/28 20/29/24
f 22/33/29 21/31/28 556/32/22
f 21/31/28 22/33/29 25/34/30
f 23/35/31 25/34/30 22/33/29
f 24/36/15 25/34/30 23/35/31
f 15/37/18 25/34/30 24/36/15
f 25/34/30 15/37/18 517/30/27
f 517/30/27 15/37/18 520/38/32
f 27/39/19 520/38/32 15/37/18
f 520/38/32 27/39/19 26/40/33
f 26/40/33 27/39/19 522/41/34
f 28/42/20 522/41/34 27/39/19
f 522/41/34 28/42/20 525/43/35
f 525/43/35 28/42/20 29/44/36
f 14/45/17 29/44/36 28/42/20
f 30/46/37 29/44/36 14/45/17
f 31/47/38 29/44/36 30/46/37
f 29/44/36 31/47/38 32/48/39
f 550/49/40 32/48/39 31/47/38
f 33/50/41 32/48/39 550/49/40
f 32/48/39 33/50/41 525/43/35
f 525/43/35 33/50/41 34/51/42
f 35/52/43 34/51/42 33/50/41
f 34/51/42 35/52/43 36/53/44
f 504/54/45 36/53/44 35/52/43
f 556/55/22 37/56/46 22/57/29
f 22/57/29 37/56/46 23/58/31
f 38/59/47 23/58/31 37/56/46
f 23/58/31 38/59/47 24/60/15
f 39/61/48 24/60/15 38/59/47
f 24/60/15 39/61/48 13/62/16
f 13/62/16 39/61/48 14/63/17
f 51/64/49 14/63/17 39/61/48
f 14/63/17 51/64/49 30/65/37
f 40/66/50 30/65/37 51/64/49
f 30/65/37 40/66/50 31/67/38
f 550/68/40 31/67/38 40/66/50
f 41/69/51 43/70/52 42/71/53
f 42/71/53 43/70/52 44/72/54
f 46/73/55 44/72/54 43/70/52
f 44/72/54 46/73/55 45/74/56
f 45/74/56 46/73/55 47/75/57
f 48/76/58 47/75/57 46/73/55
f 47/75/57 48/76/58 49/77/59
f 50/78/60 49/77/59 48/76/58
f 37/79/46 42/71/53 38/80/47
f 44/72/54 38/80/47 42/71/53
f 38/80/47 44/72/54 39/81/48
f 45/74/56 39/81/48 44/72/54
f 47/75/57 39/81/48 45/74/56
f 39/81/48 47/75/57 51/82/49
f 51/82/49 47/75/57 40/83/50
f 49/77/59 40/83/50 47/75/57
f 52/84/61 53/85/62 41/69/51
f 41/69/51 53/85/62 43/70/52
f 54/86/63 43/70/52 53/85/62
f 43/70/52 54/86/63 46/73/55
f 46/73/55 54/86/63 48/76/58
f 55/87/64 48/76/58 54/86/63
f 56/88/65 48/76/58 55/87/64
f 48/76/58 56/88/65 50/78/60
f 52/84/61 41/69/51 37/79/46
f 42/71/53 37/79/46 41/69/51
f 57/89/66 58/90/67 69/91/68
f 59/92/69 69/91/68 58/90/67
f 69/91/68 59/92/69 71/93/70
f 60/94/71 71/93/70 59/92/69
f 61/95/72 71/93/70 60/94/71
f 71/93/70 61/95/72 62/96/73
f 63/97/74 62/96/73 61/95/72
f 62/96/73 63/97/74 64/98/75
f 58/90/67 65/99/76 59/92/69
f 66/100/77 59/92/69 65/99/76
f 59/92/69 66/100/77 60/94/71
f 547/101/78 60/94/71 66/100/77
f 549/102/79 60/94/71 547/101/78
f 60/94/71 549/102/79 61/95/72
f 67/103/80 61/95/72 549/102/79
f 61/95/72 67/103/80 63/97/74
f 65/99/76 58/90/67 68/104/81
f 57/89/66 68/104/81 58/90/67
f 57/89/66 69/91/68 68/104/81
f 68/104/81 69/91/68 70/105/82
f 71/93/70 70/105/82 69/91/68
f 70/105/82 71/93/70 72/106/83
f 72/106/83 71/93/70 73/107/84
f 62/96/73 73/107/84 71/93/70
f 73/107/84 62/96/73 560/108/85
f 64/98/75 560/108/85 62/96/73
f 74/109/86 76/110/87 75/111/88
f 75/111/88 76/110/87 77/112/89
f 77/112/89 76/110/87 442/113/90
f 445/114/91 442/113/90 76/110/87
f 442/113/90 440/115/92 77/112/89
f 78/116/93 77/112/89 440/115/92
f 77/112/89 78/116/93 75/111/88
f 28/20/20 12/14/14 14/17/17
f 11/13/13 14/17/17 12/14/14
f 504/117/45 35/118/43 550/119/40
f 33/120/41 550/119/40 35/118/43
f 56/88/65 40/83/50 50/78/60
f 49/77/59 50/78/60 40/83/50
f 67/103/80 560/108/85 63/97/74
f 64/98/75 63/97/74 560/108/85
f 92/121/94 80/122/95 79/123/96
f 79/123/96 80/122/95 81/124/97
f 82/125/98 81/124/97 80/122/95
f 81/124/97 82/125/98 83/126/99
f 84/127/100 79/128/96 85/129/101
f 81/130/97 85/129/101 79/128/96
f 85/129/101 81/130/97 86/131/102
f 83/132/99 86/131/102 81/130/97
f 84/127/100 85/129/101 87/133/103
f 87/133/103 85/129/101 88/134/104
f 88/134/104 85/129/101 89/135/105
f 86/131/102 89/135/105 85/129/101
f 90/136/106 91/137/107 92/138/94
f 92/138/94 91/137/107 80/139/95
f 93/140/108 80/139/95 91/137/107
f 80/139/95 93/140/108 82/141/98
f 94/142/109 95/143/110 184/144/111
f 185/145/112 184/144/111 95/143/110
f 95/146/110 94/147/109 96/148/113
f 96/148/113 94/147/109 97/149/114
f 97/149/114 94/147/109 107/150/115
f 98/151/116 107/150/115 94/147/109
f 107/150/115 98/151/116 99/152/117
f 99/152/117 98/151/116 100/153/118
f 183/154/119 100/153/118 98/151/116
f 101/155/120 100/153/118 183/154/119
f 100/153/118 101/155/120 102/156/121
f 103/157/122 102/156/121 101/155/120
f 102/156/121 103/157/122 104/158/123
f 96/148/113 97/149/114 105/159/124
f 105/159/124 97/149/114 110/160/125
f 107/150/115 110/160/125 97/149/114
f 110/160/125 107/150/115 106/161/126
f 106/161/126 107/150/115 682/162/127
f 99/152/117 682/162/127 107/150/115
f 105/159/124 110/160/125 108/163/128
f 108/163/128 110/160/125 109/164/129
f 109/164/129 110/160/125 111/165/130
f 106/161/126 111/165/130 110/160/125
f 111/165/130 106/161/126 114/166/131
f 682/162/127 114/166/131 106/161/126
f 689/167/132 114/166/131 682/162/127
f 688/168/133 114/166/131 689/167/132
f 114/166/131 688/168/133 112/169/134
f 104/158/123 112/169/134 688/168/133
f 112/169/134 113/170/135 114/166/131
f 114/166/131 113/170/135 115/171/136
f 115/171/136 113/170/135 117/172/137
f 174/173/138 117/172/137 113/170/135
f 93/174/108 116/175/139 174/176/138
f 174/176/138 116/175/139 117/177/137
f 117/177/137 116/175/139 119/178/140
f 118/179/141 119/178/140 116/175/139
f 120/180/142 119/178/140 118/179/141
f 119/178/140 120/180/142 198/181/143
f 198/181/143 120/180/142 137/182/144
f 137/182/144 120/180/142 139/183/145
f 122/184/146 139/183/145 120/180/142
f 139/183/145 122/184/146 121/185/147
f 121/185/147 122/184/146 129/186/148
f 124/187/149 129/186/148 122/184/146
f 129/186/148 124/187/149 123/188/150
f 123/188/150 124/187/149 125/189/151
f 195/190/152 125/189/151 124/187/149
f 126/191/153 125/189/151 195/190/152
f 125/189/151 126/191/153 179/192/154
f 179/192/154 126/191/153 127/193/155
f 90/194/106 127/193/155 126/191/153
f 123/188/150 128/195/156 129/186/148
f 129/186/148 128/195/156 130/196/157
f 131/197/158 130/196/157 128/195/156
f 130/196/157 131/197/158 132/198/159
f 132/198/159 131/197/158 133/199/160
f 185/200/112 133/199/160 131/197/158
f 133/199/160 185/200/112 134/201/161
f 95/202/110 134/201/161 185/200/112
f 134/201/161 95/202/110 173/203/162
f 96/204/113 173/203/162 95/202/110
f 173/203/162 96/204/113 135/205/163
f 105/206/124 135/205/163 96/204/113
f 135/205/163 105/206/124 136/207/164
f 108/208/128 136/207/164 105/206/124
f 136/207/164 108/208/128 138/209/165
f 137/182/144 138/209/165 108/208/128
f 139/183/145 138/209/165 137/182/144
f 138/209/165 139/183/145 140/210/166
f 140/210/166 139/183/145 141/211/167
f 121/185/147 141/211/167 139/183/145
f 141/211/167 121/185/147 142/212/168
f 129/186/148 142/212/168 121/185/147
f 142/212/168 129/186/148 130/196/157
f 143/213/169 144/214/170 145/215/171
f 146/216/172 145/215/171 144/214/170
f 83/217/99 82/218/98 147/219/173
f 148/220/174 147/219/173 82/218/98
f 147/219/173 148/220/174 149/221/175
f 150/222/176 149/221/175 148/220/174
f 149/221/175 150/222/176 151/223/177
f 152/224/178 151/223/177 150/222/176
f 151/223/177 152/224/178 153/225/179
f 154/226/180 153/225/179 152/224/178
f 153/225/179 154/226/180 155/227/181
f 156/228/182 155/227/181 154/226/180
f 155/227/181 156/228/182 157/229/183
f 158/230/184 157/229/183 156/228/182
f 157/229/183 158/230/184 159/231/185
f 160/232/186 159/231/185 158/230/184
f 159/231/185 160/232/186 79/233/96
f 92/234/94 79/233/96 160/232/186
f 86/235/102 83/236/99 161/237/187
f 147/238/173 161/237/187 83/236/99
f 161/237/187 147/238/173 162/239/188
f 149/240/175 162/239/188 147/238/173
f 162/239/188 149/240/175 163/241/189
f 151/242/177 163/241/189 149/240/175
f 163/241/189 151/242/177 164/243/190
f 153/244/179 164/243/190 151/242/177
f 164/243/190 153/244/179 165/245/191
f 155/246/181 165/245/191 153/244/179
f 165/245/191 155/246/181 166/247/192
f 157/248/183 166/247/192 155/246/181
f 166/247/192 157/248/183 167/249/193
f 159/250/185 167/249/193 157/248/183
f 167/249/193 159/250/185 84/251/100
f 79/252/96 84/251/100 159/250/185
f 89/253/105 86/235/102 168/254/194
f 161/237/187 168/254/194 86/235/102
f 168/254/194 161/237/187 169/255/195
f 162/239/188 169/255/195 161/237/187
f 169/255/195 162/239/188 790/256/196
f 163/241/189 790/256/196 162/239/188
f 790/256/196 163/241/189 170/257/197
f 164/243/190 170/257/197 163/241/189
f 170/257/197 164/243/190 793/258/198
f 165/245/191 793/258/198 164/243/190
f 793/258/198 165/245/191 171/259/199
f 166/247/192 171/259/199 165/245/191
f 171/259/199 166/247/192 172/260/200
f 167/249/193 172/260/200 166/247/192
f 172/260/200 167/249/193 87/261/103
f 84/251/100 87/261/103 167/249/193
f 134/201/161 173/203/162 133/199/160
f 133/199/160 173/203/162 132/198/159
f 132/198/159 173/203/162 141/211/167
f 135/205/163 141/211/167 173/203/162
f 141/211/167 135/205/163 140/210/166
f 136/207/164 140/210/166 135/205/163
f 140/210/166 136/207/164 138/209/165
f 93/262/108 174/263/138 82/264/98
f 82/264/98 174/263/138 148/265/174
f 148/265/174 174/263/138 150/266/176
f 113/267/135 150/266/176 174/263/138
f 150/266/176 113/267/135 152/268/178
f 112/269/134 152/268/178 113/267/135
f 152/268/178 112/269/134 154/270/180
f 103/271/122 154/270/180 112/269/134
f 154/270/180 103/271/122 156/272/182
f 101/273/120 156/272/182 103/271/122
f 156/272/182 101/273/120 158/274/184
f 176/275/201 158/274/184 101/273/120
f 160/276/186 127/277/155 92/278/94
f 90/279/106 92/278/94 127/277/155
f 188/280/202 176/281/201 187/282/203
f 187/282/203 176/281/201 175/283/204
f 175/283/204 176/281/201 183/284/119
f 101/285/120 183/284/119 176/281/201
f 177/286/205 178/287/206 127/288/155
f 127/288/155 178/287/206 179/289/154
f 179/289/154 178/287/206 180/290/207
f 187/282/203 180/290/207 178/287/206
f 175/283/204 180/290/207 187/282/203
f 180/290/207 175/283/204 181/291/208
f 181/291/208 175/283/204 182/292/209
f 183/284/119 182/292/209 175/283/204
f 98/293/116 182/292/209 183/284/119
f 94/294/109 182/292/209 98/293/116
f 184/295/111 182/292/209 94/294/109
f 182/292/209 184/295/111 181/291/208
f 181/291/208 184/295/111 186/296/210
f 185/297/112 186/296/210 184/295/111
f 131/298/158 186/296/210 185/297/112
f 128/299/156 186/296/210 131/298/158
f 123/300/150 186/296/210 128/299/156
f 125/301/151 186/296/210 123/300/150
f 186/296/210 125/301/151 181/291/208
f 179/289/154 181/291/208 125/301/151
f 181/291/208 179/289/154 180/290/207
f 144/302/170 143/303/169 187/304/203
f 187/304/203 143/303/169 188/305/202
f 188/305/202 143/303/169 177/306/205
f 145/307/171 177/306/205 143/303/169
f 177/306/205 145/307/171 178/308/206
f 146/309/172 178/308/206 145/307/171
f 178/310/206 189/311/211 187/312/203
f 190/313/212 187/312/203 189/311/211
f 144/314/170 191/315/213 146/316/172
f 202/317/214 146/316/172 191/315/213
f 127/277/155 160/276/186 177/318/205
f 158/274/184 177/318/205 160/276/186
f 177/318/205 158/274/184 188/319/202
f 176/275/201 188/319/202 158/274/184
f 192/320/215 91/321/107 193/322/216
f 90/323/106 193/322/216 91/321/107
f 193/322/216 90/323/106 194/324/217
f 126/325/153 194/324/217 90/323/106
f 195/326/152 194/324/217 126/325/153
f 194/324/217 195/326/152 803/327/218
f 803/327/218 195/326/152 196/328/219
f 196/328/219 195/326/152 122/329/146
f 124/330/149 122/329/146 195/326/152
f 122/329/146 120/331/142 196/328/219
f 118/332/141 196/328/219 120/331/142
f 196/328/219 118/332/141 804/333/220
f 116/334/139 804/333/220 118/332/141
f 804/333/220 116/334/139 796/335/221
f 796/335/221 116/334/139 797/336/222
f 93/337/108 797/336/222 116/334/139
f 797/336/222 93/337/108 192/320/215
f 117/172/137 119/338/140 115/171/136
f 115/171/136 119/338/140 111/165/130
f 198/339/143 111/165/130 119/338/140
f 111/165/130 198/339/143 109/164/129
f 109/164/129 198/339/143 197/340/223
f 197/340/223 198/339/143 199/341/224
f 199/341/224 198/339/143 200/342/225
f 137/343/144 200/342/225 198/339/143
f 200/342/225 137/343/144 583/344/226
f 108/163/128 583/344/226 137/343/144
f 583/344/226 108/163/128 585/345/227
f 109/164/129 585/345/227 108/163/128
f 585/345/227 109/164/129 587/346/228
f 197/340/223 587/346/228 109/164/129
f 146/309/172 202/347/214 201/348/229
f 201/348/229 202/347/214 203/349/230
f 191/350/213 203/349/230 202/347/214
f 203/349/230 191/350/213 144/302/170
f 144/302/170 204/351/231 203/349/230
f 205/352/232 203/349/230 204/351/231
f 178/308/206 206/353/233 189/354/211
f 207/355/234 189/354/211 206/353/233
f 208/356/235 201/348/229 205/352/232
f 203/349/230 205/352/232 201/348/229
f 209/357/236 207/358/234 205/359/232
f 208/360/235 205/359/232 207/358/234
f 132/198/159 141/211/167 130/196/157
f 142/212/168 130/196/157 141/211/167
f 187/304/203 190/361/212 204/351/231
f 209/362/236 204/351/231 190/361/212
f 146/309/172 201/348/229 206/353/233
f 208/356/235 206/353/233 201/348/229
f 189/354/211 207/355/234 190/361/212
f 209/362/236 190/361/212 207/355/234
f 210/363/237 308/364/238 211/365/239
f 212/366/240 211/365/239 308/364/238
f 909/367/241 211/365/239 212/366/240
f 211/365/239 909/367/241 213/368/242
f 214/369/243 213/368/242 909/367/241
f 213/368/242 214/369/243 215/370/244
f 904/371/245 215/370/244 214/369/243
f 215/370/244 904/371/245 923/372/246
f 216/373/247 218/374/248 217/375/249
f 217/375/249 218/374/248 219/376/250
f 220/377/251 219/376/250 218/374/248
f 219/376/250 220/377/251 240/378/252
f 240/378/252 220/377/251 222/379/253
f 221/380/254 222/379/253 220/377/251
f 223/381/255 222/379/253 221/380/254
f 224/382/256 222/379/253 223/381/255
f 222/379/253 224/382/256 1163/383/257
f 1163/383/257 224/382/256 225/384/258
f 226/385/259 225/384/258 224/382/256
f 225/384/258 226/385/259 228/386/260
f 227/387/261 228/386/260 226/385/259
f 229/388/262 228/386/260 227/387/261
f 231/389/263 228/386/260 229/388/262
f 228/386/260 231/389/263 230/390/264
f 230/390/264 231/389/263 244/391/265
f 232/392/266 244/391/265 231/389/263
f 244/391/265 232/392/266 233/393/267
f 234/394/268 233/393/267 232/392/266
f 235/395/269 237/396/270 236/397/271
f 236/397/271 237/396/270 238/398/272
f 238/398/272 237/396/270 239/399/273
f 217/375/249 239/399/273 237/396/270
f 219/376/250 239/399/273 217/375/249
f 240/378/252 239/399/273 219/376/250
f 241/400/274 239/399/273 240/378/252
f 239/399/273 241/400/274 250/401/275
f 242/402/276 250/401/275 241/400/274
f 243/403/277 250/401/275 242/402/276
f 250/401/275 243/403/277 245/404/278
f 230/390/264 245/404/278 243/403/277
f 244/391/265 245/404/278 230/390/264
f 233/393/267 245/404/278 244/391/265
f 246/405/279 245/404/278 233/393/267
f 245/404/278 246/405/279 247/406/280
f 247/406/280 246/405/279 248/407/281
f 249/408/282 248/407/281 246/405/279
f 239/399/273 250/401/275 238/398/272
f 238/398/272 250/401/275 247/406/280
f 245/404/278 247/406/280 250/401/275
f 236/409/271 251/410/283 248/411/281
f 252/412/284 248/411/281 251/410/283
f 238/413/272 247/414/280 251/410/283
f 252/412/284 251/410/283 247/414/280
f 246/415/279 233/416/267 253/417/285
f 254/418/286 253/417/285 233/416/267
f 249/419/282 253/417/285 234/420/268
f 254/418/286 234/420/268 253/417/285
f 235/421/269 216/422/247 255/423/287
f 256/424/288 255/423/287 216/422/247
f 237/425/270 255/423/287 217/426/249
f 256/424/288 217/426/249 255/423/287
f 257/427/247 259/428/248 258/429/249
f 258/429/249 259/428/248 280/430/250
f 260/431/289 280/430/250 259/428/248
f 280/430/250 260/431/289 282/432/252
f 282/432/252 260/431/289 261/433/290
f 262/434/291 261/433/290 260/431/289
f 263/435/292 261/433/290 262/434/291
f 265/436/293 261/433/290 263/435/292
f 261/433/290 265/436/293 264/437/257
f 264/437/257 265/436/293 266/438/258
f 267/439/259 266/438/258 265/436/293
f 266/438/258 267/439/259 270/440/294
f 268/441/295 270/440/294 267/439/259
f 269/442/296 270/440/294 268/441/295
f 271/443/297 270/440/294 269/442/296
f 270/440/294 271/443/297 1165/444/264
f 1165/444/264 271/443/297 272/445/265
f 273/446/266 272/445/265 271/443/297
f 272/445/265 273/446/266 274/447/267
f 275/448/268 274/447/267 273/446/266
f 276/449/298 277/450/299 278/451/271
f 278/451/271 277/450/299 279/452/272
f 279/452/272 277/450/299 281/453/300
f 258/429/249 281/453/300 277/450/299
f 280/430/250 281/453/300 258/429/249
f 282/432/252 281/453/300 280/430/250
f 1171/454/274 281/453/300 282/432/252
f 281/453/300 1171/454/274 290/455/301
f 283/456/276 290/455/301 1171/454/274
f 284/457/277 290/455/301 283/456/276
f 290/455/301 284/457/277 285/458/278
f 1165/444/264 285/458/278 284/457/277
f 272/445/265 285/458/278 1165/444/264
f 274/447/267 285/458/278 272/445/265
f 286/459/302 285/458/278 274/447/267
f 285/458/278 286/459/302 287/460/280
f 287/460/280 286/459/302 288/461/281
f 289/462/282 288/461/281 286/459/302
f 281/453/300 290/455/301 279/452/272
f 279/452/272 290/455/301 287/460/280
f 285/458/278 287/460/280 290/455/301
f 278/463/271 291/464/283 288/465/281
f 292/466/303 288/465/281 291/464/283
f 279/467/272 287/468/280 291/464/283
f 292/466/303 291/464/283 287/468/280
f 286/469/302 274/470/267 293/471/304
f 294/472/286 293/471/304 274/470/267
f 289/473/282 293/471/304 275/474/268
f 294/472/286 275/474/268 293/471/304
f 276/475/298 257/476/247 295/477/305
f 296/478/288 295/477/305 257/476/247
f 277/479/299 295/477/305 258/480/249
f 296/478/288 258/480/249 295/477/305
f 297/481/237 304/482/238 298/483/306
f 301/484/307 298/483/306 304/482/238
f 1177/485/308 298/483/306 301/484/307
f 298/483/306 1177/485/308 1190/486/309
f 1176/487/310 1190/486/309 1177/485/308
f 1190/486/309 1176/487/310 299/488/311
f 300/489/245 299/488/311 1176/487/310
f 299/488/311 300/489/245 1192/490/246
f 1177/491/308 301/492/307 1179/493/312
f 1179/493/312 301/492/307 302/494/313
f 304/495/238 302/494/313 301/492/307
f 302/494/313 304/495/238 303/496/314
f 303/496/314 304/495/238 1184/497/315
f 297/498/237 1184/497/315 304/495/238
f 1184/497/315 297/498/237 305/499/316
f 298/500/306 305/499/316 297/498/237
f 305/499/316 298/500/306 306/501/317
f 1190/502/309 306/501/317 298/500/306
f 909/503/241 212/504/240 912/505/318
f 912/505/318 212/504/240 307/506/319
f 308/507/238 307/506/319 212/504/240
f 307/506/319 308/507/238 915/508/320
f 915/508/320 308/507/238 309/509/321
f 210/510/237 309/509/321 308/507/238
f 309/509/321 210/510/237 310/511/322
f 211/512/239 310/511/322 210/510/237
f 310/511/322 211/512/239 920/513/323
f 213/514/242 920/513/323 211/512/239
f 311/515/324 314/516/325 312/517/326
f 312/517/326 314/516/325 313/518/327
f 313/518/327 314/516/325 315/519/328
f 315/519/328 314/516/325 316/520/329
f 316/520/329 314/516/325 317/521/330
f 317/521/330 314/516/325 318/522/331
f 318/522/331 314/516/325 319/523/332
f 319/523/332 314/516/325 320/524/333
f 320/524/333 314/516/325 321/525/334
f 311/515/324 321/525/334 314/516/325
f 322/526/335 328/527/325 323/528/326
f 323/528/326 328/527/325 324/529/336
f 324/529/336 328/527/325 325/530/337
f 325/530/337 328/527/325 326/531/329
f 326/531/329 328/527/325 327/532/338
f 327/532/338 328/527/325 329/533/339
f 329/533/339 328/527/325 330/534/340
f 330/534/340 328/527/325 331/535/341
f 331/535/341 328/527/325 332/536/334
f 322/526/335 332/536/334 328/527/325
f 792/537/342 333/538/343 334/539/344
f 336/540/345 334/539/344 333/538/343
f 334/539/344 336/540/345 335/541/346
f 335/541/346 336/540/345 337/542/347
f 794/543/348 337/542/347 336/540/345
f 337/542/347 794/543/348 342/544/349
f 338/545/350 342/544/349 794/543/348
f 791/546/351 342/544/349 338/545/350
f 342/544/349 791/546/351 339/547/352
f 792/537/342 339/547/352 791/546/351
f 339/547/352 792/537/342 340/548/353
f 334/539/344 340/548/353 792/537/342
f 340/548/353 334/539/344 451/549/354
f 335/541/346 451/549/354 334/539/344
f 451/549/354 335/541/346 454/550/355
f 337/542/347 454/550/355 335/541/346
f 454/550/355 337/542/347 341/551/356
f 342/544/349 341/551/356 337/542/347
f 341/551/356 342/544/349 343/552/357
f 343/552/357 342/544/349 455/553/358
f 339/547/352 455/553/358 342/544/349
f 455/553/358 339/547/352 450/554/359
f 340/548/353 450/554/359 339/547/352
f 450/554/359 340/548/353 451/549/354
f 344/555/360 521/556/361 345/557/362
f 346/558/363 345/557/362 521/556/361
f 345/557/362 346/558/363 347/559/364
f 348/560/365 347/559/364 346/558/363
f 349/561/366 347/559/364 348/560/365
f 347/559/364 349/561/366 350/562/367
f 351/563/368 350/562/367 349/561/366
f 352/564/369 350/562/367 351/563/368
f 350/562/367 352/564/369 354/565/370
f 353/566/371 354/565/370 352/564/369
f 344/555/360 354/565/370 353/566/371
f 345/557/362 354/565/370 344/555/360
f 354/565/370 345/557/362 350/562/367
f 347/559/364 350/562/367 345/557/362
f 535/567/372 355/568/373 356/569/374
f 356/569/374 355/568/373 357/570/375
f 358/571/376 357/570/375 355/568/373
f 357/570/375 358/571/376 359/572/377
f 360/573/378 359/572/377 358/571/376
f 359/572/377 360/573/378 361/574/379
f 538/575/380 361/574/379 360/573/378
f 362/576/381 361/574/379 538/575/380
f 361/574/379 362/576/381 363/577/382
f 364/578/383 363/577/382 362/576/381
f 363/577/382 364/578/383 365/579/384
f 367/580/385 365/579/384 364/578/383
f 365/579/384 367/580/385 366/581/386
f 366/581/386 367/580/385 385/582/387
f 368/583/388 385/582/387 367/580/385
f 385/582/387 368/583/388 388/584/389
f 545/585/390 388/584/389 368/583/388
f 388/584/389 545/585/390 391/586/391
f 369/587/392 391/586/391 545/585/390
f 529/588/393 391/586/391 369/587/392
f 391/586/391 529/588/393 393/589/394
f 370/590/395 393/589/394 529/588/393
f 393/589/394 370/590/395 371/591/396
f 372/592/397 371/591/396 370/590/395
f 371/591/396 372/592/397 373/593/398
f 374/594/399 373/593/398 372/592/397
f 373/593/398 374/594/399 375/595/400
f 376/596/401 375/595/400 374/594/399
f 375/595/400 376/596/401 397/597/402
f 397/597/402 376/596/401 377/598/403
f 535/567/372 377/598/403 376/596/401
f 356/569/374 377/598/403 535/567/372
f 377/598/403 356/569/374 399/599/404
f 357/570/375 399/599/404 356/569/374
f 399/599/404 357/570/375 378/600/405
f 359/572/377 378/600/405 357/570/375
f 378/600/405 359/572/377 401/601/406
f 401/601/406 359/572/377 379/602/407
f 379/602/407 359/572/377 380/603/408
f 361/574/379 380/603/408 359/572/377
f 363/577/382 380/603/408 361/574/379
f 380/603/408 363/577/382 381/604/409
f 381/604/409 363/577/382 403/605/410
f 403/605/410 363/577/382 382/606/411
f 365/579/384 382/606/411 363/577/382
f 366/581/386 382/606/411 365/579/384
f 382/606/411 366/581/386 383/607/412
f 383/607/412 366/581/386 384/608/413
f 384/608/413 366/581/386 407/609/414
f 407/609/414 366/581/386 386/610/415
f 385/582/387 386/610/415 366/581/386
f 388/584/389 386/610/415 385/582/387
f 386/610/415 388/584/389 387/611/416
f 387/611/416 388/584/389 389/612/417
f 389/612/417 388/584/389 390/613/418
f 391/586/391 390/613/418 388/584/389
f 393/589/394 390/613/418 391/586/391
f 390/613/418 393/589/394 392/614/419
f 392/614/419 393/589/394 411/615/420
f 411/615/420 393/589/394 394/616/421
f 371/591/396 394/616/421 393/589/394
f 394/616/421 371/591/396 395/617/422
f 373/593/398 395/617/422 371/591/396
f 375/595/400 395/617/422 373/593/398
f 395/617/422 375/595/400 396/618/423
f 397/597/402 396/618/423 375/595/400
f 396/618/423 397/597/402 416/619/424
f 416/619/424 397/597/402 398/620/425
f 377/598/403 398/620/425 397/597/402
f 399/599/404 398/620/425 377/598/403
f 398/620/425 399/599/404 420/621/426
f 420/621/426 399/599/404 400/622/427
f 378/600/405 400/622/427 399/599/404
f 400/622/427 378/600/405 4/623/5
f 401/601/406 4/623/5 378/600/405
f 4/623/5 401/601/406 421/624/428
f 421/624/428 401/601/406 422/625/429
f 422/625/429 401/601/406 424/626/430
f 379/602/407 424/626/430 401/601/406
f 380/603/408 424/626/430 379/602/407
f 424/626/430 380/603/408 402/627/431
f 381/604/409 402/627/431 380/603/408
f 402/627/431 381/604/409 404/628/432
f 403/605/410 404/628/432 381/604/409
f 382/606/411 404/628/432 403/605/410
f 383/607/412 404/628/432 382/606/411
f 404/628/432 383/607/412 423/629/433
f 423/629/433 383/607/412 405/630/434
f 384/608/413 405/630/434 383/607/412
f 407/609/414 405/630/434 384/608/413
f 405/630/434 407/609/414 406/631/435
f 406/631/435 407/609/414 449/632/436
f 449/632/436 407/609/414 408/633/437
f 386/610/415 408/633/437 407/609/414
f 387/611/416 408/633/437 386/610/415
f 389/612/417 408/633/437 387/611/416
f 408/633/437 389/612/417 409/634/438
f 390/613/418 409/634/438 389/612/417
f 409/634/438 390/613/418 410/635/439
f 392/614/419 410/635/439 390/613/418
f 411/615/420 410/635/439 392/614/419
f 410/635/439 411/615/420 412/636/440
f 412/636/440 411/615/420 413/637/441
f 413/637/441 411/615/420 78/638/93
f 394/616/421 78/638/93 411/615/420
f 78/638/93 394/616/421 438/639/442
f 395/617/422 438/639/442 394/616/421
f 438/639/442 395/617/422 414/640/443
f 396/618/423 414/640/443 395/617/422
f 414/640/443 396/618/423 415/641/444
f 416/619/424 415/641/444 396/618/423
f 415/641/444 416/619/424 417/642/445
f 417/642/445 416/619/424 418/643/446
f 398/620/425 418/643/446 416/619/424
f 420/621/426 418/643/446 398/620/425
f 418/643/446 420/621/426 419/644/447
f 419/644/447 420/621/426 437/645/448
f 437/645/448 420/621/426 426/646/449
f 400/622/427 426/646/449 420/621/426
f 426/646/449 400/622/427 3/647/2
f 4/623/5 3/647/2 400/622/427
f 4/623/5 421/624/428 5/648/6
f 5/648/6 421/624/428 431/649/450
f 431/649/450 421/624/428 433/650/451
f 422/625/429 433/650/451 421/624/428
f 433/650/451 422/625/429 435/651/452
f 435/651/452 422/625/429 423/629/433
f 423/629/433 422/625/429 425/652/453
f 424/626/430 425/652/453 422/625/429
f 402/627/431 425/652/453 424/626/430
f 404/628/432 425/652/453 402/627/431
f 425/652/453 404/628/432 423/629/433
f 3/647/2 1/653/1 426/646/449
f 426/646/449 1/653/1 427/654/454
f 2/655/3 427/654/454 1/653/1
f 427/654/454 2/655/3 428/656/455
f 429/657/8 428/656/455 2/655/3
f 428/656/455 429/657/8 436/658/456
f 436/658/456 429/657/8 430/659/457
f 7/660/7 430/659/457 429/657/8
f 5/648/6 430/659/457 7/660/7
f 430/659/457 5/648/6 419/644/447
f 431/649/450 419/644/447 5/648/6
f 419/644/447 431/649/450 418/643/446
f 418/643/446 431/649/450 417/642/445
f 417/642/445 431/649/450 432/661/458
f 433/650/451 432/661/458 431/649/450
f 432/661/458 433/650/451 434/662/459
f 434/662/459 433/650/451 413/637/441
f 413/637/441 433/650/451 412/636/440
f 435/651/452 412/636/440 433/650/451
f 412/636/440 435/651/452 406/631/435
f 406/631/435 435/651/452 405/630/434
f 423/629/433 405/630/434 435/651/452
f 419/644/447 437/645/448 430/659/457
f 430/659/457 437/645/448 436/658/456
f 436/658/456 437/645/448 428/656/455
f 426/646/449 428/656/455 437/645/448
f 428/656/455 426/646/449 427/654/454
f 78/638/93 438/639/442 75/663/88
f 75/663/88 438/639/442 439/664/460
f 414/640/443 439/664/460 438/639/442
f 439/664/460 414/640/443 448/665/461
f 448/665/461 414/640/443 441/666/462
f 415/641/444 441/666/462 414/640/443
f 441/666/462 415/641/444 434/662/459
f 417/642/445 434/662/459 415/641/444
f 434/662/459 417/642/445 432/661/458
f 78/638/93 440/667/92 413/637/441
f 413/637/441 440/667/92 434/662/459
f 434/662/459 440/667/92 441/666/462
f 441/666/462 440/667/92 443/668/463
f 442/669/90 443/668/463 440/667/92
f 445/670/91 443/668/463 442/669/90
f 443/668/463 445/670/91 444/671/464
f 444/671/464 445/670/91 446/672/465
f 76/673/87 446/672/465 445/670/91
f 446/672/465 76/673/87 447/674/466
f 74/675/86 447/674/466 76/673/87
f 447/674/466 74/675/86 439/664/460
f 75/663/88 439/664/460 74/675/86
f 441/666/462 443/668/463 448/665/461
f 444/671/464 448/665/461 443/668/463
f 446/672/465 448/665/461 444/671/464
f 448/665/461 446/672/465 439/664/460
f 447/674/466 439/664/460 446/672/465
f 408/633/437 409/634/438 449/632/436
f 410/635/439 449/632/436 409/634/438
f 412/636/440 449/632/436 410/635/439
f 449/632/436 412/636/440 406/631/435
f 455/676/358 450/677/359 457/678/467
f 457/678/467 450/677/359 461/679/468
f 461/679/468 450/677/359 463/680/469
f 451/681/354 463/680/469 450/677/359
f 463/680/469 451/681/354 452/682/470
f 452/682/470 451/681/354 469/683/471
f 454/684/355 469/683/471 451/681/354
f 469/683/471 454/684/355 453/685/472
f 453/685/472 454/684/355 474/686/473
f 341/687/356 474/686/473 454/684/355
f 474/686/473 341/687/356 456/688/474
f 343/689/357 456/688/474 341/687/356
f 455/676/358 456/688/474 343/689/357
f 457/678/467 456/688/474 455/676/358
f 456/688/474 457/678/467 477/690/475
f 477/690/475 457/678/467 458/691/476
f 458/691/476 457/678/467 459/692/477
f 461/679/468 459/692/477 457/678/467
f 459/692/477 461/679/468 460/693/478
f 460/693/478 461/679/468 462/694/479
f 463/680/469 462/694/479 461/679/468
f 462/694/479 463/680/469 483/695/480
f 483/695/480 463/680/469 464/696/481
f 464/696/481 463/680/469 465/697/482
f 452/682/470 465/697/482 463/680/469
f 465/697/482 452/682/470 466/698/483
f 466/698/483 452/682/470 467/699/484
f 469/683/471 467/699/484 452/682/470
f 467/699/484 469/683/471 468/700/485
f 468/700/485 469/683/471 490/701/486
f 490/701/486 469/683/471 470/702/487
f 453/685/472 470/702/487 469/683/471
f 470/702/487 453/685/472 471/703/488
f 471/703/488 453/685/472 472/704/489
f 474/686/473 472/704/489 453/685/472
f 472/704/489 474/686/473 473/705/490
f 473/705/490 474/686/473 475/706/491
f 456/688/474 475/706/491 474/686/473
f 475/706/491 456/688/474 476/707/492
f 477/690/475 476/707/492 456/688/474
f 476/707/492 477/690/475 511/708/493
f 511/708/493 477/690/475 478/709/494
f 458/691/476 478/709/494 477/690/475
f 478/709/494 458/691/476 479/710/495
f 479/710/495 458/691/476 480/711/496
f 459/692/477 480/711/496 458/691/476
f 460/693/478 480/711/496 459/692/477
f 480/711/496 460/693/478 481/712/497
f 481/712/497 460/693/478 482/713/498
f 462/694/479 482/713/498 460/693/478
f 482/713/498 462/694/479 494/714/499
f 483/695/480 494/714/499 462/694/479
f 494/714/499 483/695/480 496/715/500
f 496/715/500 483/695/480 484/716/501
f 464/696/481 484/716/501 483/695/480
f 484/716/501 464/696/481 485/717/502
f 465/697/482 485/717/502 464/696/481
f 485/717/502 465/697/482 486/718/503
f 466/698/483 486/718/503 465/697/482
f 467/699/484 486/718/503 466/698/483
f 486/718/503 467/699/484 487/719/504
f 468/700/485 487/719/504 467/699/484
f 487/719/504 468/700/485 488/720/505
f 490/701/486 488/720/505 468/700/485
f 488/720/505 490/701/486 489/721/506
f 489/721/506 490/701/486 503/722/507
f 470/702/487 503/722/507 490/701/486
f 503/722/507 470/702/487 505/723/508
f 471/703/488 505/723/508 470/702/487
f 505/723/508 471/703/488 507/724/509
f 507/724/509 471/703/488 491/725/510
f 472/704/489 491/725/510 471/703/488
f 473/705/490 491/725/510 472/704/489
f 491/725/510 473/705/490 492/726/511
f 492/726/511 473/705/490 509/727/512
f 475/706/491 509/727/512 473/705/490
f 509/727/512 475/706/491 511/708/493
f 476/707/492 511/708/493 475/706/491
f 481/712/497 482/713/498 493/728/513
f 493/728/513 482/713/498 18/27/25
f 18/27/25 482/713/498 495/25/21
f 494/714/499 495/25/21 482/713/498
f 496/715/500 495/25/21 494/714/499
f 495/25/21 496/715/500 556/32/22
f 556/32/22 496/715/500 497/729/514
f 497/729/514 496/715/500 498/730/515
f 484/716/501 498/730/515 496/715/500
f 498/730/515 484/716/501 499/731/516
f 485/717/502 499/731/516 484/716/501
f 499/731/516 485/717/502 500/732/517
f 486/718/503 500/732/517 485/717/502
f 487/719/504 500/732/517 486/718/503
f 500/732/517 487/719/504 501/733/518
f 488/720/505 501/733/518 487/719/504
f 501/733/518 488/720/505 548/734/519
f 489/721/506 548/734/519 488/720/505
f 548/734/519 489/721/506 502/735/520
f 502/735/520 489/721/506 550/49/40
f 550/49/40 489/721/506 504/54/45
f 503/722/507 504/54/45 489/721/506
f 505/723/508 504/54/45 503/722/507
f 504/54/45 505/723/508 36/53/44
f 36/53/44 505/723/508 506/736/521
f 507/724/509 506/736/521 505/723/508
f 506/736/521 507/724/509 528/737/522
f 528/737/522 507/724/509 508/738/523
f 491/725/510 508/738/523 507/724/509
f 492/726/511 508/738/523 491/725/510
f 508/738/523 492/726/511 530/739/524
f 530/739/524 492/726/511 531/740/525
f 509/727/512 531/740/525 492/726/511
f 511/708/493 531/740/525 509/727/512
f 531/740/525 511/708/493 510/741/526
f 510/741/526 511/708/493 512/742/527
f 478/709/494 512/742/527 511/708/493
f 479/710/495 512/742/527 478/709/494
f 512/742/527 479/710/495 513/743/528
f 513/743/528 479/710/495 514/744/529
f 480/711/496 514/744/529 479/710/495
f 481/712/497 514/744/529 480/711/496
f 514/744/529 481/712/497 515/745/530
f 493/728/513 515/745/530 481/712/497
f 515/745/530 493/728/513 516/746/531
f 18/27/25 516/746/531 493/728/513
f 19/28/26 516/746/531 18/27/25
f 516/746/531 19/28/26 518/747/532
f 517/30/27 518/747/532 19/28/26
f 520/38/32 518/747/532 517/30/27
f 518/747/532 520/38/32 519/748/533
f 519/748/533 520/38/32 521/749/361
f 26/40/33 521/749/361 520/38/32
f 522/41/34 521/749/361 26/40/33
f 521/749/361 522/41/34 523/750/534
f 523/750/534 522/41/34 524/751/535
f 525/43/35 524/751/535 522/41/34
f 34/51/42 524/751/535 525/43/35
f 524/751/535 34/51/42 526/752/536
f 36/53/44 526/752/536 34/51/42
f 506/736/521 526/752/536 36/53/44
f 528/737/522 526/752/536 506/736/521
f 526/752/536 528/737/522 527/753/537
f 527/753/537 528/737/522 529/754/393
f 529/754/393 528/737/522 370/755/395
f 508/738/523 370/755/395 528/737/522
f 370/755/395 508/738/523 372/756/397
f 530/739/524 372/756/397 508/738/523
f 372/756/397 530/739/524 374/757/399
f 374/757/399 530/739/524 532/758/538
f 531/740/525 532/758/538 530/739/524
f 510/741/526 532/758/538 531/740/525
f 532/758/538 510/741/526 533/759/539
f 533/759/539 510/741/526 534/760/540
f 512/742/527 534/760/540 510/741/526
f 513/743/528 534/760/540 512/742/527
f 534/760/540 513/743/528 535/761/372
f 535/761/372 513/743/528 355/762/373
f 514/744/529 355/762/373 513/743/528
f 355/762/373 514/744/529 358/763/376
f 515/745/530 358/763/376 514/744/529
f 358/763/376 515/745/530 360/764/378
f 360/764/378 515/745/530 537/765/541
f 516/746/531 537/765/541 515/745/530
f 537/765/541 516/746/531 536/766/542
f 518/747/532 536/766/542 516/746/531
f 519/748/533 536/766/542 518/747/532
f 536/766/542 519/748/533 344/767/360
f 521/749/361 344/767/360 519/748/533
f 534/760/540 535/761/372 533/759/539
f 376/768/401 533/759/539 535/761/372
f 374/757/399 533/759/539 376/768/401
f 533/759/539 374/757/399 532/758/538
f 360/764/378 537/765/541 538/769/380
f 538/769/380 537/765/541 539/770/543
f 536/766/542 539/770/543 537/765/541
f 539/770/543 536/766/542 353/771/371
f 344/767/360 353/771/371 536/766/542
f 538/769/380 539/770/543 362/772/381
f 362/772/381 539/770/543 540/773/544
f 540/773/544 539/770/543 352/774/369
f 353/771/371 352/774/369 539/770/543
f 352/774/369 351/775/368 540/773/544
f 540/773/544 351/775/368 541/776/545
f 541/776/545 351/775/368 542/777/546
f 349/778/366 542/777/546 351/775/368
f 542/777/546 349/778/366 544/779/547
f 348/780/365 544/779/547 349/778/366
f 544/779/547 348/780/365 543/781/548
f 346/782/363 543/781/548 348/780/365
f 543/781/548 346/782/363 523/750/534
f 521/749/361 523/750/534 346/782/363
f 523/750/534 524/751/535 543/781/548
f 526/752/536 543/781/548 524/751/535
f 527/753/537 543/781/548 526/752/536
f 543/781/548 527/753/537 544/779/547
f 544/779/547 527/753/537 369/783/392
f 529/754/393 369/783/392 527/753/537
f 369/783/392 545/784/390 544/779/547
f 544/779/547 545/784/390 542/777/546
f 368/785/388 542/777/546 545/784/390
f 542/777/546 368/785/388 546/786/549
f 367/787/385 546/786/549 368/785/388
f 364/788/383 546/786/549 367/787/385
f 546/786/549 364/788/383 540/773/544
f 362/772/381 540/773/544 364/788/383
f 540/773/544 541/776/545 546/786/549
f 542/777/546 546/786/549 541/776/545
f 65/789/76 497/790/514 66/791/77
f 498/792/515 66/791/77 497/790/514
f 499/793/516 66/791/77 498/792/515
f 66/791/77 499/793/516 547/794/78
f 500/795/517 547/794/78 499/793/516
f 501/796/518 547/794/78 500/795/517
f 547/794/78 501/796/518 549/797/79
f 548/798/519 549/797/79 501/796/518
f 502/799/520 549/797/79 548/798/519
f 549/797/79 502/799/520 67/800/80
f 550/68/40 67/800/80 502/799/520
f 67/800/80 550/68/40 560/801/85
f 560/801/85 550/68/40 551/802/550
f 551/802/550 550/68/40 552/803/551
f 56/804/65 552/803/551 550/68/40
f 55/805/64 552/803/551 56/804/65
f 552/803/551 55/805/64 553/806/552
f 54/807/63 553/806/552 55/805/64
f 53/808/62 553/806/552 54/807/63
f 553/806/552 53/808/62 554/809/553
f 52/810/61 554/809/553 53/808/62
f 556/55/22 554/809/553 52/810/61
f 554/809/553 556/55/22 555/811/554
f 555/811/554 556/55/22 68/812/81
f 68/812/81 556/55/22 65/789/76
f 497/790/514 65/789/76 556/55/22
f 554/809/553 555/811/554 557/813/555
f 557/813/555 555/811/554 558/814/556
f 68/812/81 558/814/556 555/811/554
f 70/815/82 558/814/556 68/812/81
f 558/814/556 70/815/82 559/816/557
f 72/817/83 559/816/557 70/815/82
f 73/818/84 559/816/557 72/817/83
f 559/816/557 73/818/84 561/819/558
f 560/801/85 561/819/558 73/818/84
f 551/802/550 561/819/558 560/801/85
f 561/819/558 551/802/550 562/820/559
f 552/803/551 562/820/559 551/802/550
f 562/820/559 552/803/551 563/821/560
f 553/806/552 563/821/560 552/803/551
f 563/821/560 553/806/552 564/822/561
f 564/822/561 553/806/552 565/823/562
f 554/809/553 565/823/562 553/806/552
f 565/823/562 554/809/553 557/813/555
f 565/824/562 557/825/555 566/826/563
f 566/826/563 557/825/555 567/827/564
f 558/828/556 567/827/564 557/825/555
f 567/827/564 558/828/556 568/829/565
f 559/830/557 568/829/565 558/828/556
f 561/831/558 568/829/565 559/830/557
f 568/829/565 561/831/558 569/832/566
f 562/833/559 569/832/566 561/831/558
f 569/832/566 562/833/559 570/834/567
f 563/835/560 570/834/567 562/833/559
f 570/834/567 563/835/560 571/836/568
f 571/836/568 563/835/560 572/837/569
f 564/838/561 572/837/569 563/835/560
f 565/824/562 572/837/569 564/838/561
f 572/837/569 565/824/562 573/839/570
f 566/826/563 573/839/570 565/824/562
f 573/839/570 566/826/563 574/840/571
f 574/840/571 566/826/563 578/841/572
f 567/827/564 578/841/572 566/826/563
f 578/841/572 567/827/564 575/842/573
f 568/829/565 575/842/573 567/827/564
f 569/832/566 575/842/573 568/829/565
f 575/842/573 569/832/566 576/843/574
f 570/834/567 576/843/574 569/832/566
f 576/843/574 570/834/567 577/844/575
f 571/836/568 577/844/575 570/834/567
f 577/844/575 571/836/568 579/845/576
f 572/837/569 579/845/576 571/836/568
f 573/839/570 579/845/576 572/837/569
f 574/840/571 579/845/576 573/839/570
f 578/841/572 579/845/576 574/840/571
f 575/842/573 579/845/576 578/841/572
f 576/843/574 579/845/576 575/842/573
f 579/845/576 576/843/574 577/844/575
f 587/846/228 197/847/223 580/848/577
f 199/849/224 580/848/577 197/847/223
f 580/848/577 199/849/224 581/850/578
f 200/851/225 581/850/578 199/849/224
f 581/850/578 200/851/225 582/852/579
f 582/852/579 200/851/225 590/853/580
f 583/854/226 590/853/580 200/851/225
f 585/855/227 590/853/580 583/854/226
f 590/853/580 585/855/227 584/856/581
f 584/856/581 585/855/227 586/857/582
f 587/846/228 586/857/582 585/855/227
f 580/848/577 586/857/582 587/846/228
f 586/857/582 580/848/577 593/858/583
f 581/850/578 593/858/583 580/848/577
f 593/858/583 581/850/578 588/859/584
f 582/852/579 588/859/584 581/850/578
f 588/859/584 582/852/579 597/860/585
f 597/860/585 582/852/579 589/861/586
f 590/853/580 589/861/586 582/852/579
f 584/856/581 589/861/586 590/853/580
f 589/861/586 584/856/581 591/862/587
f 591/862/587 584/856/581 592/863/588
f 586/857/582 592/863/588 584/856/581
f 593/858/583 592/863/588 586/857/582
f 592/863/588 593/858/583 601/864/589
f 601/864/589 593/858/583 594/865/590
f 588/859/584 594/865/590 593/858/583
f 594/865/590 588/859/584 595/866/591
f 597/860/585 595/866/591 588/859/584
f 595/866/591 597/860/585 596/867/592
f 596/867/592 597/860/585 606/868/593
f 589/861/586 606/868/593 597/860/585
f 606/868/593 589/861/586 598/869/594
f 591/862/587 598/869/594 589/861/586
f 598/869/594 591/862/587 599/870/595
f 592/863/588 599/870/595 591/862/587
f 601/864/589 599/870/595 592/863/588
f 599/870/595 601/864/589 600/871/596
f 600/871/596 601/864/589 602/872/597
f 602/872/597 601/864/589 611/873/598
f 611/873/598 601/864/589 603/874/599
f 594/865/590 603/874/599 601/864/589
f 603/874/599 594/865/590 604/875/600
f 595/866/591 604/875/600 594/865/590
f 604/875/600 595/866/591 616/876/601
f 616/876/601 595/866/591 605/877/602
f 605/877/602 595/866/591 619/878/603
f 596/867/592 619/878/603 595/866/591
f 619/878/603 596/867/592 607/879/604
f 606/868/593 607/879/604 596/867/592
f 598/869/594 607/879/604 606/868/593
f 607/879/604 598/869/594 622/880/605
f 599/870/595 622/880/605 598/869/594
f 600/871/596 622/880/605 599/870/595
f 622/880/605 600/871/596 624/881/606
f 624/881/606 600/871/596 626/882/607
f 626/882/607 600/871/596 608/883/608
f 602/872/597 608/883/608 600/871/596
f 608/883/608 602/872/597 629/884/609
f 611/873/598 629/884/609 602/872/597
f 629/884/609 611/873/598 609/885/610
f 609/885/610 611/873/598 631/886/611
f 631/886/611 611/873/598 610/887/612
f 610/887/612 611/873/598 612/888/613
f 612/888/613 611/873/598 613/889/614
f 603/874/599 613/889/614 611/873/598
f 604/875/600 613/889/614 603/874/599
f 613/889/614 604/875/600 614/890/615
f 616/876/601 614/890/615 604/875/600
f 614/890/615 616/876/601 615/891/616
f 615/891/616 616/876/601 610/887/612
f 605/877/602 610/887/612 616/876/601
f 610/887/612 605/877/602 617/892/617
f 617/892/617 605/877/602 648/893/618
f 648/893/618 605/877/602 618/894/619
f 619/878/603 618/894/619 605/877/602
f 618/894/619 619/878/603 620/895/620
f 620/895/620 619/878/603 621/896/621
f 607/879/604 621/896/621 619/878/603
f 621/896/621 607/879/604 651/897/622
f 651/897/622 607/879/604 652/898/623
f 622/880/605 652/898/623 607/879/604
f 624/881/606 652/898/623 622/880/605
f 652/898/623 624/881/606 623/899/624
f 623/899/624 624/881/606 625/900/625
f 626/882/607 625/900/625 624/881/606
f 625/900/625 626/882/607 642/901/626
f 642/901/626 626/882/607 644/902/627
f 644/902/627 626/882/607 632/903/628
f 632/903/628 626/882/607 627/904/629
f 608/883/608 627/904/629 626/882/607
f 629/884/609 627/904/629 608/883/608
f 627/904/629 629/884/609 628/905/630
f 628/905/630 629/884/609 633/906/631
f 609/885/610 633/906/631 629/884/609
f 633/906/631 609/885/610 644/902/627
f 631/886/611 644/902/627 609/885/610
f 644/902/627 631/886/611 630/907/632
f 630/907/632 631/886/611 617/892/617
f 610/887/612 617/892/617 631/886/611
f 613/889/614 614/890/615 612/888/613
f 615/891/616 612/888/613 614/890/615
f 612/888/613 615/891/616 610/887/612
f 627/904/629 628/905/630 632/903/628
f 632/903/628 628/905/630 634/908/633
f 633/906/631 634/908/633 628/905/630
f 644/902/627 634/908/633 633/906/631
f 634/908/633 644/902/627 632/903/628
f 625/900/625 636/909/634 623/899/624
f 623/899/624 636/909/634 635/910/635
f 635/910/635 636/909/634 655/911/636
f 655/911/636 636/909/634 637/912/637
f 637/912/637 636/909/634 638/913/638
f 638/913/638 636/909/634 639/914/639
f 625/900/625 639/914/639 636/909/634
f 639/914/639 625/900/625 640/915/640
f 642/901/626 640/915/640 625/900/625
f 640/915/640 642/901/626 641/916/641
f 641/916/641 642/901/626 643/917/642
f 644/902/627 643/917/642 642/901/626
f 643/917/642 644/902/627 669/918/643
f 669/918/643 644/902/627 645/919/644
f 630/907/632 645/919/644 644/902/627
f 645/919/644 630/907/632 646/920/645
f 646/920/645 630/907/632 647/921/646
f 647/921/646 630/907/632 676/922/647
f 617/892/617 676/922/647 630/907/632
f 648/893/618 676/922/647 617/892/617
f 676/922/647 648/893/618 677/923/648
f 677/923/648 648/893/618 649/924/649
f 618/894/619 649/924/649 648/893/618
f 649/924/649 618/894/619 650/925/650
f 620/895/620 650/925/650 618/894/619
f 650/925/650 620/895/620 654/926/651
f 621/896/621 654/926/651 620/895/620
f 654/926/651 621/896/621 653/927/652
f 651/897/622 653/927/652 621/896/621
f 652/898/623 653/927/652 651/897/622
f 623/899/624 653/927/652 652/898/623
f 635/910/635 653/927/652 623/899/624
f 653/927/652 635/910/635 654/926/651
f 654/926/651 635/910/635 679/928/653
f 655/911/636 679/928/653 635/910/635
f 679/928/653 655/911/636 681/929/654
f 681/929/654 655/911/636 656/930/655
f 637/912/637 656/930/655 655/911/636
f 656/930/655 637/912/637 657/931/656
f 638/913/638 657/931/656 637/912/637
f 657/931/656 638/913/638 658/932/657
f 658/932/657 638/913/638 659/933/658
f 639/914/639 659/933/658 638/913/638
f 640/915/640 659/933/658 639/914/639
f 659/933/658 640/915/640 660/934/659
f 641/916/641 660/934/659 640/915/640
f 660/934/659 641/916/641 664/935/660
f 664/935/660 641/916/641 661/936/661
f 661/936/661 641/916/641 669/918/643
f 643/917/642 669/918/643 641/916/641
f 659/933/658 660/934/659 658/932/657
f 664/935/660 658/932/657 660/934/659
f 658/932/657 664/935/660 662/937/662
f 662/937/662 664/935/660 663/938/663
f 663/938/663 664/935/660 665/939/664
f 665/939/664 664/935/660 666/940/665
f 661/936/661 666/940/665 664/935/660
f 669/918/643 666/940/665 661/936/661
f 666/940/665 669/918/643 667/941/666
f 667/941/666 669/918/643 668/942/667
f 668/942/667 669/918/643 646/920/645
f 645/919/644 646/920/645 669/918/643
f 658/932/657 662/937/662 657/931/656
f 657/931/656 662/937/662 656/930/655
f 656/930/655 662/937/662 670/943/668
f 663/938/663 670/943/668 662/937/662
f 670/943/668 663/938/663 671/944/669
f 671/944/669 663/938/663 672/945/670
f 665/939/664 672/945/670 663/938/663
f 672/945/670 665/939/664 673/946/671
f 666/940/665 673/946/671 665/939/664
f 673/946/671 666/940/665 677/923/648
f 667/941/666 677/923/648 666/940/665
f 677/923/648 667/941/666 674/947/672
f 674/947/672 667/941/666 675/948/673
f 668/942/667 675/948/673 667/941/666
f 646/920/645 675/948/673 668/942/667
f 647/921/646 675/948/673 646/920/645
f 675/948/673 647/921/646 678/949/674
f 676/922/647 678/949/674 647/921/646
f 677/923/648 678/949/674 676/922/647
f 674/947/672 678/949/674 677/923/648
f 678/949/674 674/947/672 675/948/673
f 654/926/651 679/928/653 650/925/650
f 650/925/650 679/928/653 680/950/675
f 681/929/654 680/950/675 679/928/653
f 680/950/675 681/929/654 671/944/669
f 671/944/669 681/929/654 670/943/668
f 656/930/655 670/943/668 681/929/654
f 671/944/669 672/945/670 680/950/675
f 673/946/671 680/950/675 672/945/670
f 680/950/675 673/946/671 649/924/649
f 677/923/648 649/924/649 673/946/671
f 689/951/132 682/952/127 690/953/676
f 690/953/676 682/952/127 683/954/677
f 99/955/117 683/954/677 682/952/127
f 683/954/677 99/955/117 684/956/678
f 684/956/678 99/955/117 685/957/679
f 100/958/118 685/957/679 99/955/117
f 685/957/679 100/958/118 694/959/680
f 102/960/121 694/959/680 100/958/118
f 694/959/680 102/960/121 686/961/681
f 104/962/123 686/961/681 102/960/121
f 686/961/681 104/962/123 687/963/682
f 688/964/133 687/963/682 104/962/123
f 689/951/132 687/963/682 688/964/133
f 690/953/676 687/963/682 689/951/132
f 687/963/682 690/953/676 691/965/683
f 691/965/683 690/953/676 697/966/684
f 683/954/677 697/966/684 690/953/676
f 697/966/684 683/954/677 692/967/685
f 692/967/685 683/954/677 699/968/686
f 684/956/678 699/968/686 683/954/677
f 699/968/686 684/956/678 693/969/687
f 685/957/679 693/969/687 684/956/678
f 693/969/687 685/957/679 695/970/688
f 694/959/680 695/970/688 685/957/679
f 686/961/681 695/970/688 694/959/680
f 695/970/688 686/961/681 703/971/689
f 687/963/682 703/971/689 686/961/681
f 691/965/683 703/971/689 687/963/682
f 703/971/689 691/965/683 704/972/690
f 704/972/690 691/965/683 707/973/691
f 697/966/684 707/973/691 691/965/683
f 707/973/691 697/966/684 696/974/692
f 696/974/692 697/966/684 698/975/693
f 692/967/685 698/975/693 697/966/684
f 698/975/693 692/967/685 700/976/694
f 699/968/686 700/976/694 692/967/685
f 693/969/687 700/976/694 699/968/686
f 700/976/694 693/969/687 701/977/695
f 701/977/695 693/969/687 702/978/696
f 695/970/688 702/978/696 693/969/687
f 703/971/689 702/978/696 695/970/688
f 704/972/690 702/978/696 703/971/689
f 702/978/696 704/972/690 713/979/697
f 713/979/697 704/972/690 705/980/698
f 705/980/698 704/972/690 706/981/699
f 707/973/691 706/981/699 704/972/690
f 696/974/692 706/981/699 707/973/691
f 706/981/699 696/974/692 708/982/700
f 708/982/700 696/974/692 709/983/701
f 698/975/693 709/983/701 696/974/692
f 709/983/701 698/975/693 710/984/702
f 700/976/694 710/984/702 698/975/693
f 710/984/702 700/976/694 711/985/703
f 701/977/695 711/985/703 700/976/694
f 702/978/696 711/985/703 701/977/695
f 713/979/697 711/985/703 702/978/696
f 711/985/703 713/979/697 712/986/704
f 712/986/704 713/979/697 714/987/705
f 705/980/698 714/987/705 713/979/697
f 714/987/705 705/980/698 715/988/706
f 706/981/699 715/988/706 705/980/698
f 715/988/706 706/981/699 716/989/707
f 708/982/700 716/989/707 706/981/699
f 716/989/707 708/982/700 717/990/708
f 709/983/701 717/990/708 708/982/700
f 717/990/708 709/983/701 718/991/709
f 710/984/702 718/991/709 709/983/701
f 718/991/709 710/984/702 726/992/710
f 711/985/703 726/992/710 710/984/702
f 712/986/704 726/992/710 711/985/703
f 726/992/710 712/986/704 719/993/711
f 719/993/711 712/986/704 720/994/712
f 714/987/705 720/994/712 712/986/704
f 720/994/712 714/987/705 721/995/713
f 715/988/706 721/995/713 714/987/705
f 721/995/713 715/988/706 722/996/714
f 716/989/707 722/996/714 715/988/706
f 722/996/714 716/989/707 723/997/715
f 717/990/708 723/997/715 716/989/707
f 723/997/715 717/990/708 724/998/716
f 718/991/709 724/998/716 717/990/708
f 724/998/716 718/991/709 725/999/717
f 726/992/710 725/999/717 718/991/709
f 719/993/711 725/999/717 726/992/710
f 725/999/717 719/993/711 727/1000/718
f 727/1000/718 719/993/711 789/1001/719
f 720/994/712 789/1001/719 719/993/711
f 789/1001/719 720/994/712 728/1002/720
f 721/995/713 728/1002/720 720/994/712
f 728/1002/720 721/995/713 729/1003/721
f 722/996/714 729/1003/721 721/995/713
f 729/1003/721 722/996/714 730/1004/722
f 723/997/715 730/1004/722 722/996/714
f 730/1004/722 723/997/715 786/1005/723
f 724/998/716 786/1005/723 723/997/715
f 786/1005/723 724/998/716 787/1006/724
f 725/999/717 787/1006/724 724/998/716
f 787/1006/724 725/999/717 727/1000/718
f 745/1007/725 732/1008/726 731/1009/727
f 731/1009/727 732/1008/726 733/1010/728
f 733/1010/728 732/1008/726 750/1011/729
f 735/1012/730 750/1011/729 732/1008/726
f 750/1011/729 735/1012/730 734/1013/731
f 734/1013/731 735/1012/730 736/1014/732
f 736/1014/732 735/1012/730 758/1015/733
f 737/1016/734 758/1015/733 735/1012/730
f 758/1015/733 737/1016/734 738/1017/735
f 739/1018/736 738/1017/735 737/1016/734
f 738/1017/735 739/1018/736 740/1019/737
f 788/1020/738 740/1019/737 739/1018/736
f 740/1019/737 788/1020/738 741/1021/739
f 741/1021/739 788/1020/738 742/1022/740
f 743/1023/741 742/1022/740 788/1020/738
f 742/1022/740 743/1023/741 744/1024/742
f 745/1007/725 744/1024/742 743/1023/741
f 731/1009/727 744/1024/742 745/1007/725
f 744/1024/742 731/1009/727 746/1025/743
f 746/1025/743 731/1009/727 747/1026/744
f 733/1010/728 747/1026/744 731/1009/727
f 747/1026/744 733/1010/728 748/1027/745
f 750/1011/729 748/1027/745 733/1010/728
f 748/1027/745 750/1011/729 749/1028/746
f 749/1028/746 750/1011/729 751/1029/747
f 751/1029/747 750/1011/729 752/1030/748
f 752/1030/748 750/1011/729 753/1031/749
f 734/1013/731 753/1031/749 750/1011/729
f 753/1031/749 734/1013/731 754/1032/750
f 754/1032/750 734/1013/731 755/1033/751
f 755/1033/751 734/1013/731 756/1034/752
f 736/1014/732 756/1034/752 734/1013/731
f 756/1034/752 736/1014/732 757/1035/753
f 757/1035/753 736/1014/732 759/1036/754
f 758/1015/733 759/1036/754 736/1014/732
f 738/1017/735 759/1036/754 758/1015/733
f 759/1036/754 738/1017/735 751/1029/747
f 740/1019/737 751/1029/747 738/1017/735
f 751/1029/747 740/1019/737 760/1037/755
f 741/1021/739 760/1037/755 740/1019/737
f 760/1037/755 741/1021/739 769/1038/756
f 769/1038/756 741/1021/739 770/1039/757
f 742/1022/740 770/1039/757 741/1021/739
f 770/1039/757 742/1022/740 746/1025/743
f 744/1024/742 746/1025/743 742/1022/740
f 751/1029/747 752/1030/748 759/1036/754
f 759/1036/754 752/1030/748 761/1040/758
f 761/1040/758 752/1030/748 762/1041/759
f 753/1031/749 762/1041/759 752/1030/748
f 754/1032/750 762/1041/759 753/1031/749
f 762/1041/759 754/1032/750 763/1042/760
f 755/1033/751 763/1042/760 754/1032/750
f 763/1042/760 755/1033/751 765/1043/761
f 756/1034/752 765/1043/761 755/1033/751
f 765/1043/761 756/1034/752 764/1044/762
f 757/1035/753 764/1044/762 756/1034/752
f 764/1044/762 757/1035/753 761/1040/758
f 759/1036/754 761/1040/758 757/1035/753
f 763/1042/760 765/1043/761 762/1041/759
f 762/1041/759 765/1043/761 761/1040/758
f 764/1044/762 761/1040/758 765/1043/761
f 760/1037/755 766/1045/763 751/1029/747
f 751/1029/747 766/1045/763 749/1028/746
f 749/1028/746 766/1045/763 767/1046/764
f 760/1037/755 767/1046/764 766/1045/763
f 767/1046/764 760/1037/755 777/1047/765
f 769/1038/756 777/1047/765 760/1037/755
f 777/1047/765 769/1038/756 768/1048/766
f 768/1048/766 769/1038/756 779/1049/767
f 770/1039/757 779/1049/767 769/1038/756
f 746/1025/743 779/1049/767 770/1039/757
f 779/1049/767 746/1025/743 771/1050/768
f 747/1026/744 771/1050/768 746/1025/743
f 771/1050/768 747/1026/744 772/1051/769
f 748/1027/745 772/1051/769 747/1026/744
f 772/1051/769 748/1027/745 773/1052/770
f 749/1028/746 773/1052/770 748/1027/745
f 773/1052/770 749/1028/746 774/1053/771
f 767/1046/764 774/1053/771 749/1028/746
f 774/1053/771 767/1046/764 775/1054/772
f 775/1054/772 767/1046/764 776/1055/773
f 777/1047/765 776/1055/773 767/1046/764
f 768/1048/766 776/1055/773 777/1047/765
f 776/1055/773 768/1048/766 778/1056/774
f 778/1056/774 768/1048/766 783/1057/775
f 779/1049/767 783/1057/775 768/1048/766
f 771/1050/768 783/1057/775 779/1049/767
f 783/1057/775 771/1050/768 780/1058/776
f 772/1051/769 780/1058/776 771/1050/768
f 780/1058/776 772/1051/769 785/1059/777
f 773/1052/770 785/1059/777 772/1051/769
f 785/1059/777 773/1052/770 781/1060/778
f 781/1060/778 773/1052/770 782/1061/779
f 774/1053/771 782/1061/779 773/1052/770
f 775/1054/772 782/1061/779 774/1053/771
f 782/1061/779 775/1054/772 784/1062/780
f 776/1055/773 784/1062/780 775/1054/772
f 778/1056/774 784/1062/780 776/1055/773
f 783/1057/775 784/1062/780 778/1056/774
f 780/1058/776 784/1062/780 783/1057/775
f 785/1059/777 784/1062/780 780/1058/776
f 781/1060/778 784/1062/780 785/1059/777
f 784/1062/780 781/1060/778 782/1061/779
f 730/1063/722 786/1064/723 732/1065/726
f 732/1065/726 786/1064/723 735/1066/730
f 787/1067/724 735/1066/730 786/1064/723
f 735/1066/730 787/1067/724 737/1068/734
f 737/1068/734 787/1067/724 739/1069/736
f 727/1070/718 739/1069/736 787/1067/724
f 739/1069/736 727/1070/718 788/1071/738
f 789/1072/719 788/1071/738 727/1070/718
f 728/1073/720 788/1071/738 789/1072/719
f 788/1071/738 728/1073/720 743/1074/741
f 729/1075/721 743/1074/741 728/1073/720
f 743/1074/741 729/1075/721 745/1076/725
f 730/1063/722 745/1076/725 729/1075/721
f 745/1076/725 730/1063/722 732/1065/726
f 338/1077/350 169/1078/195 791/1079/351
f 790/1080/196 791/1079/351 169/1078/195
f 170/1081/197 791/1079/351 790/1080/196
f 791/1079/351 170/1081/197 792/1082/342
f 793/1083/198 792/1082/342 170/1081/197
f 171/1084/199 792/1082/342 793/1083/198
f 792/1082/342 171/1084/199 333/1085/343
f 172/1086/200 333/1085/343 171/1084/199
f 333/1085/343 172/1086/200 336/1087/345
f 87/1088/103 336/1087/345 172/1086/200
f 88/1089/104 336/1087/345 87/1088/103
f 336/1087/345 88/1089/104 794/1090/348
f 89/1091/105 794/1090/348 88/1089/104
f 168/1092/194 794/1090/348 89/1091/105
f 794/1090/348 168/1092/194 338/1077/350
f 169/1078/195 338/1077/350 168/1092/194
f 804/1093/220 796/1094/221 795/1095/781
f 795/1095/781 796/1094/221 798/1096/782
f 797/1097/222 798/1096/782 796/1094/221
f 192/1098/215 798/1096/782 797/1097/222
f 798/1096/782 192/1098/215 799/1099/783
f 193/1100/216 799/1099/783 192/1098/215
f 799/1099/783 193/1100/216 800/1101/784
f 194/1102/217 800/1101/784 193/1100/216
f 800/1101/784 194/1102/217 801/1103/785
f 803/1104/218 801/1103/785 194/1102/217
f 801/1103/785 803/1104/218 802/1105/786
f 802/1105/786 803/1104/218 805/1106/787
f 804/1093/220 805/1106/787 803/1104/218
f 795/1095/781 805/1106/787 804/1093/220
f 805/1106/787 795/1095/781 806/1107/788
f 806/1107/788 795/1095/781 807/1108/789
f 798/1096/782 807/1108/789 795/1095/781
f 807/1108/789 798/1096/782 808/1109/790
f 799/1099/783 808/1109/790 798/1096/782
f 808/1109/790 799/1099/783 809/1110/791
f 800/1101/784 809/1110/791 799/1099/783
f 809/1110/791 800/1101/784 810/1111/792
f 801/1103/785 810/1111/792 800/1101/784
f 802/1105/786 810/1111/792 801/1103/785
f 810/1111/792 802/1105/786 811/1112/793
f 805/1106/787 811/1112/793 802/1105/786
f 811/1112/793 805/1106/787 817/1113/794
f 806/1107/788 817/1113/794 805/1106/787
f 817/1113/794 806/1107/788 819/1114/795
f 819/1114/795 806/1107/788 812/1115/796
f 812/1115/796 806/1107/788 813/1116/797
f 807/1108/789 813/1116/797 806/1107/788
f 813/1116/797 807/1108/789 814/1117/798
f 808/1109/790 814/1117/798 807/1108/789
f 814/1117/798 808/1109/790 815/1118/799
f 809/1110/791 815/1118/799 808/1109/790
f 815/1118/799 809/1110/791 826/1119/800
f 810/1111/792 826/1119/800 809/1110/791
f 826/1119/800 810/1111/792 816/1120/801
f 811/1112/793 816/1120/801 810/1111/792
f 817/1113/794 816/1120/801 811/1112/793
f 819/1114/795 816/1120/801 817/1113/794
f 816/1120/801 819/1114/795 818/1121/802
f 818/1121/802 819/1114/795 820/1122/803
f 812/1115/796 820/1122/803 819/1114/795
f 820/1122/803 812/1115/796 821/1123/804
f 821/1123/804 812/1115/796 822/1124/805
f 813/1116/797 822/1124/805 812/1115/796
f 822/1124/805 813/1116/797 823/1125/806
f 814/1117/798 823/1125/806 813/1116/797
f 823/1125/806 814/1117/798 824/1126/807
f 815/1118/799 824/1126/807 814/1117/798
f 824/1126/807 815/1118/799 825/1127/808
f 826/1119/800 825/1127/808 815/1118/799
f 816/1120/801 825/1127/808 826/1119/800
f 818/1121/802 825/1127/808 816/1120/801
f 825/1127/808 818/1121/802 832/1128/809
f 832/1128/809 818/1121/802 835/1129/810
f 820/1122/803 835/1129/810 818/1121/802
f 835/1129/810 820/1122/803 827/1130/811
f 821/1123/804 827/1130/811 820/1122/803
f 827/1130/811 821/1123/804 828/1131/812
f 822/1124/805 828/1131/812 821/1123/804
f 828/1131/812 822/1124/805 829/1132/813
f 823/1125/806 829/1132/813 822/1124/805
f 829/1132/813 823/1125/806 830/1133/814
f 824/1126/807 830/1133/814 823/1125/806
f 830/1133/814 824/1126/807 831/1134/815
f 825/1127/808 831/1134/815 824/1126/807
f 832/1128/809 831/1134/815 825/1127/808
f 831/1134/815 832/1128/809 833/1135/816
f 833/1135/816 832/1128/809 834/1136/817
f 835/1129/810 834/1136/817 832/1128/809
f 827/1130/811 834/1136/817 835/1129/810
f 834/1136/817 827/1130/811 836/1137/818
f 836/1137/818 827/1130/811 837/1138/819
f 828/1131/812 837/1138/819 827/1130/811
f 837/1138/819 828/1131/812 838/1139/820
f 829/1132/813 838/1139/820 828/1131/812
f 838/1139/820 829/1132/813 839/1140/821
f 830/1133/814 839/1140/821 829/1132/813
f 839/1140/821 830/1133/814 840/1141/822
f 831/1134/815 840/1141/822 830/1133/814
f 833/1135/816 840/1141/822 831/1134/815
f 840/1141/822 833/1135/816 841/1142/823
f 841/1142/823 833/1135/816 842/1143/824
f 834/1136/817 842/1143/824 833/1135/816
f 842/1143/824 834/1136/817 843/1144/825
f 836/1137/818 843/1144/825 834/1136/817
f 843/1144/825 836/1137/818 901/1145/826
f 837/1138/819 901/1145/826 836/1137/818
f 901/1145/826 837/1138/819 844/1146/827
f 838/1139/820 844/1146/827 837/1138/819
f 844/1146/827 838/1139/820 845/1147/828
f 839/1140/821 845/1147/828 838/1139/820
f 845/1147/828 839/1140/821 903/1148/829
f 840/1141/822 903/1148/829 839/1140/821
f 903/1148/829 840/1141/822 841/1142/823
f 902/1149/830 846/1150/831 859/1151/832
f 859/1151/832 846/1150/831 862/1152/833
f 847/1153/834 862/1152/833 846/1150/831
f 862/1152/833 847/1153/834 848/1154/835
f 849/1155/836 848/1154/835 847/1153/834
f 848/1154/835 849/1155/836 850/1156/837
f 850/1156/837 849/1155/836 851/1157/838
f 852/1158/839 851/1157/838 849/1155/836
f 851/1157/838 852/1158/839 853/1159/840
f 854/1160/841 853/1159/840 852/1158/839
f 853/1159/840 854/1160/841 855/1161/842
f 856/1162/843 855/1161/842 854/1160/841
f 855/1161/842 856/1162/843 857/1163/844
f 857/1163/844 856/1162/843 868/1164/845
f 868/1164/845 856/1162/843 871/1165/846
f 902/1149/830 871/1165/846 856/1162/843
f 871/1165/846 902/1149/830 858/1166/847
f 859/1151/832 858/1166/847 902/1149/830
f 858/1166/847 859/1151/832 860/1167/848
f 860/1167/848 859/1151/832 861/1168/849
f 862/1152/833 861/1168/849 859/1151/832
f 848/1154/835 861/1168/849 862/1152/833
f 861/1168/849 848/1154/835 874/1169/850
f 850/1156/837 874/1169/850 848/1154/835
f 874/1169/850 850/1156/837 863/1170/851
f 863/1170/851 850/1156/837 877/1171/852
f 851/1157/838 877/1171/852 850/1156/837
f 877/1171/852 851/1157/838 878/1172/853
f 853/1159/840 878/1172/853 851/1157/838
f 878/1172/853 853/1159/840 864/1173/854
f 855/1161/842 864/1173/854 853/1159/840
f 857/1163/844 864/1173/854 855/1161/842
f 864/1173/854 857/1163/844 865/1174/855
f 865/1174/855 857/1163/844 866/1175/856
f 868/1164/845 866/1175/856 857/1163/844
f 866/1175/856 868/1164/845 867/1176/857
f 867/1176/857 868/1164/845 869/1177/858
f 869/1177/858 868/1164/845 870/1178/859
f 871/1165/846 870/1178/859 868/1164/845
f 870/1178/859 871/1165/846 899/1179/860
f 899/1179/860 871/1165/846 878/1172/853
f 878/1172/853 871/1165/846 880/1180/861
f 880/1180/861 871/1165/846 883/1181/862
f 858/1166/847 883/1181/862 871/1165/846
f 860/1167/848 883/1181/862 858/1166/847
f 883/1181/862 860/1167/848 885/1182/863
f 885/1182/863 860/1167/848 872/1183/864
f 861/1168/849 872/1183/864 860/1167/848
f 872/1183/864 861/1168/849 873/1184/865
f 874/1169/850 873/1184/865 861/1168/849
f 863/1170/851 873/1184/865 874/1169/850
f 873/1184/865 863/1170/851 875/1185/866
f 875/1185/866 863/1170/851 876/1186/867
f 877/1171/852 876/1186/867 863/1170/851
f 876/1186/867 877/1171/852 881/1187/868
f 881/1187/868 877/1171/852 879/1188/869
f 878/1172/853 879/1188/869 877/1171/852
f 880/1180/861 879/1188/869 878/1172/853
f 879/1188/869 880/1180/861 881/1187/868
f 881/1187/868 880/1180/861 882/1189/870
f 882/1189/870 880/1180/861 884/1190/871
f 883/1181/862 884/1190/871 880/1180/861
f 885/1182/863 884/1190/871 883/1181/862
f 884/1190/871 885/1182/863 886/1191/872
f 886/1191/872 885/1182/863 887/1192/873
f 872/1183/864 887/1192/873 885/1182/863
f 887/1192/873 872/1183/864 891/1193/874
f 873/1184/865 891/1193/874 872/1183/864
f 875/1185/866 891/1193/874 873/1184/865
f 891/1193/874 875/1185/866 888/1194/875
f 888/1194/875 875/1185/866 893/1195/876
f 876/1186/867 893/1195/876 875/1185/866
f 881/1187/868 893/1195/876 876/1186/867
f 893/1195/876 881/1187/868 894/1196/877
f 882/1189/870 894/1196/877 881/1187/868
f 894/1196/877 882/1189/870 889/1197/878
f 884/1190/871 889/1197/878 882/1189/870
f 889/1197/878 884/1190/871 890/1198/879
f 886/1191/872 890/1198/879 884/1190/871
f 890/1198/879 886/1191/872 892/1199/880
f 887/1192/873 892/1199/880 886/1191/872
f 891/1193/874 892/1199/880 887/1192/873
f 888/1194/875 892/1199/880 891/1193/874
f 893/1195/876 892/1199/880 888/1194/875
f 894/1196/877 892/1199/880 893/1195/876
f 889/1197/878 892/1199/880 894/1196/877
f 892/1199/880 889/1197/878 890/1198/879
f 878/1172/853 864/1173/854 899/1179/860
f 899/1179/860 864/1173/854 895/1200/881
f 865/1174/855 895/1200/881 864/1173/854
f 895/1200/881 865/1174/855 896/1201/882
f 866/1175/856 896/1201/882 865/1174/855
f 896/1201/882 866/1175/856 897/1202/883
f 867/1176/857 897/1202/883 866/1175/856
f 897/1202/883 867/1176/857 898/1203/884
f 869/1177/858 898/1203/884 867/1176/857
f 898/1203/884 869/1177/858 900/1204/885
f 870/1178/859 900/1204/885 869/1177/858
f 899/1179/860 900/1204/885 870/1178/859
f 895/1200/881 900/1204/885 899/1179/860
f 900/1204/885 895/1200/881 897/1202/883
f 896/1201/882 897/1202/883 895/1200/881
f 843/1205/825 901/1206/826 902/1207/830
f 902/1207/830 901/1206/826 846/1208/831
f 844/1209/827 846/1208/831 901/1206/826
f 846/1208/831 844/1209/827 847/1210/834
f 845/1211/828 847/1210/834 844/1209/827
f 847/1210/834 845/1211/828 849/1212/836
f 903/1213/829 849/1212/836 845/1211/828
f 841/1214/823 849/1212/836 903/1213/829
f 849/1212/836 841/1214/823 852/1215/839
f 842/1216/824 852/1215/839 841/1214/823
f 852/1215/839 842/1216/824 854/1217/841
f 854/1217/841 842/1216/824 856/1218/843
f 843/1205/825 856/1218/843 842/1216/824
f 856/1218/843 843/1205/825 902/1207/830
f 214/1219/243 906/1220/886 904/1221/245
f 904/1221/245 906/1220/886 905/1222/887
f 905/1222/887 906/1220/886 931/1223/888
f 931/1223/888 906/1220/886 907/1224/889
f 907/1224/889 906/1220/886 908/1225/890
f 214/1219/243 908/1225/890 906/1220/886
f 909/503/241 908/1225/890 214/1219/243
f 912/505/318 908/1225/890 909/503/241
f 908/1225/890 912/505/318 907/1224/889
f 907/1224/889 912/505/318 910/1226/891
f 910/1226/891 912/505/318 911/1227/892
f 911/1227/892 912/505/318 913/1228/893
f 307/506/319 913/1228/893 912/505/318
f 913/1228/893 307/506/319 914/1229/894
f 915/508/320 914/1229/894 307/506/319
f 914/1229/894 915/508/320 928/1230/895
f 928/1230/895 915/508/320 916/1231/896
f 309/509/321 916/1231/896 915/508/320
f 916/1231/896 309/509/321 926/1232/897
f 310/511/322 926/1232/897 309/509/321
f 926/1232/897 310/511/322 917/1233/898
f 920/513/323 917/1233/898 310/511/322
f 917/1233/898 920/513/323 918/1234/899
f 918/1234/899 920/513/323 919/1235/900
f 919/1235/900 920/513/323 937/1236/901
f 937/1236/901 920/513/323 921/1237/902
f 213/514/242 921/1237/902 920/513/323
f 215/1238/244 921/1237/902 213/514/242
f 921/1237/902 215/1238/244 922/1239/903
f 923/1240/246 922/1239/903 215/1238/244
f 922/1239/903 923/1240/246 924/1241/904
f 924/1241/904 923/1240/246 905/1222/887
f 904/1221/245 905/1222/887 923/1240/246
f 917/1233/898 925/1242/905 926/1232/897
f 926/1232/897 925/1242/905 916/1231/896
f 927/1243/906 916/1231/896 925/1242/905
f 916/1231/896 927/1243/906 928/1230/895
f 968/1244/907 928/1230/895 927/1243/906
f 929/1245/908 928/1230/895 968/1244/907
f 928/1230/895 929/1245/908 914/1229/894
f 913/1228/893 914/1229/894 929/1245/908
f 905/1222/887 931/1223/888 924/1241/904
f 924/1241/904 931/1223/888 938/1246/909
f 938/1246/909 931/1223/888 930/1247/910
f 930/1247/910 931/1223/888 932/1248/911
f 907/1224/889 932/1248/911 931/1223/888
f 910/1226/891 932/1248/911 907/1224/889
f 932/1248/911 910/1226/891 919/1235/900
f 919/1235/900 910/1226/891 933/1249/912
f 933/1249/912 910/1226/891 934/1250/913
f 911/1227/892 934/1250/913 910/1226/891
f 934/1250/913 911/1227/892 929/1245/908
f 913/1228/893 929/1245/908 911/1227/892
f 929/1245/908 935/1251/914 934/1250/913
f 934/1250/913 935/1251/914 933/1249/912
f 936/1252/915 933/1249/912 935/1251/914
f 925/1242/905 933/1249/912 936/1252/915
f 933/1249/912 925/1242/905 918/1234/899
f 917/1233/898 918/1234/899 925/1242/905
f 932/1248/911 919/1235/900 930/1247/910
f 937/1236/901 930/1247/910 919/1235/900
f 930/1247/910 937/1236/901 938/1246/909
f 938/1246/909 937/1236/901 922/1239/903
f 921/1237/902 922/1239/903 937/1236/901
f 939/1253/916 942/1254/917 940/1255/917
f 940/1255/917 942/1254/917 941/1256/918
f 941/1256/918 942/1254/917 943/1257/919
f 943/1257/919 942/1254/917 944/1258/917
f 944/1258/917 942/1254/917 953/1259/916
f 939/1253/916 953/1259/916 942/1254/917
f 953/1259/916 939/1253/916 946/1260/920
f 945/1261/920 946/1260/920 939/1253/916
f 947/1262/921 946/1260/920 945/1261/920
f 946/1260/920 947/1262/921 954/1263/921
f 954/1263/921 947/1262/921 948/1264/922
f 949/1265/923 948/1264/922 947/1262/921
f 948/1264/922 949/1265/923 943/1257/919
f 941/1256/918 943/1257/919 949/1265/923
f 953/1259/916 950/1266/924 944/1258/917
f 944/1258/917 950/1266/924 959/1267/916
f 959/1267/916 950/1266/924 951/1268/920
f 951/1268/920 950/1266/924 952/1269/925
f 953/1259/916 952/1269/925 950/1266/924
f 946/1260/920 952/1269/925 953/1259/916
f 954/1263/921 952/1269/925 946/1260/920
f 952/1269/925 954/1263/921 955/1270/926
f 955/1270/926 954/1263/921 963/1271/927
f 948/1264/922 963/1271/927 954/1263/921
f 963/1271/927 948/1264/922 956/1272/928
f 943/1257/919 956/1272/928 948/1264/922
f 944/1258/917 956/1272/928 943/1257/919
f 956/1272/928 944/1258/917 957/1273/918
f 957/1273/918 944/1258/917 967/1274/929
f 959/1267/916 967/1274/929 944/1258/917
f 967/1274/929 959/1267/916 958/1275/916
f 958/1275/916 959/1267/916 960/1276/920
f 951/1268/920 960/1276/920 959/1267/916
f 960/1276/920 951/1268/920 961/1277/921
f 961/1277/921 951/1268/920 962/1278/921
f 952/1269/925 962/1278/921 951/1268/920
f 955/1270/926 962/1278/921 952/1269/925
f 962/1278/921 955/1270/926 964/1279/930
f 963/1271/927 964/1279/930 955/1270/926
f 956/1272/928 964/1279/930 963/1271/927
f 957/1273/918 964/1279/930 956/1272/928
f 964/1279/930 957/1273/918 965/1280/919
f 965/1280/919 957/1273/918 966/1281/917
f 967/1274/929 966/1281/917 957/1273/918
f 958/1275/916 966/1281/917 967/1274/929
f 966/1281/917 958/1275/916 968/1282/907
f 968/1282/907 958/1275/916 929/1283/908
f 960/1276/920 929/1283/908 958/1275/916
f 929/1283/908 960/1276/920 935/1284/914
f 961/1277/921 935/1284/914 960/1276/920
f 935/1284/914 961/1277/921 936/1285/915
f 969/1286/922 936/1285/915 961/1277/921
f 936/1285/915 969/1286/922 925/1287/905
f 925/1287/905 969/1286/922 965/1280/919
f 965/1280/919 969/1286/922 964/1279/930
f 964/1279/930 969/1286/922 962/1278/921
f 961/1277/921 962/1278/921 969/1286/922
f 925/1287/905 965/1280/919 927/1288/906
f 966/1281/917 927/1288/906 965/1280/919
f 927/1288/906 966/1281/917 968/1282/907
f 983/1289/931 970/1290/932 971/1291/933
f 971/1291/933 970/1290/932 972/1292/934
f 972/1292/934 970/1290/932 973/1293/935
f 1027/1294/936 973/1293/935 970/1290/932
f 973/1293/935 1027/1294/936 974/1295/937
f 975/1296/938 974/1295/937 1027/1294/936
f 974/1295/937 975/1296/938 976/1297/939
f 977/1298/940 976/1297/939 975/1296/938
f 1029/1299/941 976/1297/939 977/1298/940
f 976/1297/939 1029/1299/941 978/1300/942
f 979/1301/943 978/1300/942 1029/1299/941
f 978/1300/942 979/1301/943 990/1302/944
f 990/1302/944 979/1301/943 980/1303/945
f 1030/1304/946 980/1303/945 979/1301/943
f 980/1303/945 1030/1304/946 981/1305/947
f 1031/1306/948 981/1305/947 1030/1304/946
f 981/1305/947 1031/1306/948 984/1307/949
f 982/1308/950 984/1307/949 1031/1306/948
f 983/1289/931 984/1307/949 982/1308/950
f 971/1291/933 984/1307/949 983/1289/931
f 984/1307/949 971/1291/933 985/1309/951
f 985/1309/951 971/1291/933 994/1310/952
f 994/1310/952 971/1291/933 998/1311/953
f 972/1292/934 998/1311/953 971/1291/933
f 998/1311/953 972/1292/934 986/1312/954
f 973/1293/935 986/1312/954 972/1292/934
f 986/1312/954 973/1293/935 987/1313/955
f 974/1295/937 987/1313/955 973/1293/935
f 987/1313/955 974/1295/937 988/1314/956
f 976/1297/939 988/1314/956 974/1295/937
f 978/1300/942 988/1314/956 976/1297/939
f 988/1314/956 978/1300/942 989/1315/957
f 990/1302/944 989/1315/957 978/1300/942
f 989/1315/957 990/1302/944 991/1316/958
f 991/1316/958 990/1302/944 992/1317/959
f 980/1303/945 992/1317/959 990/1302/944
f 992/1317/959 980/1303/945 993/1318/960
f 981/1305/947 993/1318/960 980/1303/945
f 993/1318/960 981/1305/947 985/1309/951
f 984/1307/949 985/1309/951 981/1305/947
f 998/1311/953 996/1319/961 994/1310/952
f 994/1310/952 996/1319/961 995/1320/962
f 995/1320/962 996/1319/961 1008/1321/963
f 1008/1321/963 996/1319/961 1011/1322/964
f 1011/1322/964 996/1319/961 997/1323/965
f 998/1311/953 997/1323/965 996/1319/961
f 986/1312/954 997/1323/965 998/1311/953
f 997/1323/965 986/1312/954 999/1324/966
f 987/1313/955 999/1324/966 986/1312/954
f 999/1324/966 987/1313/955 1000/1325/967
f 988/1314/956 1000/1325/967 987/1313/955
f 1000/1325/967 988/1314/956 1001/1326/968
f 989/1315/957 1001/1326/968 988/1314/956
f 1001/1326/968 989/1315/957 1002/1327/969
f 991/1316/958 1002/1327/969 989/1315/957
f 1002/1327/969 991/1316/958 1003/1328/970
f 992/1317/959 1003/1328/970 991/1316/958
f 1003/1328/970 992/1317/959 1004/1329/971
f 993/1318/960 1004/1329/971 992/1317/959
f 1004/1329/971 993/1318/960 1005/1330/972
f 985/1309/951 1005/1330/972 993/1318/960
f 994/1310/952 1005/1330/972 985/1309/951
f 995/1320/962 1005/1330/972 994/1310/952
f 1005/1330/972 995/1320/962 1006/1331/973
f 1008/1321/963 1006/1331/973 995/1320/962
f 1006/1331/973 1008/1321/963 1007/1332/974
f 1007/1332/974 1008/1321/963 1009/1333/975
f 1011/1322/964 1009/1333/975 1008/1321/963
f 1009/1333/975 1011/1322/964 1010/1334/976
f 1010/1334/976 1011/1322/964 1012/1335/977
f 997/1323/965 1012/1335/977 1011/1322/964
f 999/1324/966 1012/1335/977 997/1323/965
f 1012/1335/977 999/1324/966 1013/1336/978
f 1000/1325/967 1013/1336/978 999/1324/966
f 1013/1336/978 1000/1325/967 1014/1337/979
f 1001/1326/968 1014/1337/979 1000/1325/967
f 1014/1337/979 1001/1326/968 1015/1338/980
f 1002/1327/969 1015/1338/980 1001/1326/968
f 1015/1338/980 1002/1327/969 1016/1339/981
f 1003/1328/970 1016/1339/981 1002/1327/969
f 1016/1339/981 1003/1328/970 1017/1340/982
f 1004/1329/971 1017/1340/982 1003/1328/970
f 1017/1340/982 1004/1329/971 1018/1341/983
f 1005/1330/972 1018/1341/983 1004/1329/971
f 1006/1331/973 1018/1341/983 1005/1330/972
f 1018/1341/983 1006/1331/973 1024/1342/984
f 1007/1332/974 1024/1342/984 1006/1331/973
f 1024/1342/984 1007/1332/974 1025/1343/985
f 1009/1333/975 1025/1343/985 1007/1332/974
f 1010/1334/976 1025/1343/985 1009/1333/975
f 1025/1343/985 1010/1334/976 1019/1344/986
f 1012/1335/977 1019/1344/986 1010/1334/976
f 1013/1336/978 1019/1344/986 1012/1335/977
f 1019/1344/986 1013/1336/978 1020/1345/987
f 1014/1337/979 1020/1345/987 1013/1336/978
f 1020/1345/987 1014/1337/979 1026/1346/988
f 1015/1338/980 1026/1346/988 1014/1337/979
f 1026/1346/988 1015/1338/980 1021/1347/989
f 1016/1339/981 1021/1347/989 1015/1338/980
f 1017/1340/982 1021/1347/989 1016/1339/981
f 1021/1347/989 1017/1340/982 1022/1348/990
f 1018/1341/983 1022/1348/990 1017/1340/982
f 1022/1348/990 1018/1341/983 1023/1349/991
f 1024/1342/984 1023/1349/991 1018/1341/983
f 1025/1343/985 1023/1349/991 1024/1342/984
f 1023/1349/991 1025/1343/985 1022/1348/990
f 1022/1348/990 1025/1343/985 1021/1347/989
f 1021/1347/989 1025/1343/985 1026/1346/988
f 1026/1346/988 1025/1343/985 1020/1345/987
f 1019/1344/986 1020/1345/987 1025/1343/985
f 983/1350/931 1028/1351/325 970/1352/932
f 970/1352/932 1028/1351/325 1027/1353/936
f 1027/1353/936 1028/1351/325 975/1354/938
f 975/1354/938 1028/1351/325 977/1355/940
f 977/1355/940 1028/1351/325 1029/1356/941
f 1029/1356/941 1028/1351/325 979/1357/943
f 979/1357/943 1028/1351/325 1030/1358/946
f 1030/1358/946 1028/1351/325 1031/1359/948
f 1031/1359/948 1028/1351/325 982/1360/950
f 983/1350/931 982/1360/950 1028/1351/325
f 1045/1361/992 1032/1362/932 1046/1363/993
f 1046/1363/993 1032/1362/932 1033/1364/994
f 1033/1364/994 1032/1362/932 1034/1365/995
f 1089/1366/996 1034/1365/995 1032/1362/932
f 1034/1365/995 1089/1366/996 1035/1367/997
f 1090/1368/998 1035/1367/997 1089/1366/996
f 1035/1367/997 1090/1368/998 1050/1369/999
f 1036/1370/1000 1050/1369/999 1090/1368/998
f 1037/1371/1001 1050/1369/999 1036/1370/1000
f 1050/1369/999 1037/1371/1001 1038/1372/1002
f 1039/1373/943 1038/1372/1002 1037/1371/1001
f 1038/1372/1002 1039/1373/943 1040/1374/1003
f 1040/1374/1003 1039/1373/943 1041/1375/1004
f 1092/1376/1005 1041/1375/1004 1039/1373/943
f 1041/1375/1004 1092/1376/1005 1042/1377/1006
f 1093/1378/1007 1042/1377/1006 1092/1376/1005
f 1042/1377/1006 1093/1378/1007 1043/1379/1008
f 1044/1380/1009 1043/1379/1008 1093/1378/1007
f 1045/1361/992 1043/1379/1008 1044/1380/1009
f 1046/1363/993 1043/1379/1008 1045/1361/992
f 1043/1379/1008 1046/1363/993 1047/1381/1010
f 1047/1381/1010 1046/1363/993 1064/1382/1011
f 1033/1364/994 1064/1382/1011 1046/1363/993
f 1064/1382/1011 1033/1364/994 1053/1383/1012
f 1053/1383/1012 1033/1364/994 1048/1384/1013
f 1034/1365/995 1048/1384/1013 1033/1364/994
f 1048/1384/1013 1034/1365/995 1049/1385/1014
f 1035/1367/997 1049/1385/1014 1034/1365/995
f 1049/1385/1014 1035/1367/997 1056/1386/1015
f 1050/1369/999 1056/1386/1015 1035/1367/997
f 1038/1372/1002 1056/1386/1015 1050/1369/999
f 1056/1386/1015 1038/1372/1002 1058/1387/1016
f 1040/1374/1003 1058/1387/1016 1038/1372/1002
f 1058/1387/1016 1040/1374/1003 1051/1388/1017
f 1051/1388/1017 1040/1374/1003 1060/1389/1018
f 1041/1375/1004 1060/1389/1018 1040/1374/1003
f 1060/1389/1018 1041/1375/1004 1052/1390/1019
f 1042/1377/1006 1052/1390/1019 1041/1375/1004
f 1052/1390/1019 1042/1377/1006 1047/1381/1010
f 1043/1379/1008 1047/1381/1010 1042/1377/1006
f 1064/1382/1011 1053/1383/1012 1066/1391/1020
f 1066/1391/1020 1053/1383/1012 1054/1392/1021
f 1054/1392/1021 1053/1383/1012 1055/1393/1022
f 1048/1384/1013 1055/1393/1022 1053/1383/1012
f 1055/1393/1022 1048/1384/1013 1070/1394/1023
f 1049/1385/1014 1070/1394/1023 1048/1384/1013
f 1070/1394/1023 1049/1385/1014 1057/1395/1024
f 1056/1386/1015 1057/1395/1024 1049/1385/1014
f 1058/1387/1016 1057/1395/1024 1056/1386/1015
f 1057/1395/1024 1058/1387/1016 1073/1396/1025
f 1073/1396/1025 1058/1387/1016 1059/1397/1026
f 1051/1388/1017 1059/1397/1026 1058/1387/1016
f 1060/1389/1018 1059/1397/1026 1051/1388/1017
f 1059/1397/1026 1060/1389/1018 1061/1398/1027
f 1061/1398/1027 1060/1389/1018 1062/1399/1028
f 1052/1390/1019 1062/1399/1028 1060/1389/1018
f 1062/1399/1028 1052/1390/1019 1063/1400/1029
f 1047/1381/1010 1063/1400/1029 1052/1390/1019
f 1064/1382/1011 1063/1400/1029 1047/1381/1010
f 1066/1391/1020 1063/1400/1029 1064/1382/1011
f 1063/1400/1029 1066/1391/1020 1065/1401/1030
f 1065/1401/1030 1066/1391/1020 1067/1402/1031
f 1054/1392/1021 1067/1402/1031 1066/1391/1020
f 1055/1393/1022 1067/1402/1031 1054/1392/1021
f 1067/1402/1031 1055/1393/1022 1068/1403/1032
f 1070/1394/1023 1068/1403/1032 1055/1393/1022
f 1068/1403/1032 1070/1394/1023 1069/1404/1033
f 1069/1404/1033 1070/1394/1023 1071/1405/1034
f 1057/1395/1024 1071/1405/1034 1070/1394/1023
f 1073/1396/1025 1071/1405/1034 1057/1395/1024
f 1071/1405/1034 1073/1396/1025 1072/1406/1035
f 1072/1406/1035 1073/1396/1025 1074/1407/980
f 1059/1397/1026 1074/1407/980 1073/1396/1025
f 1074/1407/980 1059/1397/1026 1082/1408/981
f 1061/1398/1027 1082/1408/981 1059/1397/1026
f 1082/1408/981 1061/1398/1027 1083/1409/1036
f 1062/1399/1028 1083/1409/1036 1061/1398/1027
f 1083/1409/1036 1062/1399/1028 1075/1410/1037
f 1063/1400/1029 1075/1410/1037 1062/1399/1028
f 1065/1401/1030 1075/1410/1037 1063/1400/1029
f 1075/1410/1037 1065/1401/1030 1076/1411/1038
f 1076/1411/1038 1065/1401/1030 1086/1412/1039
f 1067/1402/1031 1086/1412/1039 1065/1401/1030
f 1068/1403/1032 1086/1412/1039 1067/1402/1031
f 1086/1412/1039 1068/1403/1032 1077/1413/1040
f 1069/1404/1033 1077/1413/1040 1068/1403/1032
f 1077/1413/1040 1069/1404/1033 1078/1414/1041
f 1078/1414/1041 1069/1404/1033 1087/1415/1042
f 1071/1405/1034 1087/1415/1042 1069/1404/1033
f 1072/1406/1035 1087/1415/1042 1071/1405/1034
f 1087/1415/1042 1072/1406/1035 1079/1416/1043
f 1079/1416/1043 1072/1406/1035 1080/1417/1044
f 1074/1407/980 1080/1417/1044 1072/1406/1035
f 1080/1417/1044 1074/1407/980 1081/1418/1045
f 1082/1408/981 1081/1418/1045 1074/1407/980
f 1083/1409/1036 1081/1418/1045 1082/1408/981
f 1081/1418/1045 1083/1409/1036 1084/1419/1046
f 1084/1419/1046 1083/1409/1036 1085/1420/1047
f 1075/1410/1037 1085/1420/1047 1083/1409/1036
f 1076/1411/1038 1085/1420/1047 1075/1410/1037
f 1085/1420/1047 1076/1411/1038 1088/1421/1048
f 1086/1412/1039 1088/1421/1048 1076/1411/1038
f 1077/1413/1040 1088/1421/1048 1086/1412/1039
f 1078/1414/1041 1088/1421/1048 1077/1413/1040
f 1087/1415/1042 1088/1421/1048 1078/1414/1041
f 1079/1416/1043 1088/1421/1048 1087/1415/1042
f 1080/1417/1044 1088/1421/1048 1079/1416/1043
f 1081/1418/1045 1088/1421/1048 1080/1417/1044
f 1084/1419/1046 1088/1421/1048 1081/1418/1045
f 1088/1421/1048 1084/1419/1046 1085/1420/1047
f 1045/1422/992 1091/1423/325 1032/1424/932
f 1032/1424/932 1091/1423/325 1089/1425/996
f 1089/1425/996 1091/1423/325 1090/1426/998
f 1090/1426/998 1091/1423/325 1036/1427/1000
f 1036/1427/1000 1091/1423/325 1037/1428/1001
f 1037/1428/1001 1091/1423/325 1039/1429/943
f 1039/1429/943 1091/1423/325 1092/1430/1005
f 1092/1430/1005 1091/1423/325 1093/1431/1007
f 1093/1431/1007 1091/1423/325 1044/1432/1009
f 1045/1422/992 1044/1432/1009 1091/1423/325
f 1094/1433/1049 1095/1434/1050 1096/1435/1051
f 1097/1436/1052 1096/1435/1051 1095/1434/1050
f 1099/1437/1053 1096/1435/1051 1097/1436/1052
f 1096/1435/1051 1099/1437/1053 1098/1438/1054
f 1098/1438/1054 1099/1437/1053 1100/1439/1055
f 1101/1440/1056 1100/1439/1055 1099/1437/1053
f 1100/1439/1055 1101/1440/1056 1103/1441/1057
f 1102/1442/1058 1103/1441/1057 1101/1440/1056
f 1105/1443/1059 1103/1441/1057 1102/1442/1058
f 1103/1441/1057 1105/1443/1059 1104/1444/1060
f 1104/1444/1060 1105/1443/1059 1107/1445/1061
f 1106/1446/1062 1107/1445/1061 1105/1443/1059
f 1108/1447/1063 1107/1445/1061 1106/1446/1062
f 1107/1445/1061 1108/1447/1063 1109/1448/1064
f 1110/1449/1065 1109/1448/1064 1108/1447/1063
f 1109/1448/1064 1110/1449/1065 1111/1450/1066
f 1111/1450/1066 1110/1449/1065 1113/1451/1067
f 1112/1452/1068 1113/1451/1067 1110/1449/1065
f 1114/1453/1069 1113/1451/1067 1112/1452/1068
f 1115/1454/1070 1113/1451/1067 1114/1453/1069
f 1113/1451/1067 1115/1454/1070 1116/1455/1071
f 1116/1455/1071 1115/1454/1070 1117/1456/1072
f 1094/1433/1049 1117/1456/1072 1115/1454/1070
f 1096/1435/1051 1117/1456/1072 1094/1433/1049
f 1117/1456/1072 1096/1435/1051 1118/1457/1073
f 1118/1457/1073 1096/1435/1051 1119/1458/1074
f 1098/1438/1054 1119/1458/1074 1096/1435/1051
f 1120/1459/1075 1119/1458/1074 1098/1438/1054
f 1119/1458/1074 1120/1459/1075 1118/1457/1073
f 1118/1457/1073 1120/1459/1075 1121/1460/1076
f 1122/1461/1077 1121/1460/1076 1120/1459/1075
f 1123/1462/1078 1121/1460/1076 1122/1461/1077
f 1121/1460/1076 1123/1462/1078 1124/1463/1079
f 1124/1463/1079 1123/1462/1078 1125/1464/1080
f 1111/1450/1066 1125/1464/1080 1123/1462/1078
f 1113/1451/1067 1125/1464/1080 1111/1450/1066
f 1125/1464/1080 1113/1451/1067 1124/1463/1079
f 1116/1455/1071 1124/1463/1079 1113/1451/1067
f 1124/1463/1079 1116/1455/1071 1118/1457/1073
f 1117/1456/1072 1118/1457/1073 1116/1455/1071
f 1100/1439/1055 1103/1441/1057 1098/1438/1054
f 1098/1438/1054 1103/1441/1057 1120/1459/1075
f 1104/1444/1060 1120/1459/1075 1103/1441/1057
f 1120/1459/1075 1104/1444/1060 1122/1461/1077
f 1122/1461/1077 1104/1444/1060 1123/1462/1078
f 1107/1445/1061 1123/1462/1078 1104/1444/1060
f 1123/1462/1078 1107/1445/1061 1111/1450/1066
f 1109/1448/1064 1111/1450/1066 1107/1445/1061
f 1126/1465/1081 1128/1466/1082 1127/1467/1083
f 1129/1468/1084 1127/1467/1083 1128/1466/1082
f 1131/1469/1085 1129/1468/1084 1128/1466/1082
f 1128/1466/1082 1130/1470/1086 1131/1469/1085
f 1130/1470/1086 1132/1471/1087 1131/1469/1085
f 1133/1472/1088 1131/1469/1085 1132/1471/1087
f 1132/1471/1087 1135/1473/1089 1133/1472/1088
f 1134/1474/1090 1133/1472/1088 1135/1473/1089
f 1136/1475/1091 1134/1474/1090 1135/1473/1089
f 1135/1473/1089 1157/1476/1092 1136/1475/1091
f 1157/1476/1092 1137/1477/1093 1136/1475/1091
f 1138/1478/1094 1136/1475/1091 1137/1477/1093
f 1139/1479/1095 1138/1478/1094 1137/1477/1093
f 1137/1477/1093 1140/1480/1096 1139/1479/1095
f 1141/1481/1097 1139/1479/1095 1140/1480/1096
f 1140/1480/1096 1156/1482/1098 1141/1481/1097
f 1156/1482/1098 1143/1483/1099 1141/1481/1097
f 1142/1484/1100 1141/1481/1097 1143/1483/1099
f 1144/1485/1101 1142/1484/1100 1143/1483/1099
f 1146/1486/1102 1144/1485/1101 1143/1483/1099
f 1143/1483/1099 1145/1487/1103 1146/1486/1102
f 1145/1487/1103 1147/1488/1104 1146/1486/1102
f 1126/1465/1081 1146/1486/1102 1147/1488/1104
f 1128/1466/1082 1126/1465/1081 1147/1488/1104
f 1147/1488/1104 1149/1489/1105 1128/1466/1082
f 1149/1489/1105 1148/1490/1106 1128/1466/1082
f 1130/1470/1086 1128/1466/1082 1148/1490/1106
f 1150/1491/1107 1130/1470/1086 1148/1490/1106
f 1148/1490/1106 1149/1489/1105 1150/1491/1107
f 1149/1489/1105 1152/1492/1108 1150/1491/1107
f 1151/1493/1109 1150/1491/1107 1152/1492/1108
f 1154/1494/1110 1151/1493/1109 1152/1492/1108
f 1152/1492/1108 1153/1495/1111 1154/1494/1110
f 1153/1495/1111 1155/1496/1112 1154/1494/1110
f 1156/1482/1098 1154/1494/1110 1155/1496/1112
f 1143/1483/1099 1156/1482/1098 1155/1496/1112
f 1155/1496/1112 1153/1495/1111 1143/1483/1099
f 1145/1487/1103 1143/1483/1099 1153/1495/1111
f 1153/1495/1111 1149/1489/1105 1145/1487/1103
f 1147/1488/1104 1145/1487/1103 1149/1489/1105
f 1132/1471/1087 1130/1470/1086 1135/1473/1089
f 1130/1470/1086 1150/1491/1107 1135/1473/1089
f 1157/1476/1092 1135/1473/1089 1150/1491/1107
f 1150/1491/1107 1151/1493/1109 1157/1476/1092
f 1151/1493/1109 1154/1494/1110 1157/1476/1092
f 1137/1477/1093 1157/1476/1092 1154/1494/1110
f 1154/1494/1110 1156/1482/1098 1137/1477/1093
f 1140/1480/1096 1137/1477/1093 1156/1482/1098
f 225/384/258 228/386/260 1158/1497/1113
f 230/390/264 1158/1497/1113 228/386/260
f 243/403/277 1158/1497/1113 230/390/264
f 1158/1497/1113 243/403/277 1159/1498/1114
f 1159/1498/1114 243/403/277 1160/1499/1115
f 242/402/276 1160/1499/1115 243/403/277
f 1160/1499/1115 242/402/276 1161/1500/1116
f 241/400/274 1161/1500/1116 242/402/276
f 1161/1500/1116 241/400/274 1164/1501/1117
f 1164/1501/1117 241/400/274 1162/1502/1118
f 240/378/252 1162/1502/1118 241/400/274
f 222/379/253 1162/1502/1118 240/378/252
f 1163/383/257 1162/1502/1118 222/379/253
f 1162/1502/1118 1163/383/257 1164/1501/1117
f 1164/1501/1117 1163/383/257 1159/1498/1114
f 225/384/258 1159/1498/1114 1163/383/257
f 1159/1498/1114 225/384/258 1158/1497/1113
f 1159/1498/1114 1160/1499/1115 1164/1501/1117
f 1161/1500/1116 1164/1501/1117 1160/1499/1115
f 266/438/258 270/440/294 1166/1503/1113
f 1165/444/264 1166/1503/1113 270/440/294
f 284/457/277 1166/1503/1113 1165/444/264
f 1166/1503/1113 284/457/277 1167/1504/1114
f 1167/1504/1114 284/457/277 1168/1505/1115
f 283/456/276 1168/1505/1115 284/457/277
f 1168/1505/1115 283/456/276 1169/1506/1119
f 1171/454/274 1169/1506/1119 283/456/276
f 1169/1506/1119 1171/454/274 1170/1507/1117
f 1170/1507/1117 1171/454/274 1172/1508/1118
f 282/432/252 1172/1508/1118 1171/454/274
f 261/433/290 1172/1508/1118 282/432/252
f 264/437/257 1172/1508/1118 261/433/290
f 1172/1508/1118 264/437/257 1170/1507/1117
f 1170/1507/1117 264/437/257 1167/1504/1114
f 266/438/258 1167/1504/1114 264/437/257
f 1167/1504/1114 266/438/258 1166/1503/1113
f 1167/1504/1114 1168/1505/1115 1170/1507/1117
f 1169/1506/1119 1170/1507/1117 1168/1505/1115
f 1176/1509/310 1173/1510/886 300/1511/245
f 300/1511/245 1173/1510/886 1174/1512/887
f 1174/1512/887 1173/1510/886 1200/1513/888
f 1200/1513/888 1173/1510/886 1175/1514/1120
f 1175/1514/1120 1173/1510/886 1178/1515/1121
f 1176/1509/310 1178/1515/1121 1173/1510/886
f 1177/491/308 1178/1515/1121 1176/1509/310
f 1179/493/312 1178/1515/1121 1177/491/308
f 1178/1515/1121 1179/493/312 1175/1514/1120
f 1175/1514/1120 1179/493/312 1203/1516/1122
f 1203/1516/1122 1179/493/312 1180/1517/1123
f 1180/1517/1123 1179/493/312 1181/1518/1124
f 302/494/313 1181/1518/1124 1179/493/312
f 1181/1518/1124 302/494/313 1182/1519/1125
f 303/496/314 1182/1519/1125 302/494/313
f 1182/1519/1125 303/496/314 1197/1520/1126
f 1184/497/315 1197/1520/1126 303/496/314
f 1197/1520/1126 1184/497/315 1183/1521/1127
f 1183/1521/1127 1184/497/315 1195/1522/1128
f 305/499/316 1195/1522/1128 1184/497/315
f 1195/1522/1128 305/499/316 1185/1523/1129
f 306/501/317 1185/1523/1129 305/499/316
f 1185/1523/1129 306/501/317 1186/1524/1130
f 1186/1524/1130 306/501/317 1187/1525/1131
f 1187/1525/1131 306/501/317 1188/1526/1132
f 1188/1526/1132 306/501/317 1189/1527/1133
f 1190/502/309 1189/1527/1133 306/501/317
f 299/1528/311 1189/1527/1133 1190/502/309
f 1189/1527/1133 299/1528/311 1191/1529/903
f 1192/1530/246 1191/1529/903 299/1528/311
f 1191/1529/903 1192/1530/246 1193/1531/904
f 1193/1531/904 1192/1530/246 1174/1512/887
f 300/1511/245 1174/1512/887 1192/1530/246
f 1185/1523/1129 1194/1532/1134 1195/1522/1128
f 1195/1522/1128 1194/1532/1134 1183/1521/1127
f 1196/1533/1135 1183/1521/1127 1194/1532/1134
f 1183/1521/1127 1196/1533/1135 1197/1520/1126
f 1238/1534/1136 1197/1520/1126 1196/1533/1135
f 1198/1535/1137 1197/1520/1126 1238/1534/1136
f 1197/1520/1126 1198/1535/1137 1182/1519/1125
f 1181/1518/1124 1182/1519/1125 1198/1535/1137
f 1174/1512/887 1200/1513/888 1193/1531/904
f 1193/1531/904 1200/1513/888 1199/1536/909
f 1199/1536/909 1200/1513/888 1201/1537/1138
f 1201/1537/1138 1200/1513/888 1202/1538/1139
f 1175/1514/1120 1202/1538/1139 1200/1513/888
f 1203/1516/1122 1202/1538/1139 1175/1514/1120
f 1202/1538/1139 1203/1516/1122 1187/1525/1131
f 1187/1525/1131 1203/1516/1122 1204/1539/1140
f 1204/1539/1140 1203/1516/1122 1206/1540/1141
f 1180/1517/1123 1206/1540/1141 1203/1516/1122
f 1206/1540/1141 1180/1517/1123 1198/1535/1137
f 1181/1518/1124 1198/1535/1137 1180/1517/1123
f 1198/1535/1137 1205/1541/1142 1206/1540/1141
f 1206/1540/1141 1205/1541/1142 1204/1539/1140
f 1207/1542/1143 1204/1539/1140 1205/1541/1142
f 1194/1532/1134 1204/1539/1140 1207/1542/1143
f 1204/1539/1140 1194/1532/1134 1186/1524/1130
f 1185/1523/1129 1186/1524/1130 1194/1532/1134
f 1202/1538/1139 1187/1525/1131 1201/1537/1138
f 1188/1526/1132 1201/1537/1138 1187/1525/1131
f 1201/1537/1138 1188/1526/1132 1199/1536/909
f 1199/1536/909 1188/1526/1132 1191/1529/903
f 1189/1527/1133 1191/1529/903 1188/1526/1132
f 1217/1543/1144 1208/1544/1145 1218/1545/916
f 1218/1545/916 1208/1544/1145 1209/1546/920
f 1210/1547/1146 1209/1546/920 1208/1544/1145
f 1209/1546/920 1210/1547/1146 1211/1548/921
f 1212/1549/1147 1211/1548/921 1210/1547/1146
f 1211/1548/921 1212/1549/1147 1213/1550/922
f 1214/1551/923 1213/1550/922 1212/1549/1147
f 1213/1550/922 1214/1551/923 1215/1552/919
f 1216/1553/918 1215/1552/919 1214/1551/923
f 1215/1552/919 1216/1553/918 1223/1554/917
f 1217/1543/1144 1223/1554/917 1216/1553/918
f 1218/1545/916 1223/1554/917 1217/1543/1144
f 1223/1554/917 1218/1545/916 1226/1555/916
f 1226/1555/916 1218/1545/916 1219/1556/920
f 1209/1546/920 1219/1556/920 1218/1545/916
f 1219/1556/920 1209/1546/920 1220/1557/921
f 1211/1548/921 1220/1557/921 1209/1546/920
f 1220/1557/921 1211/1548/921 1221/1558/1148
f 1213/1550/922 1221/1558/1148 1211/1548/921
f 1221/1558/1148 1213/1550/922 1222/1559/928
f 1215/1552/919 1222/1559/928 1213/1550/922
f 1222/1559/928 1215/1552/919 1224/1560/1149
f 1223/1554/917 1224/1560/1149 1215/1552/919
f 1226/1555/916 1224/1560/1149 1223/1554/917
f 1224/1560/1149 1226/1555/916 1225/1561/916
f 1225/1561/916 1226/1555/916 1227/1562/920
f 1219/1556/920 1227/1562/920 1226/1555/916
f 1227/1562/920 1219/1556/920 1228/1563/921
f 1220/1557/921 1228/1563/921 1219/1556/920
f 1228/1563/921 1220/1557/921 1229/1564/930
f 1221/1558/1148 1229/1564/930 1220/1557/921
f 1222/1559/928 1229/1564/930 1221/1558/1148
f 1229/1564/930 1222/1559/928 1230/1565/918
f 1224/1560/1149 1230/1565/918 1222/1559/928
f 1230/1565/918 1224/1560/1149 1231/1566/929
f 1225/1561/916 1231/1566/929 1224/1560/1149
f 1231/1566/929 1225/1561/916 1237/1567/916
f 1237/1567/916 1225/1561/916 1232/1568/920
f 1227/1562/920 1232/1568/920 1225/1561/916
f 1232/1568/920 1227/1562/920 1233/1569/921
f 1228/1563/921 1233/1569/921 1227/1562/920
f 1233/1569/921 1228/1563/921 1234/1570/922
f 1229/1564/930 1234/1570/922 1228/1563/921
f 1234/1570/922 1229/1564/930 1235/1571/919
f 1230/1565/918 1235/1571/919 1229/1564/930
f 1235/1571/919 1230/1565/918 1236/1572/917
f 1231/1566/929 1236/1572/917 1230/1565/918
f 1237/1567/916 1236/1572/917 1231/1566/929
f 1236/1572/917 1237/1567/916 1238/1573/1136
f 1238/1573/1136 1237/1567/916 1198/1574/1137
f 1232/1568/920 1198/1574/1137 1237/1567/916
f 1198/1574/1137 1232/1568/920 1205/1575/1142
f 1233/1569/921 1205/1575/1142 1232/1568/920
f 1205/1575/1142 1233/1569/921 1207/1576/1143
f 1234/1570/922 1207/1576/1143 1233/1569/921
f 1207/1576/1143 1234/1570/922 1194/1577/1134
f 1235/1571/919 1194/1577/1134 1234/1570/922
f 1194/1577/1134 1235/1571/919 1196/1578/1135
f 1236/1572/917 1196/1578/1135 1235/1571/919
f 1196/1578/1135 1236/1572/917 1238/1573/1136
f 1239/1579/1150 1243/1580/1151 1240/1581/1152
f 1240/1581/1152 1243/1580/1151 1241/1582/1153
f 1241/1582/1153 1243/1580/1151 1242/1583/1154
f 1242/1583/1154 1243/1580/1151 1254/1584/1155
f 1254/1584/1155 1243/1580/1151 1244/1585/1156
f 1239/1579/1150 1244/1585/1156 1243/1580/1151
f 1244/1585/1156 1239/1579/1150 1262/1586/1157
f 1240/1581/1152 1262/1586/1157 1239/1579/1150
f 1262/1586/1157 1240/1581/1152 1245/1587/1158
f 1241/1582/1153 1245/1587/1158 1240/1581/1152
f 1242/1583/1154 1245/1587/1158 1241/1582/1153
f 1254/1584/1155 1245/1587/1158 1242/1583/1154
f 1245/1587/1158 1254/1584/1155 1246/1588/1159
f 1246/1588/1159 1254/1584/1155 1247/1589/1160
f 1247/1589/1160 1254/1584/1155 1248/1590/1161
f 1248/1590/1161 1254/1584/1155 1249/1591/1162
f 1249/1591/1162 1254/1584/1155 1250/1592/1163
f 1250/1592/1163 1254/1584/1155 1271/1593/1164
f 1271/1593/1164 1254/1584/1155 1270/1594/1165
f 1270/1594/1165 1254/1584/1155 1251/1595/1166
f 1251/1595/1166 1254/1584/1155 1252/1596/1167
f 1252/1596/1167 1254/1584/1155 1253/1597/1168
f 1253/1597/1168 1254/1584/1155 1255/1598/1169
f 1255/1598/1169 1254/1584/1155 1256/1599/1170
f 1256/1599/1170 1254/1584/1155 1257/1600/1171
f 1257/1600/1171 1254/1584/1155 1258/1601/1172
f 1258/1601/1172 1254/1584/1155 1259/1602/1173
f 1259/1602/1173 1254/1584/1155 1262/1586/1157
f 1244/1585/1156 1262/1586/1157 1254/1584/1155
f 1262/1586/1157 1260/1603/1174 1259/1602/1173
f 1259/1602/1173 1260/1603/1174 1258/1601/1172
f 1258/1601/1172 1260/1603/1174 1261/1604/1175
f 1262/1586/1157 1261/1604/1175 1260/1603/1174
f 1261/1604/1175 1262/1586/1157 1256/1599/1170
f 1256/1599/1170 1262/1586/1157 1251/1595/1166
f 1245/1587/1158 1251/1595/1166 1262/1586/1157
f 1251/1595/1166 1245/1587/1158 1249/1591/1162
f 1249/1591/1162 1245/1587/1158 1263/1605/1176
f 1263/1605/1176 1245/1587/1158 1264/1606/1177
f 1246/1588/1159 1264/1606/1177 1245/1587/1158
f 1247/1589/1160 1264/1606/1177 1246/1588/1159
f 1264/1606/1177 1247/1589/1160 1263/1605/1176
f 1263/1605/1176 1247/1589/1160 1265/1607/1178
f 1248/1590/1161 1265/1607/1178 1247/1589/1160
f 1249/1591/1162 1265/1607/1178 1248/1590/1161
f 1265/1607/1178 1249/1591/1162 1263/1605/1176
f 1261/1604/1175 1266/1608/1179 1258/1601/1172
f 1258/1601/1172 1266/1608/1179 1257/1600/1171
f 1257/1600/1171 1266/1608/1179 1256/1599/1170
f 1261/1604/1175 1256/1599/1170 1266/1608/1179
f 1253/1597/1168 1255/1598/1169 1267/1609/1180
f 1256/1599/1170 1267/1609/1180 1255/1598/1169
f 1267/1609/1180 1256/1599/1170 1268/1610/1181
f 1251/1595/1166 1268/1610/1181 1256/1599/1170
f 1268/1610/1181 1251/1595/1166 1269/1611/1182
f 1252/1596/1167 1269/1611/1182 1251/1595/1166
f 1253/1597/1168 1269/1611/1182 1252/1596/1167
f 1269/1611/1182 1253/1597/1168 1268/1610/1181
f 1267/1609/1180 1268/1610/1181 1253/1597/1168
f 1251/1595/1166 1272/1612/1183 1270/1594/1165
f 1270/1594/1165 1272/1612/1183 1271/1593/1164
f 1271/1593/1164 1272/1612/1183 1273/1613/1184
f 1251/1595/1166 1273/1613/1184 1272/1612/1183
f 1249/1591/1162 1273/1613/1184 1251/1595/1166
f 1273/1613/1184 1249/1591/1162 1274/1614/1185
f 1250/1592/1163 1274/1614/1185 1249/1591/1162
f 1271/1593/1164 1274/1614/1185 1250/1592/1163
f 1274/1614/1185 1271/1593/1164 1273/1613/1184
f 25/34/30 517/30/27 21/31/28
f 556/55/22 52/810/61 37/56/46
f 29/44/36 32/48/39 525/43/35
f 550/68/40 40/66/50 56/804/65
f 680/950/675 649/924/649 650/925/650
f 206/1615/233 208/1616/235 207/1617/234
f 897/1202/883 898/1203/884 900/1204/885
f 196/328/219 804/333/220 803/327/218
f 111/165/130 114/166/131 115/171/136
f 103/1618/122 112/1619/134 104/1620/123
f 91/1621/107 192/1622/215 93/1623/108
f 187/304/203 204/351/231 144/302/170
f 146/309/172 206/353/233 178/308/206
f 204/1624/231 209/1625/236 205/1626/232
f 922/1239/903 924/1241/904 938/1246/909
f 918/1234/899 919/1235/900 933/1249/912
f 1118/1457/1073 1121/1460/1076 1124/1463/1079
f 1149/1489/1105 1153/1495/1111 1152/1492/1108
f 248/411/281 252/412/284 247/414/280
f 238/413/272 251/410/283 236/409/271
f 234/420/268 254/418/286 233/416/267
f 246/415/279 253/417/285 249/419/282
f 217/426/249 256/424/288 216/422/247
f 235/421/269 255/423/287 237/425/270
f 288/465/281 292/466/303 287/468/280
f 279/467/272 291/464/283 278/463/271
f 275/474/268 294/472/286 274/470/267
f 286/469/302 293/471/304 289/473/282
f 258/480/249 296/478/288 257/476/247
f 276/475/298 295/477/305 277/479/299
f 1191/1529/903 1193/1531/904 1199/1536/909
f 1186/1524/1130 1187/1525/1131 1204/1539/1140
f 313/518/327 315/519/328 316/520/329 317/521/330 318/522/331 319/523/332 320/524/333 321/525/334 311/515/324 312/517/326
f 326/531/329 327/532/338 329/533/339 330/534/340 331/535/341 332/536/334 322/526/335 323/528/326 324/529/336 325/530/337
