# Blender v2.79 (sub 0) OBJ File: ''
# www.blender.org
mtllib o_patrickqueuemesh.mtl
o o_patrickqueuemesh
v 26.405050 14.851478 7.905829
v 32.255264 16.153849 1.288306
v 31.731199 22.367638 3.163627
v 32.841492 22.873268 -4.280414
v 31.034433 22.742138 -11.799520
v 31.874624 16.259129 -9.362444
v 26.459133 21.529247 -17.818939
v 27.638432 15.383187 -15.606289
v 18.106419 10.076008 5.249539
v 23.134628 10.606578 3.795271
v 25.816204 29.729420 -19.233200
v 33.758171 30.953911 -4.661697
v -14.455603 4.999825 -9.895495
v -18.915392 9.928220 -13.776114
v -18.848804 4.830325 -11.196895
v -23.039904 5.089426 -9.228792
v -7.836907 95.021973 -20.852093
v -19.889175 87.747238 -17.048758
v -26.790466 28.573225 11.242396
v -32.294979 30.223425 3.837371
v -27.125185 32.978405 12.558967
v -32.743240 35.023197 4.594786
v -27.003775 36.809597 12.353507
v -26.842295 40.641495 12.172406
v -15.965795 37.584400 18.950403
v -16.868813 33.850677 18.784653
v -25.725996 29.737875 -19.291420
v -26.455626 35.281437 -21.270260
v -16.676397 28.048492 -22.237043
v -17.737165 32.864395 -24.414324
v -26.467707 46.040401 -23.049795
v -5.656905 118.883400 -17.234467
v -10.065405 118.764603 -14.537572
v -4.765705 130.040894 -14.040164
v -37.182213 72.650070 -27.850340
v -26.465546 41.373108 -22.273371
v -31.761106 46.074001 -14.981992
v -31.977703 41.675365 -14.635840
v -3.570299 135.429077 4.316345
v -3.812399 133.071899 3.349979
v -7.163700 129.061401 1.242139
v -4.054299 129.098694 3.401339
v 19.907095 87.569366 -17.284479
v 12.502653 87.336990 -21.814398
v 15.631694 95.216858 -17.242800
v 7.836894 95.021973 -20.852098
v 26.518574 35.275620 -21.234030
v 32.289726 36.334599 -14.154093
v 26.495823 40.985710 -22.193460
v 31.761095 46.074001 -14.982013
v 26.465292 46.040401 -23.049812
v 8.222896 129.881897 -11.937868
v 10.065395 118.764603 -14.537579
v 5.656893 118.883400 -17.234470
v 4.765695 130.040894 -14.040168
v -0.000005 130.326508 -15.272265
v -0.000006 119.069000 -18.469267
v -6.349006 108.213699 -19.186182
v -0.000007 108.213699 -20.505486
v -0.000007 101.883400 -21.424883
v -0.000004 137.735199 -12.172556
v 3.979995 137.403900 -11.417758
v 4.299397 143.629883 -7.226952
v 63.230450 73.227928 -6.639245
v 63.283077 77.910179 -8.409740
v 68.341843 76.278183 -9.718259
v 6.939409 36.687901 22.099596
v 7.012150 32.291870 21.433626
v 0.000007 31.959002 22.257198
v -6.939393 36.687901 22.099600
v -7.030940 32.290195 21.440098
v 31.468203 43.422100 3.880188
v 26.842304 40.641499 12.172390
v 27.166296 36.797390 12.617330
v 17.051907 29.776711 17.727333
v 16.616255 26.289391 15.826993
v 26.683144 28.580629 11.317821
v 26.224262 20.947758 9.768912
v 17.141912 20.122509 13.103643
v 10.284572 20.024799 11.856196
v 6.565306 24.242399 16.382496
v 6.910441 20.233049 3.945619
v 0.000005 23.617001 17.125298
v 6.776071 28.148420 19.636896
v 16.829088 33.853931 18.786013
v 0.000007 27.609800 20.451097
v -6.776917 28.148567 19.637190
v -17.130144 29.770334 17.722801
v 23.214003 65.628990 8.184491
v 21.244902 70.538673 6.374193
v 13.770904 69.571091 11.951002
v -31.234381 74.154694 -1.938122
v -36.528969 81.406677 -7.428095
v -28.282812 82.480896 -5.202786
v 3.557101 135.752197 4.432841
v 8.073900 136.306000 -0.809460
v 6.038800 135.478699 2.765639
v 10.119499 129.267090 -3.147066
v 7.163702 129.061401 1.242135
v 0.000001 133.670197 4.486879
v 0.000002 135.517883 5.490644
v 0.000002 135.947296 5.673443
v -3.555899 135.780487 4.443144
v 0.000003 140.563995 7.458347
v -3.195698 145.546692 7.097353
v 0.000003 145.776001 8.922251
v 3.195702 145.546692 7.097349
v 4.000201 140.417389 5.571044
v 6.716801 140.969391 1.637545
v -6.038799 135.478699 2.765645
v -8.073900 136.306000 -0.809454
v -4.000198 140.417389 5.571048
v -6.716800 140.969391 1.637549
v -5.335198 145.632904 4.084652
v -3.152998 150.343201 6.354455
v -3.184098 150.811798 2.362355
v 0.000803 151.712891 7.301955
v 3.185802 150.811798 2.362353
v 3.154703 150.343201 6.354455
v 5.684100 146.806396 -0.213550
v 5.335201 145.632904 4.084649
v 7.125899 142.035889 -3.098355
v 6.618796 137.191895 -9.702658
v 8.541398 136.861389 -5.832059
v 3.889399 148.615601 -2.020049
v -0.000003 143.979889 -8.086753
v -3.715500 148.703094 -2.013347
v -4.336302 143.583801 -7.226951
v -6.618803 137.191895 -9.702653
v -3.980003 137.403900 -11.417755
v -8.541402 136.861389 -5.832054
v -8.222903 129.881897 -11.937862
v -10.536202 129.534607 -7.851761
v -13.534003 118.579498 -9.106368
v -0.000001 149.376282 -2.838648
v 0.000802 152.329285 3.196055
v -5.684100 146.806396 -0.213546
v -7.125901 142.035889 -3.098350
v 3.570302 135.429077 4.316342
v -26.361786 21.522552 -17.894220
v -30.980034 22.738239 -11.908211
v -33.754150 30.956484 -4.780249
v -32.840916 22.873650 -4.402164
v -31.837532 16.252239 -9.467276
v -33.359615 16.458019 -4.126406
v -31.784029 22.372311 3.049743
v -32.294407 16.160160 1.180615
v -26.324636 20.955853 9.695088
v -26.491716 14.866022 7.841398
v 19.452391 58.077888 -30.954210
v 10.023390 57.837490 -32.034508
v 18.659090 62.895390 -30.335110
v -10.401211 53.853901 -31.871899
v -19.524509 58.077888 -30.954197
v -9.082109 44.783100 -29.641499
v -19.168447 39.725117 -26.989143
v -9.849723 38.848450 -28.271917
v -0.438110 38.484779 -29.334131
v -0.000010 44.372700 -30.832901
v 9.031041 39.077850 -28.320383
v 9.082090 44.783100 -29.641506
v 18.175890 45.193600 -28.450207
v 18.348450 39.956631 -27.035908
v 17.945475 32.876961 -24.441797
v 16.805252 28.063208 -22.289738
v 9.410964 31.009527 -25.450943
v -0.000007 25.457001 -21.151102
v -0.000008 30.339298 -25.323002
v -8.968320 26.519135 -22.074936
v -9.288569 31.010664 -25.434706
v 6.959091 80.583389 -26.483606
v 13.919732 80.530350 -24.544308
v -16.718334 26.281054 15.821604
v 59.176193 78.578041 -8.246113
v 59.330193 73.331345 -6.178426
v -55.168373 67.176643 -8.920603
v -59.336723 73.350594 -6.186681
v -63.290867 67.719612 -9.683555
v -17.266417 20.133202 13.095624
v -6.565294 24.242397 16.382502
v -10.370856 20.040312 11.889462
v -7.100941 14.091463 1.062668
v -6.412142 20.226591 -11.475938
v -6.992400 14.312303 -10.051567
v -9.481251 20.929333 -19.196096
v -11.017796 13.972042 -17.364624
v 0.000001 19.521999 4.332600
v -6.956052 20.241201 3.998792
v -17.150267 20.783722 -20.208584
v -18.754953 14.007091 -19.369482
v -4.065398 114.891899 5.539525
v -3.808599 122.379700 4.486132
v -1.803498 113.502998 6.449123
v 0.000002 122.648598 5.423832
v 0.000002 113.531403 6.688624
v -0.177998 110.419403 7.358820
v 0.000002 110.385300 7.323322
v -0.079297 105.588898 8.768817
v 0.000002 105.593300 8.696218
v -0.644497 100.823799 9.854712
v 0.000003 100.808701 9.812213
v -5.257696 96.307442 9.816212
v -4.887696 94.493340 11.017508
v -9.189195 94.312027 8.602612
v -7.992597 96.108330 7.805012
v -13.224698 94.747620 4.444813
v -11.025698 97.872543 6.107615
v -12.278699 101.214798 4.248417
v -15.121340 93.510902 0.430112
v -14.737401 108.213600 -3.563176
v -12.692099 105.612198 2.553123
v -11.675499 110.009598 2.227726
v -8.978398 121.365997 1.890732
v -7.104000 114.891998 3.593026
v -9.603100 113.415199 2.765026
v -10.337300 116.900200 1.352129
v -16.793711 90.956413 -1.407007
v -15.737799 91.005920 2.171234
v -18.024969 88.206329 -0.310011
v -17.615959 89.677299 -0.933532
v -19.026001 89.563660 -3.314833
v -17.724041 91.592148 -3.415277
v -17.089420 91.371101 -1.844137
v -16.793711 90.923721 -1.446041
v -16.369930 92.850639 -1.521609
v -16.293119 95.005440 -1.896639
v -16.883923 95.384247 -3.525109
v -15.711701 101.304604 -3.095582
v -16.491505 108.213699 -9.747776
v -12.413601 118.379700 -3.711868
v -10.119501 129.267090 -3.147060
v -14.899298 91.149101 5.240808
v -16.642040 89.348717 1.449455
v -19.177290 87.270042 -1.539818
v -16.981150 93.557747 -2.600624
v -15.264698 88.370422 5.602306
v -10.762396 91.458839 10.723209
v -11.303796 88.863342 10.686610
v -11.393598 84.573120 9.672401
v -16.223598 82.310814 4.435504
v -15.673898 85.781830 5.113504
v -18.656500 85.078636 0.459705
v -20.862303 86.043030 -3.589894
v -23.970394 87.277100 -11.140136
v -4.804195 89.230331 14.232808
v -4.998296 84.787926 13.337198
v -11.483197 80.243401 8.943100
v -17.557499 79.795906 4.360105
v 0.000005 91.800041 16.673805
v 0.000005 89.572929 16.018606
v 0.000004 85.157814 14.743396
v 0.000004 79.375389 13.856997
v -5.192396 79.277901 12.601498
v 0.000005 73.791779 14.691298
v -5.713296 74.005791 13.464999
v 0.000005 69.053185 15.887797
v -6.234196 69.170479 14.826899
v 0.000006 63.889088 18.607698
v 16.791679 91.033783 -1.329963
v 16.791679 91.160080 -1.385493
v 17.617611 89.675011 -0.944911
v 4.998304 84.787926 13.337194
v 5.067204 79.142395 12.609395
v 11.393603 84.573112 9.672395
v 11.483203 80.243416 8.943092
v 5.291805 91.698578 14.754105
v 5.650703 73.938095 13.468995
v 6.234206 69.170494 14.826895
v 10.762403 91.458847 10.723203
v 4.804205 89.230331 14.232804
v 17.557503 79.795906 4.360093
v 12.562903 74.281494 10.265992
v 14.899302 91.149117 5.240799
v 11.303803 88.863342 10.686603
v 15.264702 88.370422 5.602298
v 16.639549 89.354317 1.449978
v 18.020599 88.221153 -0.296529
v 19.174141 87.282867 -1.526360
v 15.673902 85.781830 5.113494
v 18.656500 85.078636 0.459690
v 16.223602 82.310822 4.435492
v 24.665609 75.968079 1.695144
v 15.737801 91.005943 2.171226
v 19.026218 89.521339 -3.504744
v 21.007198 88.961739 -5.683888
v -12.575300 93.638550 -0.139789
v -11.962104 93.354637 -11.148590
v -15.885702 93.911453 -4.799188
v -14.226400 91.670631 -0.171891
v -12.398900 90.956749 0.466008
v -12.859399 91.516037 1.911708
v 12.999800 92.980339 1.329706
v 12.510000 93.872749 -0.350196
v 14.835799 93.196449 -1.774497
v 9.747695 93.367653 -12.617598
v 6.672096 94.335052 -12.068287
v 8.956400 93.226738 3.562704
v 2.974597 95.572357 -12.068295
v 4.091501 93.067329 6.332605
v 0.000002 93.075233 7.315507
v -2.995903 95.822662 -12.068293
v -4.092897 93.050438 6.379108
v -6.696206 94.466476 -12.068292
v -8.822498 93.298843 3.628009
v -9.751905 93.374168 -12.617591
v -10.206004 90.406052 -10.586091
v -7.077105 88.358963 -10.586092
v -9.228500 88.832542 0.082908
v -9.246099 90.218246 3.911709
v -4.219996 90.242638 7.362308
v 0.000001 89.162354 4.621303
v 0.000003 90.454643 7.964703
v 4.218400 88.859756 3.525500
v 4.220001 90.190643 7.218201
v 9.245401 90.166237 3.768100
v 9.228500 88.832542 0.082900
v 12.120800 90.983040 0.761001
v 4.094402 114.891899 5.539524
v 3.808601 122.262802 4.313529
v 9.179899 120.932297 1.287827
v 9.775804 113.433601 2.491120
v 10.532500 115.861298 1.349521
v 11.860401 110.202400 2.229115
v 12.413599 118.379700 -3.711877
v 10.536197 129.534485 -7.851767
v 14.737399 108.213699 -3.563188
v 4.054301 129.098694 3.401335
v 3.812401 133.071899 3.349976
v 0.000001 133.186584 4.403378
v 0.000001 129.239685 4.333836
v 1.812602 113.502998 6.449121
v 0.079302 105.588898 8.768818
v 0.653703 100.823799 9.854712
v 2.068703 97.866737 9.835410
v 0.000003 97.112732 10.215406
v 5.062603 96.307442 9.816208
v 4.887705 94.493340 11.017505
v 0.000004 94.798737 11.681807
v 0.000004 93.365540 12.816806
v -4.610596 93.120239 12.159507
v -10.215397 92.208038 8.862410
v -14.138498 91.782677 4.668411
v -15.451699 91.394417 2.020313
v -16.793711 90.903610 -1.407007
v -14.429498 91.132011 4.757210
v -10.349597 91.419037 9.088909
v 0.000004 91.935089 13.447106
v 4.430104 91.824997 12.658304
v 4.610605 93.120232 12.159504
v 10.349603 91.419029 9.088902
v 10.215403 92.208038 8.862405
v 14.429502 91.132027 4.757201
v 15.502901 90.976677 1.930170
v 15.451701 91.394417 2.020304
v 12.627501 101.021896 4.410110
v 16.295530 94.961899 -2.041986
v 15.204930 93.584930 0.248556
v 16.366871 92.856827 -1.514744
v 16.829201 90.941109 -1.417890
v 17.084290 91.368561 -1.883340
v 17.639168 91.824997 -3.135412
v 14.138502 91.782692 4.668401
v 9.189203 94.312027 8.602607
v 8.093102 96.307449 7.805008
v 13.224702 94.894928 4.444803
v 11.262602 98.091843 5.869707
v -13.925296 69.576981 11.978802
v -6.616794 64.064980 17.423800
v -15.041895 64.467979 14.627202
v -21.244898 70.538673 6.374201
v -19.428099 74.911392 5.367204
v -12.640296 74.284393 10.279801
v 7.063374 14.084839 0.986847
v -0.000004 19.899700 -11.591201
v 9.023614 26.515068 -22.096264
v 6.464228 20.236231 -11.548463
v 11.111882 13.986928 -17.409985
v 9.588355 20.939280 -19.242575
v 17.264383 20.791378 -20.199427
v 18.863211 14.024407 -19.359537
v -28.161259 15.968872 -0.898140
v -23.656126 15.302102 4.410449
v -27.176529 11.297152 -1.065846
v -24.839701 5.209726 -2.022092
v -26.891350 11.229132 -6.952360
v -28.178030 15.732402 -7.604072
v -25.833101 15.168801 -12.481761
v -23.152056 10.609482 3.784541
v -22.582100 5.209725 1.875207
v -21.813499 0.943226 -1.652993
v -25.118202 5.137926 -6.135092
v -25.021233 10.691191 -11.220021
v -21.520302 0.726026 -6.650093
v -18.685902 0.045825 -6.777294
v -15.294502 1.031325 -6.693496
v -10.406103 9.853851 -7.369986
v -13.382674 9.899991 -12.632025
v -12.499675 14.210582 -14.179035
v -18.849894 14.144311 -15.554394
v -18.130136 10.080082 5.250069
v -12.804598 13.945642 4.685848
v -14.548599 5.209724 1.775004
v -18.155397 5.107825 3.079005
v -15.335901 1.026425 -1.742095
v -18.474001 0.331525 -1.569494
v -12.257702 5.137924 -6.295096
v -12.286501 5.209724 -1.875596
v -9.069147 14.537703 -8.150629
v -10.483800 9.962236 -1.324195
v -13.499449 9.992410 3.664114
v -9.429374 14.430773 -0.895464
v -7.016907 101.883400 -20.019081
v 7.016893 101.883400 -20.019087
v 6.348994 108.213699 -19.186188
v -11.857405 108.213699 -15.932381
v -13.307906 101.994499 -16.667480
v -18.434204 101.657799 -9.570482
v -32.134041 38.943455 4.283442
v -33.229404 45.085800 -5.860391
v 13.533998 118.579498 -9.106377
v 11.857395 108.213699 -15.932379
v 16.491497 108.213699 -9.747786
v 15.711699 101.304604 -3.095590
v 16.908749 95.265427 -3.778465
v 16.940491 93.566750 -2.616607
v 59.295868 73.097504 -24.500031
v 63.384224 76.544098 -21.992744
v 59.521343 67.344101 -9.253525
v 55.478806 73.425842 -5.825531
v 68.645309 71.996727 -7.991499
v 63.281509 67.598289 -9.688387
v 59.639763 65.875435 -16.219254
v 55.161263 65.670494 -16.406481
v 47.461998 65.165062 -16.644779
v 55.190792 67.176498 -8.896048
v 47.470726 66.671074 -8.478745
v 47.474529 73.420471 -5.020302
v -27.891048 54.522770 -25.440022
v -27.223738 58.337360 -25.086304
v -27.010347 62.229370 -26.158854
v -18.731209 62.895390 -30.335096
v 26.659472 58.373901 -24.646891
v 28.154593 54.519489 -25.758312
v 19.494190 54.136700 -30.649210
v -7.208809 42.885010 23.229940
v -16.969593 49.084000 20.494003
v -7.134092 53.584301 23.512899
v -7.316592 47.970001 24.182899
v 0.000008 53.333599 24.586699
v 0.000008 47.455898 25.242098
v 7.134109 53.584301 23.512896
v 16.969608 49.084000 20.493992
v 17.060307 43.984890 20.092993
v 16.059505 40.068901 19.005392
v 26.683704 46.322590 13.547890
v 26.822104 43.171101 12.562189
v 31.764301 48.695801 4.995588
v 31.331001 45.671299 4.363788
v 33.608898 50.570499 -5.737913
v 33.062195 47.576500 -5.860413
v -26.822096 43.171101 12.562206
v -17.060295 43.984890 20.093004
v -26.683697 46.322590 13.547907
v -16.409494 54.415791 20.066004
v -7.061393 59.125690 20.895500
v 0.000007 58.891201 22.202297
v 16.409506 54.415791 20.065992
v 26.147804 55.829899 13.224890
v 26.545204 50.557598 13.967489
v 32.906498 54.644600 -15.920914
v 32.303696 51.443199 -15.643212
v 27.179892 50.920990 -24.885511
v 31.368994 48.529190 -15.365413
v 30.814323 60.932571 -15.770323
v 28.309902 64.012039 -24.496941
v 25.934042 62.898129 -24.645842
v 16.971041 68.343109 -28.818068
v 33.810200 53.881199 -5.615413
v 31.746944 58.028881 -15.883204
v 31.137484 62.389126 -16.205763
v 32.684155 63.406017 -16.362974
v 33.153790 57.924679 -5.291138
v 32.197498 52.060799 5.223587
v 31.748001 56.791290 4.901787
v 30.003902 62.450008 4.004797
v 31.156559 62.068611 -4.114584
v 31.285769 63.808388 -6.732000
v 35.223145 65.965546 -8.121254
v 25.099903 61.074699 11.278890
v 28.355301 66.508179 2.652590
v 27.909849 73.591080 -0.408065
v 29.768841 67.414574 -0.926319
v 26.483601 71.512566 1.889386
v 31.213039 73.902176 -1.935834
v 30.927280 68.001114 -2.054158
v 25.614170 80.269295 -2.163652
v 22.790300 80.320114 0.181784
v 20.862299 86.043022 -3.589910
v 24.879679 84.214294 -4.441323
v 28.268787 82.480896 -5.205213
v -32.197498 52.060799 5.223608
v -26.545197 50.557598 13.967506
v 6.616807 64.064980 17.423794
v 7.061407 59.125690 20.895494
v 16.099707 59.634499 17.908993
v 14.963305 64.465096 14.613393
v -16.099695 59.634499 17.909002
v -23.213999 65.628983 8.184500
v -26.483601 71.512581 1.889403
v -24.671009 75.968079 1.696908
v -22.790300 80.320099 0.181803
v -24.886353 84.214294 -4.437980
v -35.776772 83.409187 -12.553532
v -27.963764 84.282646 -13.066434
v -24.083696 84.213615 -17.716125
v -22.122105 91.132835 -10.738587
v -15.631705 95.216858 -17.242790
v -21.009663 88.957863 -5.679688
v -20.229103 95.544762 -9.907384
v -18.716072 92.454224 -5.600913
v -26.147797 55.829899 13.224906
v -25.099895 61.074699 11.278906
v -30.007898 62.442699 4.003508
v -28.357290 66.508179 2.652598
v -31.751099 56.791290 4.901809
v -32.861191 57.863300 -5.269796
v -31.115011 62.056808 -4.113584
v -31.321913 63.774796 -6.792308
v -29.771709 67.414574 -0.926292
v -33.090240 69.550880 -3.009840
v -27.917450 73.902176 -0.406990
v -25.621250 80.269295 -2.161183
v -40.175350 65.804893 -7.187170
v -38.543865 73.153687 -3.513992
v -47.464092 80.170120 -7.996886
v -47.464134 81.872917 -13.238489
v -32.632305 64.782166 -7.772786
v -30.971729 68.086769 -2.024095
v -35.212791 65.398041 -7.636909
v -35.532471 62.768581 -16.195490
v -47.464073 66.671417 -8.548177
v -47.464134 65.165413 -16.853376
v -55.448143 73.426041 -5.862264
v -47.464062 73.420830 -5.089682
v -55.677464 79.156540 -8.200899
v -55.677624 80.562729 -13.611997
v -47.464188 81.092117 -19.205288
v -35.811783 82.403282 -19.352211
v -29.943197 78.503334 -23.224934
v -28.352335 83.232269 -18.780365
v -25.249989 78.966904 -22.136623
v -20.898058 81.186043 -21.676186
v -47.464207 78.267708 -23.706291
v -35.846825 79.187279 -24.261913
v -30.867649 72.152870 -27.478523
v -21.859308 73.600235 -25.338306
v -38.924572 65.584267 -26.496550
v -33.933338 64.933075 -25.918093
v -30.818338 64.455620 -25.603193
v -26.530998 71.534843 -25.624214
v -24.295370 67.745834 -26.427244
v -31.725798 48.695789 4.995607
v -33.570499 50.570499 -5.737893
v -32.265305 51.443199 -15.643191
v -33.810200 53.881199 -5.615391
v -32.876293 54.641109 -15.914751
v -31.987677 58.055630 -15.812492
v -31.427845 60.590530 -15.795173
v -33.083412 62.536106 -16.138683
v -31.292107 48.529190 -15.365393
v -28.425268 63.197186 -25.787254
v -31.694527 61.740677 -16.048542
v -40.746262 64.086884 -16.406691
v -55.168613 65.670631 -16.987206
v -59.522465 67.451973 -9.260971
v -59.673904 65.983841 -16.715963
v -63.436707 66.305702 -16.426353
v -68.028473 68.159767 -10.430111
v -68.645966 72.150543 -7.987094
v -63.291428 73.174896 -6.634860
v -68.352554 76.432716 -9.711506
v -63.252178 78.031433 -8.404863
v -59.133095 78.684601 -8.254991
v -27.437107 50.920990 -24.885492
v -19.179209 50.487202 -30.069296
v -19.566410 54.136700 -30.649197
v -9.919010 50.086399 -31.245098
v -0.000010 49.685600 -32.072403
v -10.023411 57.837490 -32.034500
v -17.651300 68.100006 -29.072538
v 26.026293 48.364300 -23.774511
v 17.916090 47.450401 -29.211107
v 9.989090 50.065300 -31.297707
v 9.343390 47.157890 -30.253006
v -0.000011 53.571190 -32.571804
v -0.000011 57.597198 -32.591904
v -9.430910 62.686291 -31.598499
v -8.633209 68.160072 -30.562901
v 19.107090 50.487202 -30.069307
v 10.401190 53.853901 -31.871906
v -0.000010 62.477299 -32.184605
v 9.430890 62.686291 -31.598505
v -0.000010 67.992973 -30.990694
v -0.000209 73.667770 -29.443104
v -7.422210 73.792969 -29.206400
v 7.829091 73.799774 -29.187206
v 8.848191 68.163483 -30.551907
v 21.629473 73.704300 -25.019930
v 15.297881 74.007599 -27.072037
v 20.886463 81.054886 -21.432779
v 6.510092 86.921730 -22.939705
v -0.000009 80.387199 -26.742004
v -6.959108 80.583389 -26.483603
v -15.589449 73.969109 -27.440819
v -0.000008 86.948219 -23.816004
v -0.000007 95.021957 -22.442993
v -12.571667 87.467194 -21.694229
v -6.510108 86.921722 -22.939701
v -14.024617 80.794724 -24.352638
v 13.307895 101.994499 -16.667490
v 18.690538 92.671822 -5.452018
v 18.434196 101.657799 -9.570491
v 20.229095 95.544746 -9.907396
v 22.122097 91.132835 -10.738611
v 23.907097 87.242584 -11.088001
v 24.225924 83.916435 -17.390471
v 28.712065 82.943329 -18.561924
v 27.703176 84.640160 -12.776342
v 25.276772 78.844254 -21.944481
v 29.864342 78.552269 -23.218174
v 47.458302 81.091759 -19.136078
v 7.207259 42.885151 23.229397
v 7.316608 47.970001 24.182896
v 0.000008 42.682301 24.411398
v 32.538345 64.987740 -7.814272
v 40.158230 65.978813 -7.176319
v 35.544376 64.240181 -16.305855
v 30.836813 64.529999 -25.817274
v 23.893522 68.145844 -25.874931
v 26.479393 71.521515 -25.505981
v 33.909561 65.047394 -26.153463
v 31.011440 72.109200 -27.205364
v 47.450783 73.420456 -26.794880
v 35.740166 79.187126 -24.233786
v 47.454201 78.267349 -23.636719
v 35.683723 82.403130 -19.324196
v 55.659729 79.930008 -19.009008
v 55.396378 73.326294 -25.321520
v 55.129608 67.176483 -24.293058
v 63.250084 67.598267 -22.047493
v 63.266354 72.864433 -23.552603
v 68.641068 71.902359 -21.476416
v 68.500305 75.294579 -20.566626
v 63.199955 78.501457 -17.983364
v 59.272148 77.041801 -22.526871
v 59.067287 79.264252 -18.517582
v 55.644230 77.467194 -22.963072
v 55.681732 80.562584 -13.586121
v 33.002079 69.564072 -3.064507
v 38.510735 72.649834 -3.463939
v 40.676540 64.259209 -16.509935
v 36.356068 81.406479 -7.387429
v 35.619709 83.409019 -12.522295
v 47.471325 80.169769 -7.927476
v 47.465614 81.872559 -13.169038
v 36.209961 72.649910 -27.819904
v 37.928566 65.584030 -26.447136
v 47.450142 66.671059 -25.580917
v 59.465740 67.344093 -23.226002
v 55.706131 79.156395 -8.175072
v 59.033691 79.808868 -13.335802
v 63.167580 78.952339 -13.110264
v 68.199242 77.240517 -13.785466
v 70.530739 71.722168 -8.953366
v 68.201614 77.130722 -16.924505
v 70.730179 75.423767 -10.321477
v 72.252556 71.419197 -10.166527
v 70.895645 74.632881 -19.370056
v 70.591537 76.352333 -15.146397
v 72.190117 75.706230 -14.930317
v 73.394691 73.273781 -11.754597
v 72.299774 74.806953 -11.298737
v 73.739273 71.213272 -11.428377
v 73.224281 69.287422 -11.950497
v 71.912560 68.883949 -11.699037
v 74.181396 69.476608 -14.779258
v 71.780998 67.995613 -15.155077
v 70.251503 68.491989 -11.066996
v 71.912544 68.883949 -18.652227
v 70.249352 68.491982 -19.460587
v 70.312271 67.583191 -15.254906
v 68.037941 68.004448 -10.436685
v 63.406128 66.183861 -16.014544
v 68.173515 67.055229 -15.355655
v 68.027588 68.004440 -20.271955
v 70.549713 71.664436 -20.490767
v 74.543854 71.328880 -14.640238
v 74.161316 73.946960 -14.544357
v 73.224556 69.287407 -17.711897
v 73.927666 71.053093 -17.389166
v 72.304108 71.400627 -19.256786
v 72.502838 74.215149 -18.349096
v -33.892139 40.818691 -5.469472
v -32.243874 36.339687 -14.224401
v -31.502033 30.993694 -12.982830
v -34.560589 36.551594 -5.101303
v 27.038795 32.984440 12.615580
v 32.279831 38.920650 4.627635
v 32.697800 35.025299 4.680795
v 32.237171 30.225019 3.954693
v 31.555477 30.987560 -12.889441
v 34.566429 36.549290 -5.004509
v -4.218399 88.859749 3.525505
v -3.148903 87.144157 -10.399193
v -0.000004 86.965248 -10.511794
v 6.920798 88.876152 -10.586096
v 10.157696 90.487846 -10.586098
v 15.885698 93.911453 -4.799197
v 11.961996 93.354652 -11.148598
v 6.904195 89.996162 -12.987996
v 6.269494 91.628754 -14.463096
v 2.728395 91.728447 -15.702895
v -0.000004 96.014061 -12.068294
v -0.000005 91.661957 -16.103794
v -2.728405 91.728462 -15.702893
v -6.269606 91.628761 -14.463092
v -7.005105 89.425560 -12.987992
v 19.428102 74.911369 5.367191
v -4.989752 107.801003 9.282123
v -4.126853 108.685402 9.252622
v -3.116751 108.685402 9.474022
v -2.345251 107.801003 9.861722
v -2.107153 106.370003 10.267721
v -2.493250 104.939003 10.536821
v -3.892752 106.399200 10.213422
v -3.356253 104.054497 10.566321
v -4.366251 104.054497 10.344922
v -5.137751 104.939003 9.957223
v -5.377050 106.370003 9.526622
v 4.252648 108.685394 9.252316
v 5.115647 107.800995 9.281117
v 5.503049 106.369995 9.525318
v 5.264146 104.938995 9.956017
v 4.492948 104.054489 10.344418
v 3.483049 104.054489 10.566618
v 4.019147 106.399193 10.213318
v 2.620149 104.938995 10.537819
v 2.233846 106.370003 10.269018
v 2.471647 107.800995 9.862918
v 3.242750 108.685394 9.474516
v 25.874594 15.176717 -12.439979
v 18.906910 14.154977 -15.548587
v 12.549644 14.219888 -14.205085
v 9.089426 14.541579 -8.194899
v 7.034358 14.319879 -10.127213
v 12.761170 13.937979 4.662046
v 10.744791 13.561239 8.083753
v 17.826288 14.035078 6.631130
v 17.731920 13.860199 11.494224
v 33.358421 16.458279 -4.010407
v 28.192587 15.735428 -7.558098
v 23.614830 15.294948 4.440183
v 28.144588 15.966249 -0.843687
v 24.839701 5.209929 -2.022108
v 22.582100 5.209927 1.875193
v 15.335899 1.026624 -1.742105
v 18.155401 5.108025 3.078994
v 14.548601 5.209923 1.774995
v 13.481869 9.989429 3.653318
v 27.169716 11.296198 -1.045866
v 26.897524 11.230528 -6.933341
v 25.118198 5.138129 -6.135107
v 21.520298 0.726227 -6.650107
v 21.813499 0.943427 -1.653007
v 18.685898 0.046026 -6.777306
v 18.474001 0.331726 -1.569506
v 15.294498 1.031525 -6.693506
v 10.477248 9.961245 -1.341735
v 9.412127 14.427829 -0.937740
v 13.401484 9.903623 -12.643585
v 18.937023 9.932393 -13.775247
v 25.037903 10.694508 -11.204309
v 10.412875 9.855279 -7.387745
v 12.286499 5.209922 -1.875604
v 12.257698 5.138123 -6.295104
v 14.455597 5.000023 -9.895505
v 18.848797 4.830527 -11.196906
v 23.039896 5.089629 -9.228807
v -16.059494 40.068901 19.005404
v -6.835993 39.268002 21.927200
v 0.000007 38.996498 22.933699
v 0.000007 36.394402 22.738699
v 6.836008 39.268002 21.927197
v 15.965807 37.584400 18.950392
v 33.365597 45.085800 -5.860412
v -31.254198 45.671299 4.363808
v -31.465797 43.422100 3.880208
v -32.985405 47.576500 -5.860392
v -26.513508 48.364300 -23.774494
v -17.988209 47.450401 -29.211096
v -18.248110 45.193600 -28.450195
v -9.340010 47.157890 -30.252998
v -0.000010 46.865490 -31.294802
v -27.556814 15.369891 -15.680571
v -10.833047 13.577053 8.133800
v -17.844555 13.878443 11.492373
v -17.880756 14.044682 6.630105
v -47.464218 66.671417 -25.650179
v -55.168839 67.176620 -24.318207
v -47.464226 73.420807 -26.864479
v -59.522888 67.451973 -23.233675
v -63.291241 67.719597 -22.042652
v -55.438988 73.326424 -25.345097
v -59.337627 73.204758 -24.508377
v -63.291931 72.985786 -23.547863
v -68.028786 68.159767 -20.264311
v -68.166328 67.210220 -15.767811
v -70.229622 67.726448 -15.553140
v -71.941734 69.035103 -11.858990
v -70.215164 68.636490 -11.144540
v -72.236420 71.669998 -10.269980
v -70.542892 71.927483 -9.005837
v -55.677917 77.467331 -22.985897
v -59.291706 77.148918 -22.535286
v -63.393253 76.665840 -21.987562
v -68.652550 72.056129 -21.468990
v -70.550758 71.860489 -20.446941
v -55.677799 79.930130 -19.031895
v -59.006516 79.914993 -13.345296
v -59.062748 79.370560 -18.526794
v -63.191593 78.622498 -17.978662
v -68.348198 75.419540 -20.187910
v -63.145020 79.073212 -13.105663
v -68.135796 77.271027 -16.773312
v -68.216621 77.395416 -13.781711
v -70.698952 76.512543 -15.098340
v -70.787567 75.640808 -10.455830
v -72.271248 75.854027 -14.846790
v -72.349297 74.331383 -17.934879
v -70.862694 74.773293 -18.953531
v -72.241905 71.629692 -19.178080
v -71.941933 69.035088 -18.491589
v -70.215416 68.636482 -19.377941
v -71.702385 68.142319 -15.338400
v -73.221062 69.429588 -12.309949
v -73.775177 71.602379 -11.651839
v -72.259064 75.064262 -11.545290
v -74.275566 74.067299 -14.546829
v -73.770515 73.099388 -16.727139
v -73.813316 71.385979 -17.222139
v -73.221214 69.429581 -17.352650
v -74.268486 69.660950 -14.776619
v -73.663383 73.729683 -12.309939
v -74.572090 71.581657 -14.640419
v 34.000031 40.567039 -5.397718
v 31.992868 41.775589 -14.616013
v 73.763557 72.958397 -17.282177
v -13.186854 107.011497 1.935781
v -11.943473 111.084099 2.193015
v -10.518653 113.881500 2.672803
v -7.551702 115.509102 3.800365
v -9.655710 113.084602 6.073412
v -4.062841 115.571602 5.799945
v -6.229512 111.583000 8.848866
v -8.446221 107.926003 9.024276
v -12.552641 107.434799 5.217811
v -12.999243 107.490799 5.472641
v -13.325732 105.704903 2.161543
v -13.580512 106.489403 2.566111
v -12.845911 106.072403 5.276807
v -13.294661 106.271698 5.530823
v -8.700971 106.519096 9.298507
v -8.986119 106.706001 9.717042
v -3.856220 106.637604 11.134298
v -3.866401 106.862198 11.634768
v -0.894901 106.591003 11.164027
v -1.571949 106.418701 10.810208
v 0.193691 105.981400 9.083195
v 0.351921 106.715202 9.275870
v 0.135280 107.237801 8.600780
v -1.212040 107.677002 10.292937
v 0.495299 110.892998 7.174580
v -2.819501 113.312401 8.148500
v -1.734941 114.313599 6.442772
v -8.729100 107.964897 9.443564
v -1.017529 107.756203 10.735967
v -3.914501 107.988899 10.540638
v -3.922070 108.043701 11.042058
v -2.041012 97.908684 10.740598
v -0.248619 100.647202 9.929619
v -1.613850 101.357597 11.363528
v 0.124519 104.739502 9.253711
v -1.192039 104.963600 11.088558
v 0.307109 106.106903 9.214917
v 0.433910 105.430603 9.674418
v -1.433670 106.384903 11.095258
v -0.779121 106.296799 11.477567
v -4.058109 106.544098 12.132649
v -4.062549 106.560600 11.570809
v -9.088860 106.541397 10.410920
v -8.811482 106.528900 9.932667
v -13.432322 106.084503 6.168513
v -12.976503 106.132401 5.835711
v -13.642203 105.753304 2.352516
v -14.006362 105.071701 3.091333
v -13.699092 104.403702 2.649071
v -13.224012 104.884499 6.582697
v -12.218980 100.936699 7.714538
v -13.014273 99.235336 4.887887
v -11.252023 99.520554 8.789654
v -11.465410 97.385223 6.502161
v -8.923390 98.123940 9.818918
v -8.580947 95.890594 7.893827
v -5.312691 96.072983 10.570439
v -4.965389 97.873863 11.283859
v -4.277309 105.060097 11.542369
v -0.970791 105.042999 11.532508
v -4.256179 105.204002 12.038219
v -8.936470 105.223801 10.638330
v -12.780893 104.797096 6.305666
v -8.672273 105.071404 10.217620
v -8.827991 101.602600 10.723850
v -4.449790 101.763199 12.117089
v 1.777652 97.515091 10.088244
v 1.451100 101.401398 11.260346
v 0.013401 100.651001 9.920798
v 0.908951 104.993698 11.017837
v 4.013741 105.178703 11.263287
v 4.318551 101.888603 11.821945
v 5.122229 96.045807 10.099566
v 4.887810 98.014732 10.952187
v 8.634557 96.119514 7.683980
v 11.735731 98.469856 5.727298
v 12.819631 100.948303 4.029194
v 11.794577 101.279999 6.906214
v 13.165364 104.787804 2.749635
v 12.150045 105.153503 5.466463
v 12.608114 105.253799 5.713164
v 13.482480 105.464699 2.166025
v 13.050054 106.134903 2.568102
v 12.275419 106.493500 4.985708
v 12.753767 106.458900 5.287061
v 8.385631 106.774696 9.353802
v 3.758621 106.672401 11.307535
v 3.792431 106.656403 11.868406
v 1.109810 106.421303 11.009637
v 0.485230 106.314796 11.435006
v -0.744790 106.091797 9.250318
v -0.821061 105.412697 9.716653
v -0.521050 104.730301 9.275435
v 0.715882 105.067101 11.475726
v 4.021901 105.322304 11.759575
v 8.307578 105.314102 9.646061
v 8.595958 101.851700 10.137333
v 8.729609 98.376312 9.224704
v 10.942939 99.837860 8.042549
v 8.694060 106.795601 9.812330
v 8.595008 105.474403 10.048204
v 11.623219 111.436302 2.096875
v 9.923055 114.186996 2.210451
v 6.962789 115.726097 3.472074
v 3.567568 115.685699 5.627352
v 1.309748 114.359100 6.373906
v 2.499709 113.391899 8.028187
v -0.782003 110.873901 7.203473
v 1.159920 107.712502 10.239297
v -0.248791 107.232002 8.609468
v -0.418980 106.703697 9.293309
v -0.247769 105.974800 9.093173
v 1.580269 106.465797 10.738917
v 0.915020 106.617996 11.123086
v 3.895352 106.978203 11.459206
v 3.869308 106.753098 10.959566
v 8.925517 106.973801 9.311916
v 8.627479 106.778099 8.906563
v 13.051481 106.665497 4.934919
v 12.597921 106.452698 4.701312
v 13.281377 106.058914 1.931096
v 13.530721 106.894600 1.952894
v 13.093511 107.404404 1.778260
v 12.717466 107.875198 4.890978
v 12.261656 107.805801 4.656563
v 8.318618 108.176697 8.645090
v 9.238890 113.367104 5.646062
v 5.988029 111.765602 8.572534
v 3.860229 108.105103 10.364786
v 0.983341 107.786201 10.690707
v 3.888859 108.160400 10.865385
v 8.618949 108.224197 9.051182
v 0.000003 91.328934 10.420607
v -4.220896 91.023140 9.528006
v -4.239996 91.107140 9.831307
v -9.341397 91.006737 6.254807
v -9.255696 90.979538 6.015407
v -13.016599 91.546028 2.168409
v -14.886500 93.109444 -1.302189
v -15.502899 91.017128 1.921438
v -9.049300 92.432442 5.666915
v -4.152297 92.357941 8.280808
v -4.184097 92.342827 8.781307
v 0.000003 92.340439 9.370008
v 0.000003 92.358627 9.724607
v 4.152303 92.357933 8.280806
v 4.180803 92.344337 8.730104
v 9.231300 92.290527 6.145905
v 9.049300 92.432426 5.666907
v 13.166501 92.853027 1.729306
v 14.226400 91.361763 -0.171899
v 13.042101 91.550949 2.210002
v 9.339902 91.006248 6.250602
v 9.255702 90.979538 6.015402
v 4.245903 91.133247 9.925704
v 4.220903 91.023140 9.528004
v 0.000004 91.436340 10.822006
v -5.291795 91.698563 14.754108
v -13.212299 92.818657 1.824120
v -9.217599 92.301247 6.109916
v -4.430096 91.824997 12.658307
v -8.263998 112.598198 5.630627
v -11.964198 105.969498 4.875922
v -10.205997 99.372627 7.807415
v -2.115997 97.866737 9.835411
v -0.851896 105.293503 9.667818
v -1.082597 110.737701 7.863922
v -2.747999 112.862900 7.181724
v 8.031302 112.598297 5.351122
v 6.820603 114.891998 3.593023
v 2.892202 112.862900 7.168922
v 1.221802 110.737701 7.851221
v 0.187202 110.419403 7.358822
v 0.870103 105.293503 9.667817
v 3.424404 99.145042 10.470015
v 10.224303 99.372650 7.515009
v 13.190801 105.612297 2.629211
v 12.489602 105.969597 4.727315
v 2.601102 111.002899 8.343619
v 1.800503 105.607101 10.125515
v 8.296803 101.994301 8.849712
v 9.809903 106.256798 7.242115
v 7.706402 109.810600 6.869317
v 4.832944 105.227699 9.737504
v 3.712403 101.505997 10.606614
v -1.782197 105.607101 10.125516
v -2.331797 111.002899 8.369124
v -7.688097 109.810600 7.228723
v -9.791599 106.256798 7.242122
v -8.278599 101.994301 9.027919
v -3.406097 99.145027 10.470017
v -3.694097 101.505997 10.606617
v -4.880802 105.201797 9.730246
v 3.118797 88.462952 -7.923797
v 3.118797 87.405952 -10.399195
v 6.433497 89.880547 -8.120596
v 6.904197 91.035553 -9.795495
v 6.269496 92.685837 -11.567595
v 2.728396 92.785561 -12.807395
v -0.000004 92.392464 -13.208394
v -2.728404 92.785561 -12.807393
v -6.269605 92.685852 -11.567592
v -7.005103 90.465050 -9.795494
v -6.082802 89.363358 -8.120595
v -3.148901 88.201263 -7.503698
v -0.000003 88.022346 -8.036296
v 5.744897 89.965462 -5.998596
v 6.219798 91.008659 -6.405996
v 6.003898 92.529556 -6.999896
v 2.610898 92.622353 -7.036095
v -0.003302 92.202454 -7.011995
v -2.617502 92.622353 -7.036094
v -6.010503 92.529556 -6.999891
v -3.020400 88.782257 -5.368496
v -0.003302 88.615547 -5.303397
v 2.984997 89.026047 -5.463698
v 5.153999 90.155167 -3.284598
v 5.326499 90.747063 -3.425196
v 5.141299 91.609863 -3.630095
v 2.229499 91.662453 -3.642596
v -0.013901 91.442352 -3.721595
v -2.257301 91.662453 -3.642594
v -5.169101 91.609863 -3.630092
v -6.196502 90.477249 -6.198393
v -5.680901 89.621262 -6.173794
v -5.149901 89.962051 -3.600692
v -2.603101 89.239853 -3.067295
v 2.550499 89.378258 -3.100099
v 3.052700 90.451057 -0.969597
v 2.850501 91.444740 -1.244695
v -0.042100 91.108353 -0.131994
v -2.934700 91.308144 -1.244694
v -3.196300 90.199150 -0.901293
v -5.157301 90.677353 -3.286692
v -0.042100 90.045647 0.420805
v -0.013901 89.145348 -3.044797
v 1.769000 90.192551 0.049103
v 1.598500 91.237541 -0.518495
v -1.861100 90.088852 0.073705
v -1.678500 91.171143 -0.518494
v -13.000700 92.980362 1.314218
v -12.472900 93.283127 -0.275889
v -8.738699 92.939636 3.490609
v -4.043797 92.684036 6.243306
v 0.000002 92.705643 7.182605
v 4.042602 92.699944 6.199605
v 8.874002 92.867249 3.425003
v 12.409900 93.519051 -0.492397
v 12.899700 92.626648 1.187402
v 8.966901 92.072937 5.529203
v 4.103503 91.990532 8.147804
v 0.000003 91.970840 9.237205
v -4.103196 91.991638 8.144905
v -8.965500 92.073143 5.529409
v -12.898300 92.624863 1.178211
v 12.859401 91.516037 1.911702
v 11.824200 91.555054 0.599701
v 9.023200 90.943642 3.577602
v 4.141304 90.879028 6.994905
v 0.000003 91.150421 7.737705
v -4.141397 90.930931 7.139008
v -9.022597 90.993439 3.716008
v -12.099900 91.524544 0.294407
v -12.560399 92.083839 1.740108
v -9.032297 91.568031 5.819707
v -4.142296 91.639816 9.304707
v 0.000003 91.953232 10.193707
v 4.142304 91.639832 9.304706
v 12.562901 92.088142 1.750402
v 9.033501 91.570137 5.824903
v 9.656701 117.014198 2.173522
v 10.140801 117.237900 2.676722
v 4.143901 120.488098 5.393026
v 4.800901 121.316704 4.969530
v 9.346301 118.936996 2.678225
v 9.960900 118.422699 2.447024
v 9.400501 118.159698 1.993325
v 8.851601 118.698303 2.182826
v 8.677002 119.612602 2.018130
v 9.106201 119.309998 1.786330
v 9.771002 119.670700 2.124729
v 9.179899 120.797401 1.287828
v 3.846800 123.184799 4.317829
v 4.315501 123.425102 4.824730
v 3.804397 122.160103 4.504928
v 4.232800 122.319603 5.053030
v 4.323699 121.836304 4.328830
v 4.374402 121.129601 4.425932
v 3.774801 121.443604 4.635731
v 4.198802 121.603600 5.185730
v 3.728102 120.315804 4.841725
v 4.752400 122.023499 4.871431
v 9.581701 120.906998 1.689828
v 9.223902 119.900101 2.455928
v -9.400498 118.438400 1.993330
v -9.960898 118.701500 2.447030
v -9.346299 119.216003 2.678231
v -10.140800 117.516800 2.676727
v -4.800899 121.595596 4.969531
v -4.143898 120.766998 5.393028
v -9.656699 117.292999 2.173524
v -3.728099 120.594803 4.841725
v -4.198799 121.882599 5.185732
v -3.774800 121.722603 4.635731
v -4.374400 121.408401 4.425931
v -4.752399 122.302200 4.871433
v -4.323699 122.115303 4.328832
v -4.232800 122.598503 5.053031
v -3.804399 122.439102 4.504930
v -4.315500 123.703903 4.824730
v -3.846800 123.463699 4.317826
v -9.581700 121.185997 1.689830
v -8.994901 120.845200 1.287826
v -9.770998 119.949501 2.124734
v -9.106200 119.588898 1.786335
v -9.223898 120.179001 2.455934
v -8.676998 119.891502 2.018135
v -8.851598 118.977097 2.182830
vt 0.251436 0.822622
vt 0.432032 0.778865
vt 0.203945 0.668839
vt 0.388478 0.624878
vt 0.378270 0.500675
vt 0.187001 0.494237
vt 0.191329 0.317133
vt 0.384886 0.374563
vt 0.231819 0.174556
vt 0.414107 0.226802
vt 0.942879 0.775980
vt 0.939390 0.588965
vt 0.732837 0.798050
vt 0.754809 0.593205
vt 0.164972 0.708267
vt 0.215342 0.854359
vt 0.022539 0.745554
vt 0.074419 0.891491
vt 0.028570 0.291164
vt 0.029739 0.485300
vt 0.054162 0.687599
vt 0.019120 0.329720
vt 0.061090 0.146767
vt 0.151964 0.340052
vt 0.187782 0.176128
vt 0.685867 0.746278
vt 0.713393 0.593324
vt 0.834631 0.747269
vt 0.831372 0.587477
vt 0.943922 0.596414
vt 0.984652 0.773548
vt 0.961333 0.545869
vt 0.733410 0.551841
vt 0.945090 0.765708
vt 0.708408 0.757509
vt 0.554048 0.807456
vt 0.566968 0.806059
vt 0.547794 0.817237
vt 0.564087 0.810979
vt 0.573416 0.805448
vt 0.571678 0.808162
vt 0.579864 0.804837
vt 0.579850 0.804662
vt 0.578825 0.804719
vt 0.578839 0.804599
vt 0.579836 0.804486
vt 0.116689 0.074598
vt 0.228836 0.063815
vt 0.080014 0.236762
vt 0.198211 0.248141
vt 0.365633 0.052325
vt 0.403452 0.267263
vt 0.470440 0.043523
vt 0.452072 0.271588
vt 0.891653 0.531059
vt 0.711743 0.520535
vt 0.900162 0.862945
vt 0.713338 0.831026
vt 0.707500 0.812853
vt 0.935695 0.810413
vt 0.715235 0.537674
vt 0.959153 0.524658
vt 0.579960 0.805045
vt 0.574759 0.814161
vt 0.580333 0.805046
vt 0.573119 0.812775
vt 0.564369 0.822150
vt 0.567970 0.826059
vt 0.556035 0.847269
vt 0.548303 0.839468
vt 0.688259 0.895459
vt 0.890627 0.855916
vt 0.732988 0.724344
vt 0.953183 0.505108
vt 0.750119 0.507154
vt 0.674854 0.777587
vt 0.917583 0.817324
vt 0.758900 0.585066
vt 0.992645 0.611538
vt 0.263062 0.776502
vt 0.273730 0.841913
vt 0.226448 0.792410
vt 0.231134 0.847219
vt 0.436167 0.773268
vt 0.446006 0.774513
vt 0.574266 0.805046
vt 0.574639 0.805045
vt 0.941496 0.780733
vt 0.941496 0.541731
vt 0.745695 0.768880
vt 0.734220 0.533511
vt 0.887687 0.860277
vt 0.902834 0.535197
vt 0.740348 0.863052
vt 0.745342 0.550004
vt 0.824791 0.468450
vt 0.832415 0.468635
vt 0.825992 0.479643
vt 0.832415 0.479963
vt 0.838838 0.479643
vt 0.840039 0.468450
vt 0.832415 0.457763
vt 0.840972 0.457763
vt 0.841509 0.452353
vt 0.832415 0.452353
vt 0.978369 0.823974
vt 0.969537 0.532661
vt 0.784456 0.795957
vt 0.782800 0.523423
vt 0.827051 0.487907
vt 0.821333 0.479464
vt 0.823495 0.487669
vt 0.826860 0.493320
vt 0.832415 0.494298
vt 0.832415 0.488279
vt 0.837970 0.493320
vt 0.809020 0.553473
vt 0.731220 0.517592
vt 0.801320 0.637078
vt 0.717057 0.587608
vt 0.447220 0.802602
vt 0.422995 0.618928
vt 0.303224 0.805457
vt 0.274726 0.618432
vt 0.415068 0.498589
vt 0.267186 0.498589
vt 0.422996 0.378249
vt 0.274726 0.378746
vt 0.447219 0.194576
vt 0.574249 0.804944
vt 0.574736 0.804837
vt 0.127675 0.865503
vt 0.574712 0.804662
vt 0.575775 0.804719
vt 0.575760 0.804599
vt 0.575727 0.804403
vt 0.574764 0.804486
vt 0.575693 0.804206
vt 0.574815 0.804309
vt 0.574809 0.804164
vt 0.575680 0.804075
vt 0.576673 0.804081
vt 0.576329 0.804043
vt 0.576646 0.804051
vt 0.577300 0.804057
vt 0.159741 0.811528
vt 0.231482 0.808493
vt 0.086729 0.623603
vt 0.180728 0.621017
vt 0.168509 0.498589
vt 0.180728 0.376161
vt 0.231482 0.188685
vt 0.973419 0.909687
vt 0.992770 0.596706
vt 0.785178 0.912360
vt 0.791559 0.610962
vt 0.703106 0.470103
vt 0.704271 0.621318
vt 0.965868 0.480354
vt 0.972083 0.641988
vt 0.705436 0.772533
vt 0.978297 0.803622
vt 0.955382 -0.512263
vt 0.701781 -0.462167
vt 0.967378 -0.177056
vt 0.704029 -0.148567
vt 0.827621 0.486455
vt 0.824276 0.486221
vt 0.827024 0.490257
vt 0.821744 0.486675
vt 0.819175 0.478774
vt 0.822760 0.478543
vt 0.826951 0.478585
vt 0.827277 0.482376
vt 0.827603 0.486166
vt 0.832415 0.483047
vt 0.832415 0.486265
vt 0.837227 0.486166
vt 0.837553 0.482376
vt 0.709502 0.768732
vt 0.712653 0.844400
vt 0.773895 0.771902
vt 0.773895 0.846986
vt 0.832415 0.486651
vt 0.832415 0.490422
vt 0.837207 0.486481
vt 0.837806 0.490257
vt 0.832415 0.494578
vt 0.836722 0.494321
vt 0.832415 0.502320
vt 0.828108 0.494321
vt 0.828602 0.500602
vt 0.825225 0.495079
vt 0.823484 0.490877
vt 0.821126 0.487298
vt 0.818856 0.479074
vt 0.840554 0.486221
vt 0.843086 0.486675
vt 0.841346 0.490877
vt 0.839605 0.495079
vt 0.836228 0.500602
vt 0.836266 0.501118
vt 0.832415 0.502831
vt 0.828564 0.501118
vt 0.824754 0.496396
vt 0.822940 0.491847
vt 0.818850 0.468331
vt 0.827629 0.498308
vt 0.832415 0.500317
vt 0.836967 0.498464
vt 0.841890 0.491847
vt 0.841335 0.487669
vt 0.837779 0.487907
vt 0.843497 0.479464
vt 0.843704 0.487298
vt 0.845974 0.479074
vt 0.845980 0.468331
vt 0.849956 0.468145
vt 0.840076 0.496396
vt 0.040069 0.973082
vt 0.049301 0.975968
vt 0.049301 0.973636
vt 0.058533 0.973082
vt 0.034677 0.984693
vt 0.040687 0.986012
vt 0.040655 0.984454
vt 0.049301 0.984881
vt 0.049301 0.986953
vt 0.057947 0.984454
vt 0.057912 0.986149
vt 0.063925 0.984693
vt 0.021951 0.279009
vt 0.058984 0.123432
vt 0.150569 0.307356
vt 0.186253 0.151727
vt 0.028570 0.291164
vt 0.191329 0.317133
vt 0.029739 0.485300
vt 0.187001 0.494237
vt 0.384886 0.374563
vt 0.231819 0.174556
vt 0.414107 0.226802
vt 0.378270 0.500675
vt 0.203945 0.668839
vt 0.388478 0.624879
vt 0.251436 0.822622
vt 0.432032 0.778865
vt 0.054162 0.687599
vt 0.044504 0.711736
vt 0.161687 0.691259
vt 0.092984 0.898936
vt 0.203541 0.859119
vt 1.711511 0.634722
vt 1.958920 0.629349
vt 1.732327 0.742411
vt 1.974467 0.737738
vt 1.702426 0.724549
vt 1.712355 0.629716
vt 1.952147 0.730271
vt 1.953247 0.636448
vt 0.443168 0.385088
vt 0.395152 0.383002
vt 0.434265 0.498589
vt 0.386828 0.498589
vt 0.399072 0.614773
vt 0.443168 0.612090
vt 0.452072 0.725590
vt 0.408063 0.731076
vt 0.470440 0.953655
vt 0.356990 0.944126
vt 0.228835 0.933363
vt 0.198593 0.751446
vt 0.116689 0.922580
vt 0.080562 0.760416
vt 0.175679 0.633963
vt 0.046931 0.647394
vt 0.005309 0.498589
vt 0.148769 0.498589
vt 0.046932 0.349784
vt 0.175625 0.364420
vt 1.789587 0.623303
vt 1.936978 0.623303
vt 1.791292 0.839453
vt 1.936978 0.825297
vt 1.936978 1.027293
vt 1.792997 1.055604
vt 0.069831 0.498589
vt 0.086729 0.373575
vt 0.159741 0.185650
vt 0.720846 0.697916
vt 0.717820 0.733075
vt 0.743449 0.702627
vt 0.741267 0.741853
vt 0.764713 0.750631
vt 0.766052 0.707338
vt 0.774462 0.752111
vt 0.774462 0.759453
vt 0.780062 0.752085
vt 0.780265 0.759155
vt 0.786069 0.758857
vt 0.785661 0.752059
vt 0.578873 0.804403
vt 0.579785 0.804309
vt 0.578906 0.804206
vt 0.579790 0.804164
vt 0.578920 0.804075
vt 0.579810 0.803843
vt 0.578978 0.803805
vt 0.577927 0.804081
vt 0.578270 0.804043
vt 0.578314 0.803794
vt 0.577954 0.804051
vt 0.577969 0.803814
vt 0.577925 0.804051
vt 0.577978 0.803823
vt 0.578231 0.804078
vt 0.578375 0.803810
vt 0.577300 0.804023
vt 0.577300 0.804038
vt 0.578170 0.804183
vt 0.578884 0.804237
vt 0.578965 0.804128
vt 0.579117 0.803812
vt 0.579739 0.804187
vt 0.579782 0.803850
vt 0.579731 0.804330
vt 0.837036 0.465164
vt 0.834846 0.463247
vt 0.837548 0.472636
vt 0.832415 0.472221
vt 0.832415 0.464422
vt 0.832655 0.461330
vt 0.832415 0.461369
vt 0.832522 0.455134
vt 0.832415 0.455138
vt 0.833689 0.448961
vt 0.832415 0.449240
vt 0.836200 0.447055
vt 0.832415 0.446644
vt 0.838710 0.445150
vt 0.832415 0.444326
vt 0.839002 0.444020
vt 0.844800 0.443839
vt 0.844520 0.445150
vt 0.850239 0.445376
vt 0.846711 0.447061
vt 0.848902 0.448973
vt 0.853076 0.445297
vt 0.853048 0.451714
vt 0.852277 0.457763
vt 0.850180 0.455157
vt 0.847868 0.461342
vt 0.849145 0.467945
vt 0.935888 0.470943
vt 0.842847 0.465164
vt 0.773540 0.470943
vt 0.846140 0.466766
vt 0.845358 0.463253
vt 0.085454 0.976593
vt 0.086608 0.976581
vt 0.086419 0.976633
vt 0.087303 0.976620
vt 0.087918 0.976741
vt 0.854755 0.444406
vt 0.856181 0.442827
vt 0.853625 0.442374
vt 0.855205 0.441656
vt 0.857001 0.441373
vt 0.857815 0.442582
vt 0.856967 0.445582
vt 0.857000 0.444971
vt 0.855336 0.444562
vt 0.854879 0.445026
vt 0.855792 0.446224
vt 0.854043 0.448138
vt 0.854520 0.448255
vt 0.856056 0.446244
vt 0.855352 0.451777
vt 0.853239 0.457763
vt 0.845655 0.478774
vt 0.842070 0.478543
vt 0.844538 0.470936
vt 0.852495 0.441429
vt 0.852988 0.438841
vt 0.855550 0.436000
vt 0.859556 0.438586
vt 0.859867 0.439376
vt 0.855505 0.446860
vt 0.846920 0.440981
vt 0.847650 0.438205
vt 0.847771 0.435376
vt 0.856832 0.433830
vt 0.858830 0.435899
vt 0.862110 0.435799
vt 0.861919 0.436170
vt 0.859831 0.440710
vt 0.838571 0.441554
vt 0.838890 0.438749
vt 0.839151 0.435713
vt 0.839413 0.432678
vt 0.847891 0.432468
vt 0.858113 0.431660
vt 0.832415 0.442189
vt 0.832415 0.439319
vt 0.832415 0.436084
vt 0.829292 0.427898
vt 0.830854 0.423555
vt 0.839768 0.426004
vt 0.840122 0.419330
vt 0.832415 0.419213
vt 0.832415 0.412876
vt 0.840566 0.413052
vt 0.019335 0.976593
vt 0.018369 0.976633
vt 0.018181 0.976581
vt 0.017486 0.976620
vt 0.016870 0.976741
vt 0.956062 0.818760
vt 0.952891 0.561815
vt 0.725988 0.793094
vt 0.722127 0.557486
vt 0.826259 0.441554
vt 0.825940 0.438749
vt 0.825679 0.435713
vt 0.825586 0.432542
vt 0.827309 0.422342
vt 0.824708 0.419330
vt 0.824265 0.413052
vt 0.817910 0.440981
vt 0.817180 0.438205
vt 0.817060 0.435376
vt 0.809280 0.436000
vt 0.807999 0.433830
vt 0.816939 0.432468
vt 0.806717 0.431660
vt 0.815863 0.426025
vt 0.825147 0.425936
vt 0.812335 0.441429
vt 0.811842 0.438841
vt 0.809626 0.441656
vt 0.807829 0.441373
vt 0.805275 0.438586
vt 0.806000 0.435899
vt 0.802720 0.435799
vt 0.800459 0.431805
vt 0.798334 0.426404
vt 0.811205 0.442374
vt 0.808649 0.442827
vt 0.807015 0.442582
vt 0.804963 0.439376
vt 0.853620 0.684464
vt 0.855322 0.688457
vt 0.853620 0.684464
vt 0.853724 0.691423
vt 0.856490 0.692285
vt 0.855456 0.688212
vt 0.853890 0.683972
vt 0.853890 0.683972
vt 0.824679 0.684464
vt 0.824679 0.684464
vt 0.822978 0.688457
vt 0.826534 0.690095
vt 0.830031 0.682186
vt 0.828778 0.676332
vt 0.834646 0.678151
vt 0.834390 0.671013
vt 0.839150 0.674987
vt 0.839150 0.668797
vt 0.843660 0.677998
vt 0.843909 0.671013
vt 0.848283 0.682120
vt 0.849522 0.676332
vt 0.851768 0.690086
vt 0.852059 0.689277
vt 0.848503 0.681201
vt 0.849759 0.675623
vt 0.849759 0.675623
vt 0.843988 0.669055
vt 0.843988 0.669055
vt 0.839150 0.665732
vt 0.839150 0.665732
vt 0.834312 0.669055
vt 0.834312 0.669055
vt 0.828541 0.675623
vt 0.828541 0.675623
vt 0.824410 0.683972
vt 0.826274 0.689371
vt 0.822843 0.688212
vt 0.824410 0.683972
vt 0.827781 0.465164
vt 0.821971 0.465164
vt 0.746650 0.470943
vt 0.914430 0.470943
vt 0.818569 0.465726
vt 0.819461 0.463253
vt 0.816950 0.461342
vt 0.815685 0.467945
vt 0.820292 0.470135
vt 0.814874 0.468145
vt 0.812553 0.457763
vt 0.814637 0.455157
vt 0.827282 0.471835
vt 0.832415 0.478743
vt 0.832415 0.482504
vt 0.837879 0.478585
vt 0.829972 0.463247
vt 0.832163 0.461330
vt 0.832308 0.455134
vt 0.831129 0.448961
vt 0.828619 0.447055
vt 0.826108 0.445150
vt 0.825828 0.444020
vt 0.826201 0.442645
vt 0.832415 0.442891
vt 0.838629 0.442645
vt 0.846183 0.442203
vt 0.851470 0.442665
vt 0.853240 0.443105
vt 0.853309 0.442601
vt 0.851862 0.441883
vt 0.846364 0.441412
vt 0.838386 0.441749
vt 0.832415 0.442073
vt 0.826444 0.441749
vt 0.818647 0.442203
vt 0.818466 0.441412
vt 0.812968 0.441883
vt 0.813360 0.442665
vt 0.811521 0.442601
vt 0.811590 0.443105
vt 0.810075 0.444406
vt 0.811504 0.445359
vt 0.814592 0.445376
vt 0.815916 0.448973
vt 0.810788 0.448138
vt 0.809038 0.446224
vt 0.809951 0.445026
vt 0.807830 0.444971
vt 0.809494 0.444562
vt 0.807863 0.445582
vt 0.808775 0.446244
vt 0.807087 0.445251
vt 0.820030 0.443839
vt 0.820297 0.445150
vt 0.817800 0.447329
vt 0.840954 0.422688
vt 0.849631 0.415820
vt 0.846846 0.424631
vt 0.861460 0.419631
vt 0.847369 0.428549
vt 0.859787 0.425645
vt 0.945409 0.496816
vt 0.977362 0.495409
vt 0.954325 0.459744
vt 0.970350 0.459354
vt 1.993415 0.592832
vt 1.739748 0.579892
vt 1.979998 0.742703
vt 1.740737 0.733834
vt 0.574790 0.803843
vt 0.575622 0.803805
vt 0.576286 0.803794
vt 0.576630 0.803814
vt 0.576621 0.803823
vt 0.576674 0.804051
vt 0.576430 0.804183
vt 0.577300 0.804219
vt 0.576224 0.803810
vt 0.576368 0.804078
vt 0.575715 0.804222
vt 0.575634 0.804128
vt 0.574868 0.804330
vt 0.574861 0.804187
vt 0.574817 0.803850
vt 0.575482 0.803812
vt 0.791566 0.946430
vt 0.794585 0.908468
vt 0.756795 0.940969
vt 0.762769 0.902860
vt 0.806859 0.862815
vt 0.866466 0.907937
vt 0.830823 0.909736
vt 0.873661 0.944561
vt 0.896967 0.903582
vt 0.907726 0.940025
vt 0.920175 0.897389
vt 0.737558 0.930726
vt 0.749901 0.898546
vt 0.769322 0.861986
vt 0.780097 0.862815
vt 0.802354 0.830041
vt 0.857066 0.862231
vt 0.879494 0.861837
vt 0.863352 0.828275
vt 0.864905 0.822745
vt 0.897111 0.859730
vt 0.885462 0.861108
vt 0.863881 0.830757
vt 0.859019 0.862231
vt 0.910212 0.897155
vt 0.872676 0.896760
vt 0.924425 0.932254
vt 0.936022 0.931725
vt 0.755513 0.929942
vt 0.764325 0.897849
vt 0.780994 0.862815
vt 0.803442 0.830717
vt 0.801335 0.825068
vt 0.805072 0.862815
vt 0.798874 0.897619
vt 0.883081 0.934865
vt 0.794462 0.933932
vt 0.848396 0.457763
vt 0.849819 0.451821
vt 0.842047 0.444232
vt 0.832415 0.444232
vt 0.823321 0.452353
vt 0.823858 0.457763
vt 0.816434 0.457763
vt 0.852217 0.444745
vt 0.303224 0.191721
vt 0.580350 0.804944
vt 0.571980 0.810858
vt 0.580474 0.805008
vt 0.811591 0.457763
vt 0.811782 0.451714
vt 0.810310 0.448255
vt 0.809325 0.446860
vt 0.769352 0.585714
vt 0.770042 0.688552
vt 0.924996 0.592686
vt 0.928677 0.702610
vt 0.932358 0.812533
vt 0.770733 0.791390
vt 0.984962 0.572910
vt 0.847020 0.561366
vt 0.974701 0.811203
vt 0.832728 0.787425
vt 0.690755 0.763648
vt 0.709078 0.549822
vt 0.747249 0.420978
vt 0.747923 0.415361
vt 0.740190 0.418978
vt 0.741910 0.415140
vt 0.747923 0.413938
vt 0.752993 0.414198
vt 0.752993 0.415664
vt 0.758063 0.415968
vt 0.758063 0.414459
vt 0.768446 0.414507
vt 0.768446 0.416016
vt 0.768446 0.422776
vt 0.757686 0.422227
vt 0.757377 0.427967
vt 1.857940 0.928094
vt 1.901274 0.932586
vt 1.879465 0.853427
vt 1.916587 0.859677
vt 1.935290 0.923288
vt 1.938748 0.862177
vt 1.816675 0.918138
vt 1.778161 0.913553
vt 1.809739 0.857319
vt 1.775888 0.858452
vt 1.744311 0.916186
vt 1.743482 0.858367
vt 0.841184 0.388707
vt 0.841322 0.392774
vt 0.854059 0.389509
vt 0.853945 0.393447
vt 0.841460 0.396841
vt 0.853830 0.397385
vt 0.841235 0.401807
vt 0.832415 0.401122
vt 0.832415 0.395705
vt 0.823596 0.401807
vt 0.823370 0.396841
vt 0.811707 0.402197
vt 0.811000 0.397385
vt 0.823508 0.392774
vt 0.810886 0.393447
vt 0.823646 0.388707
vt 0.810771 0.389509
vt 0.796791 0.396234
vt 0.796266 0.392616
vt 0.789730 0.398530
vt 0.789377 0.395120
vt 0.787441 0.400265
vt 0.787591 0.397029
vt 0.788571 0.401053
vt 0.868564 0.392616
vt 0.868039 0.396234
vt 0.867514 0.399852
vt 0.853123 0.402197
vt 0.841009 0.406774
vt 0.832415 0.406539
vt 0.823821 0.406774
vt 0.812414 0.407009
vt 0.799113 0.408520
vt 0.798215 0.404186
vt 0.797316 0.399852
vt 0.790082 0.401940
vt 0.787290 0.403501
vt 0.787816 0.404123
vt 0.794567 0.403564
vt 0.794549 0.400691
vt 0.789325 0.397983
vt 0.794321 0.407977
vt 0.787955 0.407346
vt 0.794155 0.410951
vt 0.788041 0.409345
vt 0.794075 0.412390
vt 0.797547 0.412132
vt 0.795213 0.416949
vt 0.816750 0.415233
vt 0.816253 0.410742
vt 0.824334 0.410477
vt 0.824583 0.415035
vt 0.788896 0.407976
vt 0.790567 0.411525
vt 0.788094 0.410569
vt 0.786156 0.411148
vt 0.791542 0.412922
vt 0.791995 0.406336
vt 0.793907 0.410733
vt 0.795058 0.415868
vt 0.790502 0.412452
vt 0.788300 0.412881
vt 0.786097 0.413311
vt 0.801242 0.414075
vt 0.796208 0.421003
vt 0.793057 0.421256
vt 0.793355 0.416727
vt 0.803370 0.419631
vt 0.797885 0.431897
vt 0.789906 0.421509
vt 0.790678 0.417069
vt 0.799015 0.433894
vt 0.795310 0.431989
vt 0.783206 0.430762
vt 0.875453 0.395120
vt 0.875101 0.398530
vt 0.874748 0.401940
vt 0.866616 0.404186
vt 0.852416 0.407009
vt 0.813601 0.413296
vt 0.814787 0.419583
vt 0.846685 0.414848
vt 0.865717 0.408520
vt 0.863589 0.414075
vt 0.868622 0.421003
vt 0.866497 0.426404
vt 0.864371 0.431805
vt 0.865815 0.433894
vt 0.869520 0.431989
vt 0.868242 0.434295
vt 0.881624 0.430762
vt 0.880608 0.432768
vt 0.869764 0.432835
vt 0.866012 0.433142
vt 0.857576 0.436463
vt 0.857743 0.445251
vt 0.872836 0.406336
vt 0.870923 0.410733
vt 0.869773 0.415868
vt 0.871773 0.421256
vt 0.877540 0.403501
vt 0.875934 0.407976
vt 0.874222 0.411709
vt 0.874328 0.412452
vt 0.871475 0.416727
vt 0.873993 0.417038
vt 0.876510 0.417348
vt 0.874924 0.421509
vt 0.866946 0.431897
vt 0.884362 0.422142
vt 0.887099 0.414944
vt 0.896384 0.416016
vt 0.896384 0.422776
vt 0.896384 0.429536
vt 0.896384 0.431241
vt 0.876212 0.412819
vt 0.878096 0.413187
vt 0.879763 0.411474
vt 0.886363 0.413447
vt 0.896384 0.414507
vt 0.906767 0.415968
vt 0.907145 0.422227
vt 0.907453 0.427967
vt 0.907453 0.429375
vt 0.896384 0.430388
vt 0.879700 0.431765
vt 0.878791 0.430762
vt 0.871286 0.431376
vt 0.867534 0.431682
vt 0.863782 0.431989
vt 0.845231 0.435869
vt 0.896384 0.429536
vt 0.896384 0.422776
vt 0.881139 0.422142
vt 0.873339 0.421752
vt 0.870909 0.421630
vt 0.868478 0.421509
vt 0.883486 0.415065
vt 0.873748 0.413019
vt 0.871993 0.412650
vt 0.869358 0.416895
vt 0.877239 0.397029
vt 0.877390 0.400265
vt 0.876260 0.401053
vt 0.877014 0.404123
vt 0.876875 0.407346
vt 0.876790 0.409320
vt 0.876736 0.410569
vt 0.878250 0.411021
vt 0.875505 0.397983
vt 0.870282 0.400691
vt 0.870263 0.403564
vt 0.870250 0.407922
vt 0.870241 0.411139
vt 0.870237 0.412281
vt 0.896384 0.416016
vt 0.906767 0.414459
vt 0.911837 0.415664
vt 0.911837 0.414198
vt 0.916907 0.413938
vt 0.916907 0.415361
vt 0.922920 0.415140
vt 0.917661 0.420796
vt 0.924640 0.418978
vt 0.925926 0.422881
vt 0.918279 0.425639
vt 0.912866 0.426803
vt 0.912403 0.421511
vt 0.870300 0.397818
vt 0.850875 0.396546
vt 0.850719 0.399311
vt 0.850563 0.402077
vt 0.841489 0.401771
vt 0.841567 0.399024
vt 0.832415 0.398737
vt 0.832415 0.401465
vt 0.840993 0.406124
vt 0.832415 0.405839
vt 0.840496 0.410477
vt 0.849570 0.406409
vt 0.848577 0.410742
vt 0.848080 0.415233
vt 0.865613 0.411952
vt 0.794530 0.397818
vt 0.814111 0.399311
vt 0.813955 0.396546
vt 0.823185 0.396278
vt 0.823744 0.399009
vt 0.832415 0.396010
vt 0.841645 0.396278
vt 0.823341 0.401771
vt 0.823838 0.406124
vt 0.832415 0.410213
vt 0.832415 0.414837
vt 0.840050 0.415032
vt 0.814267 0.402077
vt 0.815260 0.406409
vt 0.832415 0.419461
vt 0.839605 0.419586
vt 0.824831 0.419593
vt 0.817247 0.419725
vt 0.796352 0.421509
vt 0.801048 0.431989
vt 0.818240 0.430893
vt 0.807254 0.436463
vt 0.819599 0.435869
vt 0.825328 0.430893
vt 0.826007 0.436166
vt 0.832415 0.430893
vt 0.832415 0.436463
vt 0.838823 0.436166
vt 0.839503 0.430893
vt 0.847583 0.419725
vt 0.822783 0.444232
vt 0.846590 0.430893
vt 0.815011 0.451821
vt 0.809478 0.451777
vt 0.812613 0.444745
vt 0.804999 0.440710
vt 0.802911 0.436170
vt 0.796588 0.434295
vt 0.798818 0.433142
vt 0.794511 0.432790
vt 0.784222 0.432768
vt 0.796741 0.431637
vt 0.792433 0.431285
vt 0.786039 0.430762
vt 0.785131 0.431765
vt 0.768446 0.430388
vt 0.768446 0.431241
vt 0.717589 0.450127
vt 0.846206 0.453337
vt 0.708038 0.246174
vt 0.832386 0.246174
vt 0.974822 0.456548
vt 0.956734 0.246174
vt 0.846206 0.039011
vt 0.974822 0.035800
vt 0.717589 0.042221
vt 0.788002 0.417410
vt 0.777731 0.414944
vt 0.778467 0.413447
vt 0.784217 0.411728
vt 0.789009 0.413454
vt 0.793437 0.421655
vt 0.790521 0.421801
vt 0.783691 0.422142
vt 0.768446 0.422776
vt 0.768446 0.429536
vt 0.757377 0.427967
vt 0.757377 0.428671
vt 0.757699 0.422127
vt 0.758063 0.415968
vt 0.752447 0.421367
vt 0.752993 0.415664
vt 0.747923 0.415361
vt 0.747195 0.420608
vt 0.741910 0.415140
vt 0.740203 0.418883
vt 0.746551 0.425639
vt 0.738904 0.422881
vt 0.746551 0.426163
vt 0.751964 0.427417
vt 0.751964 0.426803
vt 0.751964 0.428031
vt 0.757377 0.429375
vt 0.780468 0.422142
vt 0.781344 0.415065
vt 0.768446 0.429536
vt 0.768446 0.416016
vt 0.751964 0.426803
vt 0.746551 0.425639
vt 0.746551 0.426688
vt 0.738904 0.422881
vt 0.738868 0.423855
vt 0.737596 0.422221
vt 0.738281 0.418512
vt 0.738886 0.423368
vt 0.738122 0.423251
vt 0.736288 0.421561
vt 0.736371 0.418046
vt 0.738904 0.415332
vt 0.740407 0.415236
vt 0.737596 0.422221
vt 0.737377 0.422647
vt 0.733671 0.420241
vt 0.732553 0.417113
vt 0.735898 0.415524
vt 0.734391 0.415548
vt 0.738166 0.414864
vt 0.740054 0.414522
vt 0.730176 0.416949
vt 0.735898 0.415524
vt 0.738904 0.415332
vt 0.740407 0.415236
vt 0.741942 0.414180
vt 0.738284 0.418440
vt 0.732866 0.419998
vt 0.732526 0.417111
vt 0.736365 0.417997
vt 0.736288 0.421561
vt 0.563486 0.816708
vt 0.546380 0.828623
vt 0.084491 0.802416
vt 0.128772 0.824112
vt 0.088088 0.761897
vt 0.129869 0.782722
vt 0.179153 0.791967
vt 0.183038 0.840320
vt 0.843703 0.676853
vt 0.839150 0.673755
vt 0.834605 0.677073
vt 0.829888 0.681606
vt 0.824576 0.691423
vt 0.821810 0.692285
vt 0.830136 0.682710
vt 0.830268 0.683295
vt 0.834709 0.679920
vt 0.839150 0.676545
vt 0.843591 0.679920
vt 0.848032 0.683295
vt 0.848222 0.682449
vt 0.805044 0.425645
vt 0.083245 0.985884
vt 0.075458 0.978997
vt 0.077586 0.990229
vt 0.071037 0.990229
vt 0.066098 0.985884
vt 0.064657 0.978854
vt 0.067263 0.971823
vt 0.072922 0.967478
vt 0.079472 0.967478
vt 0.084411 0.971823
vt 0.085852 0.978854
vt 0.023045 0.990229
vt 0.025172 0.978997
vt 0.017385 0.985884
vt 0.014778 0.978854
vt 0.016219 0.971823
vt 0.021159 0.967478
vt 0.027708 0.967478
vt 0.033367 0.971823
vt 0.035974 0.978854
vt 0.034533 0.985884
vt 0.029594 0.990229
vt 0.054634 0.983548
vt 0.059311 0.979135
vt 0.063148 0.977826
vt 0.063195 0.971061
vt 0.066929 0.970040
vt 0.061603 0.971576
vt 0.064061 0.969745
vt 0.056687 0.972370
vt 0.055927 0.974116
vt 0.043761 0.973208
vt 0.043029 0.970494
vt 0.035781 0.966339
vt 0.038414 0.969326
vt 0.035949 0.970089
vt 0.030628 0.968694
vt 0.034272 0.976534
vt 0.038590 0.980054
vt 0.043364 0.985365
vt 0.055419 0.987690
vt 0.048823 0.989256
vt 0.042326 0.986840
vt 0.749901 0.898546
vt 0.762769 0.902860
vt 0.756795 0.940969
vt 0.791566 0.946430
vt 0.794585 0.908468
vt 0.806859 0.862815
vt 0.780097 0.862815
vt 0.802354 0.830041
vt 0.801335 0.825068
vt 0.769322 0.861986
vt 0.803442 0.830717
vt 0.780994 0.862815
vt 0.764325 0.897849
vt 0.737558 0.930726
vt 0.873661 0.944561
vt 0.866466 0.907937
vt 0.857066 0.862231
vt 0.863352 0.828275
vt 0.864905 0.822745
vt 0.863881 0.830757
vt 0.805072 0.862815
vt 0.798874 0.897619
vt 0.755513 0.929942
vt 0.794462 0.933932
vt 0.872676 0.896760
vt 0.883081 0.934865
vt 0.910212 0.897155
vt 0.924425 0.932254
vt 0.920175 0.897389
vt 0.936022 0.931725
vt 0.896967 0.903582
vt 0.907726 0.940025
vt 0.859019 0.862231
vt 0.885462 0.861108
vt 0.897111 0.859730
vt 0.879494 0.861837
vt 0.676654 -0.612090
vt 0.676740 -0.721300
vt 0.495385 -0.722825
vt 0.676836 -0.810569
vt 0.495096 -0.806316
vt 0.495021 -0.897715
vt 0.676864 -0.906848
vt 0.676873 -0.988314
vt 0.494996 -0.983964
vt 0.495021 -0.897715
vt 0.676864 -0.906848
vt 0.676836 -0.810569
vt 0.495096 -0.806316
vt 0.495385 -0.722825
vt 0.676740 -0.721300
vt 0.676654 -0.612090
vt 0.495618 -0.616590
vt 0.676602 -0.483803
vt 0.495795 -0.484103
vt 0.495618 -0.616590
vt 0.676602 -0.483803
vt 0.495795 -0.484103
vt 0.495884 -0.360937
vt 0.676571 -0.363669
vt 0.676572 -0.257414
vt 0.495869 -0.254171
vt 0.676598 -0.127553
vt 0.495784 -0.122052
vt 0.495757 -0.069084
vt 0.676611 -0.072042
vt 0.676624 -0.016531
vt 0.495729 -0.016117
vt 0.495757 -0.069084
vt 0.676611 -0.072042
vt 0.495784 -0.122052
vt 0.676598 -0.127553
vt 0.495869 -0.254171
vt 0.676572 -0.257414
vt 0.676571 -0.363669
vt 0.495884 -0.360937
vt 0.055419 0.987690
vt 0.063148 0.977826
vt 0.059311 0.979135
vt 0.063195 0.971061
vt 0.066929 0.970040
vt 0.061603 0.971576
vt 0.064061 0.969745
vt 0.056687 0.972370
vt 0.055927 0.974116
vt 0.043029 0.970494
vt 0.043761 0.973208
vt 0.035781 0.966339
vt 0.038414 0.969326
vt 0.035949 0.970089
vt 0.030628 0.968694
vt 0.034272 0.976534
vt 0.038590 0.980054
vt 0.043364 0.985365
vt 0.042326 0.986840
vt 0.054634 0.983548
vt 0.048823 0.989256
vt 0.906767 0.415968
vt 0.907131 0.422127
vt 0.911837 0.415664
vt 0.916907 0.415361
vt 0.922889 0.414180
vt 0.924423 0.415236
vt 0.926591 0.418509
vt 0.907453 0.427967
vt 0.912383 0.421367
vt 0.917635 0.420608
vt 0.922920 0.415140
vt 0.924423 0.415236
vt 0.924799 0.414529
vt 0.925926 0.415332
vt 0.928541 0.418040
vt 0.928543 0.421561
vt 0.927234 0.422221
vt 0.907453 0.428671
vt 0.912866 0.426803
vt 0.918279 0.425639
vt 0.924627 0.418883
vt 0.926582 0.418438
vt 0.912866 0.428031
vt 0.912866 0.427417
vt 0.918279 0.426163
vt 0.925926 0.422881
vt 0.927234 0.422221
vt 0.918279 0.426688
vt 0.925962 0.423855
vt 0.925944 0.423368
vt 0.926716 0.423242
vt 0.927469 0.422629
vt 0.928543 0.421561
vt 0.928537 0.417992
vt 0.925926 0.415332
vt 0.926708 0.414878
vt 0.928932 0.415524
vt 0.932443 0.417102
vt 0.931159 0.420241
vt 0.932027 0.419926
vt 0.931159 0.420241
vt 0.932447 0.417101
vt 0.928932 0.415524
vt 0.930527 0.415576
vt 0.934654 0.416949
vt 0.574113 0.805008
vt 0.378336 0.781248
vt 0.574219 0.804722
vt 0.733671 0.420241
vt 0.440413 0.546252
vt 0.399701 0.517402
vt 0.423958 0.546582
vt 0.402791 0.538333
vt 0.381624 0.530083
vt 0.332627 0.514532
vt 0.325811 0.492314
vt 0.351837 0.484912
vt 0.375975 0.485182
vt 0.430630 0.521560
vt 0.430630 0.521560
vt 0.441936 0.545223
vt 0.443459 0.544195
vt 0.435490 0.521131
vt 0.435490 0.521131
vt 0.380258 0.483473
vt 0.380258 0.483473
vt 0.318327 0.465807
vt 0.318327 0.465807
vt 0.314016 0.466911
vt 0.308730 0.467654
vt 0.294612 0.480794
vt 0.294456 0.478518
vt 0.294768 0.483069
vt 0.310262 0.471703
vt 0.295682 0.496407
vt 0.314155 0.505470
vt 0.375975 0.485182
vt 0.321029 0.469853
vt 0.310262 0.471703
vt 0.321029 0.469853
vt 0.308681 0.505470
vt 0.295682 0.496407
vt 0.313669 0.480783
vt 0.294768 0.483069
vt 0.310262 0.471703
vt 0.294612 0.480794
vt 0.294456 0.478518
vt 0.314016 0.466911
vt 0.308730 0.467654
vt 0.318327 0.465807
vt 0.318327 0.465807
vt 0.380258 0.483473
vt 0.380258 0.483473
vt 0.435490 0.521131
vt 0.435490 0.521131
vt 0.441936 0.545223
vt 0.443459 0.544195
vt 0.440413 0.546252
vt 0.430630 0.521560
vt 0.430630 0.521560
vt 0.418329 0.522647
vt 0.423958 0.546582
vt 0.399701 0.517402
vt 0.402791 0.538333
vt 0.381074 0.512157
vt 0.381624 0.530083
vt 0.337954 0.503844
vt 0.332627 0.514532
vt 0.336841 0.482168
vt 0.321029 0.469853
vt 0.310262 0.471703
vt 0.321029 0.469853
vt 0.375975 0.485182
vt 0.375975 0.485182
vt 0.366833 0.487655
vt 0.308681 0.505470
vt 0.313669 0.480783
vt 0.295682 0.496407
vt 0.294768 0.483069
vt 0.310262 0.471703
vt 0.321029 0.469853
vt 0.336841 0.482168
vt 0.337954 0.503844
vt 0.332627 0.514532
vt 0.381624 0.530083
vt 0.381074 0.512157
vt 0.402791 0.538333
vt 0.399701 0.517402
vt 0.423958 0.546582
vt 0.418329 0.522647
vt 0.440413 0.546252
vt 0.430630 0.521560
vt 0.430630 0.521560
vt 0.441936 0.545223
vt 0.443459 0.544195
vt 0.435490 0.521131
vt 0.435490 0.521131
vt 0.380258 0.483473
vt 0.380258 0.483473
vt 0.318327 0.465807
vt 0.318327 0.465807
vt 0.314016 0.466911
vt 0.308730 0.467654
vt 0.294612 0.480794
vt 0.294456 0.478518
vt 0.310262 0.471703
vt 0.321029 0.469853
vt 0.375975 0.485182
vt 0.366833 0.487655
vt 0.375975 0.485182
vt 0.440413 0.546252
vt 0.423958 0.546582
vt 0.399701 0.517402
vt 0.402791 0.538333
vt 0.381624 0.530083
vt 0.332627 0.514532
vt 0.325811 0.492314
vt 0.314155 0.505470
vt 0.295682 0.496407
vt 0.294768 0.483069
vt 0.310262 0.471703
vt 0.294612 0.480794
vt 0.294456 0.478518
vt 0.314016 0.466911
vt 0.308730 0.467654
vt 0.318327 0.465807
vt 0.318327 0.465807
vt 0.380258 0.483473
vt 0.380258 0.483473
vt 0.435490 0.521131
vt 0.435490 0.521131
vt 0.441936 0.545223
vt 0.443459 0.544195
vt 0.430630 0.521560
vt 0.430630 0.521560
vt 0.375975 0.485182
vt 0.351837 0.484912
vt 0.321029 0.469853
vt 0.310262 0.471703
vt 0.321029 0.469853
vt 0.375975 0.485182
vt 0.861324 0.478640
vt 0.874444 0.474512
vt 0.874503 0.475646
vt 0.890093 0.473923
vt 0.890359 0.474291
vt 0.901783 0.481571
vt 0.901294 0.481166
vt 0.905543 0.485884
vt 0.910241 0.499166
vt 0.910700 0.514794
vt 0.912656 0.528701
vt 0.907595 0.498714
vt 0.909510 0.500026
vt 0.902391 0.498750
vt 0.901733 0.500932
vt 0.889975 0.491765
vt 0.889451 0.493536
vt 0.874231 0.492531
vt 0.874329 0.492326
vt 0.861324 0.492540
vt 0.861324 0.492294
vt 0.848418 0.492531
vt 0.848330 0.492347
vt 0.832632 0.491621
vt 0.833198 0.493536
vt 0.820919 0.500932
vt 0.820400 0.499214
vt 0.815212 0.506480
vt 0.813138 0.499468
vt 0.811949 0.514794
vt 0.809999 0.528771
vt 0.817106 0.481714
vt 0.812408 0.499166
vt 0.820787 0.481637
vt 0.821355 0.481166
vt 0.832556 0.473923
vt 0.832294 0.474285
vt 0.848127 0.475999
vt 0.848205 0.474512
vt 0.861324 0.480090
vt 0.875521 0.495164
vt 0.894776 0.480394
vt 0.907634 0.486426
vt 0.906174 0.486196
vt 0.893493 0.479856
vt 0.875094 0.490743
vt 0.861324 0.495113
vt 0.847555 0.490743
vt 0.829156 0.479856
vt 0.816475 0.486196
vt 0.815014 0.486426
vt 0.827873 0.480394
vt 0.847128 0.495164
vt 0.861324 0.501220
vt 0.292243 0.987239
vt 0.296058 0.985372
vt 0.291667 0.986640
vt 0.299572 0.979331
vt 0.298117 0.979680
vt 0.293478 0.972721
vt 0.302317 0.975115
vt 0.294313 0.970627
vt 0.290971 0.969556
vt 0.282141 0.969556
vt 0.279420 0.972721
vt 0.278326 0.971417
vt 0.274511 0.973278
vt 0.272738 0.979308
vt 0.274320 0.979680
vt 0.275275 0.986000
vt 0.272940 0.985361
vt 0.276269 0.987233
vt 0.277771 0.987405
vt 0.279598 0.989106
vt 0.288428 0.989106
vt 0.252889 0.987239
vt 0.256703 0.989106
vt 0.253446 0.986640
vt 0.267351 0.987405
vt 0.265534 0.989106
vt 0.268863 0.987233
vt 0.269848 0.986000
vt 0.272192 0.985361
vt 0.272413 0.979308
vt 0.270793 0.979680
vt 0.270620 0.973278
vt 0.265693 0.972721
vt 0.266805 0.971417
vt 0.262991 0.969556
vt 0.251635 0.972721
vt 0.254161 0.969556
vt 0.250365 0.971684
vt 0.247502 0.973289
vt 0.245560 0.979331
vt 0.246996 0.979680
vt 0.249074 0.985372
vt 0.267503 0.986640
vt 0.268888 0.979961
vt 0.264972 0.975313
vt 0.255583 0.975313
vt 0.252484 0.979961
vt 0.256792 0.984610
vt 0.264076 0.979540
vt 0.276225 0.979961
vt 0.277610 0.986640
vt 0.288321 0.984610
vt 0.292629 0.979961
vt 0.289530 0.975313
vt 0.280141 0.975313
vt 0.282575 0.978930
vt -0.138861 0.525716
vt -0.168083 0.524572
vt -0.168083 0.499425
vt -0.199141 0.501424
vt -0.203706 0.526471
vt -0.203551 0.518439
vt -0.203551 0.550872
vt -0.197604 0.536442
vt -0.197604 0.565857
vt -0.164425 0.549037
vt -0.164425 0.578452
vt -0.138861 0.553111
vt -0.138861 0.582525
vt -0.113296 0.549037
vt -0.113296 0.578452
vt -0.080116 0.536442
vt -0.080116 0.565857
vt -0.073225 0.518439
vt -0.073225 0.550872
vt -0.081867 0.501424
vt -0.072550 0.526471
vt -0.109356 0.495157
vt -0.109356 0.524572
vt -0.138861 0.500568
vt -0.166829 0.474433
vt -0.192688 0.479867
vt -0.197138 0.484006
vt -0.195115 0.490039
vt -0.163324 0.490407
vt -0.138830 0.490162
vt -0.114336 0.490407
vt -0.082544 0.490039
vt -0.080801 0.481897
vt -0.085632 0.481647
vt -0.110560 0.473466
vt -0.138830 0.472804
vt -0.162758 0.450421
vt -0.187152 0.452296
vt -0.188768 0.453724
vt -0.187033 0.455805
vt -0.159750 0.455932
vt -0.138730 0.456735
vt -0.117710 0.455932
vt -0.090428 0.455805
vt -0.090538 0.452317
vt -0.090608 0.455507
vt -0.114470 0.450088
vt -0.138730 0.449859
vt -0.155436 0.418429
vt -0.167464 0.428778
vt -0.165569 0.431572
vt -0.153838 0.424195
vt -0.138466 0.420268
vt -0.123134 0.424195
vt -0.111363 0.431572
vt -0.108912 0.428084
vt -0.121423 0.418179
vt -0.138466 0.414652
vt 0.269757 0.974624
vt 0.273911 0.979343
vt 0.273803 0.979491
vt 0.273356 0.981067
vt 0.273464 0.980920
vt 0.269430 0.976984
vt 0.269518 0.976834
vt 0.264494 0.973999
vt 0.264546 0.973852
vt 0.260243 0.972980
vt 0.260243 0.972836
vt 0.255992 0.974046
vt 0.255941 0.973902
vt 0.250913 0.977055
vt 0.250826 0.976905
vt 0.247195 0.981302
vt 0.247090 0.981148
vt 0.246680 0.979481
vt 0.246575 0.979327
vt 0.250815 0.974773
vt 0.250728 0.974624
vt 0.255928 0.971934
vt 0.255877 0.971790
vt 0.260243 0.970753
vt 0.260243 0.970609
vt 0.264557 0.971937
vt 0.264608 0.971790
vt 0.269668 0.974773
vt 0.248840 0.979174
vt 0.243934 0.983467
vt 0.244338 0.983635
vt 0.245343 0.984839
vt 0.244940 0.984670
vt 0.249157 0.981724
vt 0.248854 0.981525
vt 0.255804 0.978149
vt 0.255697 0.977916
vt 0.261442 0.977634
vt 0.261442 0.977396
vt 0.267081 0.977999
vt 0.267188 0.977765
vt 0.273726 0.981579
vt 0.274031 0.981375
vt 0.277916 0.985159
vt 0.278323 0.984979
vt 0.278543 0.983646
vt 0.278950 0.983467
vt 0.273740 0.979379
vt 0.274044 0.979174
vt 0.267082 0.975733
vt 0.267189 0.975500
vt 0.261442 0.974694
vt 0.261442 0.974456
vt 0.255802 0.975733
vt 0.255695 0.975500
vt 0.249143 0.979373
vt 0.067642 0.969253
vt 0.070601 0.969964
vt 0.068995 0.966155
vt 0.039886 0.975550
vt 0.043355 0.977791
vt 0.067356 0.971356
vt 0.071551 0.966760
vt 0.064743 0.970710
vt 0.063821 0.973182
vt 0.066710 0.973960
vt 0.066088 0.972364
vt 0.069598 0.973339
vt 0.065500 0.975762
vt 0.043099 0.979703
vt 0.038317 0.982844
vt 0.040792 0.983493
vt 0.038093 0.980073
vt 0.040356 0.980504
vt 0.040835 0.979197
vt 0.068599 0.976683
vt 0.041102 0.977285
vt 0.037937 0.978135
vt 0.040175 0.978568
vt 0.037690 0.975084
vt 0.068995 0.966155
vt 0.071550 0.966760
vt 0.067642 0.969253
vt 0.070601 0.969964
vt 0.067356 0.971356
vt 0.043355 0.977791
vt 0.039886 0.975550
vt 0.037690 0.975084
vt 0.040175 0.978568
vt 0.037937 0.978135
vt 0.041102 0.977285
vt 0.043099 0.979703
vt 0.040835 0.979197
vt 0.040356 0.980504
vt 0.038093 0.980073
vt 0.040792 0.983493
vt 0.038317 0.982844
vt 0.068599 0.976683
vt 0.065500 0.975762
vt 0.069598 0.973339
vt 0.066088 0.972364
vt 0.066710 0.973960
vt 0.063821 0.973182
vt 0.064743 0.970710
vn 0.5294 -0.2316 0.8161
vn 0.4254 -0.8499 0.3109
vn 0.8965 -0.0808 0.4356
vn 0.5361 -0.8202 0.1996
vn 0.9199 -0.3904 -0.0375
vn 0.9995 -0.0302 -0.0011
vn 0.9282 -0.0624 -0.3669
vn 0.7535 -0.5502 -0.3598
vn 0.6490 -0.1347 -0.7488
vn 0.3951 -0.8107 -0.4320
vn 0.0801 -0.3242 0.9426
vn -0.0490 -0.5315 0.8456
vn 0.5928 -0.2813 0.7546
vn 0.4725 -0.5233 0.7092
vn 0.8674 -0.1720 -0.4669
vn 0.4949 -0.2686 -0.8264
vn 0.9915 -0.1230 -0.0424
vn 0.9355 -0.1178 0.3330
vn 0.6995 -0.1978 0.6868
vn 0.5302 -0.4383 -0.7258
vn 0.4238 -0.5579 -0.7136
vn -0.1493 -0.4259 -0.8924
vn -0.0684 -0.5710 -0.8181
vn -0.4815 -0.5175 -0.7073
vn -0.7359 -0.3620 -0.5723
vn -0.2827 0.2117 -0.9356
vn -0.3332 0.3722 -0.8663
vn -0.6517 0.3312 -0.6824
vn -0.5889 0.5178 -0.6206
vn -0.6516 -0.2503 0.7160
vn -0.6827 -0.1270 0.7196
vn -0.9328 -0.1361 0.3337
vn -0.9051 0.0235 0.4245
vn -0.6834 0.0852 0.7250
vn -0.9116 0.1528 0.3815
vn -0.7465 0.0220 0.6650
vn -0.4201 -0.0104 0.9074
vn -0.4231 -0.0496 0.9047
vn -0.5930 -0.2175 -0.7753
vn -0.5531 -0.2833 -0.7834
vn -0.1967 -0.4105 -0.8904
vn -0.3540 -0.3689 -0.8594
vn -0.6952 -0.1302 -0.7069
vn -0.3402 -0.2673 -0.9015
vn -0.7166 -0.1210 -0.6869
vn -0.3491 -0.2390 -0.9061
vn -0.3351 0.2260 -0.9147
vn -0.6645 0.2455 -0.7058
vn -0.3775 0.3007 -0.8758
vn -0.7024 0.3222 -0.6346
vn -0.0060 0.1579 -0.9874
vn -0.0698 -0.5407 -0.8383
vn -0.1345 0.1358 -0.9816
vn -0.1468 -0.8397 -0.5228
vn -0.9133 0.0365 -0.4057
vn -0.9351 0.0395 -0.3521
vn -0.8833 -0.1015 -0.4577
vn -0.8921 -0.1673 -0.4197
vn -0.3523 -0.3455 0.8698
vn -0.6701 -0.1169 0.7330
vn -0.3570 -0.1294 0.9251
vn -0.6737 0.0880 0.7337
vn -0.4050 0.0840 0.9104
vn 0.5695 0.4917 -0.6587
vn 0.3200 0.3642 -0.8746
vn 0.6497 0.3347 -0.6825
vn 0.2809 0.2126 -0.9359
vn 0.6522 -0.2192 -0.7257
vn 0.8933 -0.1056 -0.4368
vn 0.9086 0.0126 -0.4174
vn 0.7133 -0.0955 -0.6943
vn 0.9153 0.0339 -0.4013
vn 0.6723 -0.1214 -0.7303
vn -0.0968 -0.0488 0.9941
vn 0.0309 -0.2940 0.9553
vn 0.6235 -0.0100 0.7817
vn 0.6215 -0.1588 0.7672
vn 0.7024 0.3222 -0.6346
vn 0.6645 0.2455 -0.7058
vn 0.3529 0.3118 -0.8822
vn 0.3682 0.2369 -0.8991
vn 0.0294 0.2417 -0.9699
vn -0.0421 0.3361 -0.9409
vn -0.0314 0.1646 -0.9859
vn -0.3887 0.1793 -0.9038
vn -0.3189 0.1603 -0.9341
vn -0.0000 0.1453 -0.9894
vn 0.3646 0.4369 -0.8223
vn 0.0072 0.4649 -0.8853
vn 0.7025 0.4039 -0.5859
vn 0.6325 0.5315 -0.5634
vn 0.0282 0.6454 -0.7633
vn -0.4849 0.5605 -0.6713
vn 0.1649 -0.1555 0.9740
vn 0.3279 -0.1608 0.9309
vn 0.2507 0.6862 0.6829
vn 0.4082 0.7004 0.5855
vn 0.4346 0.0192 0.9004
vn 0.2248 -0.0217 0.9742
vn 0.3664 -0.1432 0.9194
vn 0.1789 -0.2649 0.9475
vn 0.0176 -0.0534 0.9984
vn -0.0397 -0.2579 0.9653
vn -0.1953 -0.0483 0.9795
vn -0.2293 -0.2174 0.9488
vn 0.9315 0.0856 0.3535
vn 0.7371 0.0666 0.6725
vn 0.8874 0.1272 0.4432
vn 0.6282 0.0212 0.7777
vn 0.3666 -0.3480 0.8628
vn 0.6778 -0.1599 0.7176
vn 0.3442 -0.3699 0.8630
vn 0.0300 -0.4416 0.8967
vn 0.0139 -0.7217 0.6920
vn -0.5870 -0.5776 0.5674
vn -0.6028 -0.7612 0.2393
vn 0.0448 -0.8287 0.5578
vn 0.1995 -0.4969 0.8446
vn -0.0034 -0.5216 0.8532
vn -0.1739 -0.4951 0.8512
vn -0.3735 -0.3469 0.8603
vn 0.3603 0.1800 -0.9153
vn 0.5614 0.4746 0.6780
vn 0.5403 0.5122 0.6676
vn 0.3454 0.5073 0.7895
vn 0.3878 0.5270 0.7562
vn 0.5159 0.4128 0.7506
vn 0.3769 0.4250 0.8230
vn -0.2160 -0.0097 0.9763
vn -0.3444 0.2671 0.9000
vn -0.1836 0.7525 0.6325
vn -0.4492 0.7096 0.5429
vn 0.3871 -0.2950 0.8736
vn 0.6418 -0.0927 0.7612
vn 0.9350 0.1364 0.3272
vn 0.9066 0.1543 0.3928
vn 0.7089 0.0681 0.7020
vn 0.3790 0.0690 0.9228
vn 0.2899 -0.1289 0.9483
vn 0.3650 -0.3393 0.8670
vn 0.0000 -0.3388 0.9409
vn 0.0615 -0.4135 0.9084
vn 0.0202 -0.3501 0.9365
vn -0.4091 -0.2881 0.8658
vn -0.6423 -0.1419 0.7532
vn -0.6545 0.0333 0.7553
vn -0.0862 0.6567 0.7492
vn 0.7387 0.5544 0.3834
vn 0.9123 0.1545 0.3793
vn 0.9391 0.1026 0.3281
vn 0.9277 0.3241 -0.1852
vn 0.9537 0.2692 -0.1340
vn -0.9350 0.1364 0.3272
vn -0.9293 0.0833 0.3597
vn -0.9290 0.1676 0.3300
vn -0.7782 0.4597 0.4279
vn -0.5468 0.8276 -0.1268
vn 0.0960 0.9898 -0.1052
vn 0.5711 0.8016 -0.1771
vn 0.9087 0.4131 -0.0602
vn 0.9305 0.3419 -0.1311
vn 0.4991 0.7120 -0.4940
vn 0.0017 0.8479 -0.5301
vn -0.5515 0.6805 -0.4824
vn -0.9173 0.3623 -0.1650
vn -0.7293 0.4100 -0.5477
vn -0.3719 0.4101 -0.8328
vn -0.9420 0.3010 -0.1487
vn -0.9537 0.2692 -0.1340
vn -0.9499 0.2630 -0.1691
vn -0.8960 0.4420 -0.0429
vn -0.0000 -0.0942 0.9955
vn -0.8930 -0.0800 -0.4428
vn -0.5849 -0.1132 -0.8032
vn -0.9881 -0.1232 -0.0921
vn -0.9984 -0.0192 -0.0539
vn -0.7612 -0.5723 -0.3050
vn -0.4294 -0.8318 -0.3518
vn -0.8722 -0.4891 0.0113
vn -0.9177 -0.0643 0.3921
vn -0.6233 -0.7224 0.2994
vn -0.5981 -0.2202 0.7705
vn -0.3480 -0.8636 0.3648
vn 0.3651 0.1062 -0.9249
vn 0.0878 0.0608 -0.9943
vn 0.3807 0.2139 -0.8996
vn 0.1148 0.1809 -0.9768
vn -0.0802 0.0259 -0.9964
vn -0.1062 -0.1130 -0.9879
vn -0.3185 0.0141 -0.9478
vn -0.3972 -0.0659 -0.9153
vn -0.1395 -0.2333 -0.9624
vn -0.1169 -0.2978 -0.9474
vn 0.0001 -0.2275 -0.9738
vn 0.0047 -0.3439 -0.9390
vn 0.1443 -0.2794 -0.9493
vn 0.1345 -0.2547 -0.9576
vn 0.3572 -0.2288 -0.9056
vn 0.3930 -0.2404 -0.8876
vn 0.2898 -0.3778 -0.8794
vn 0.1628 -0.4195 -0.8930
vn 0.0929 -0.4887 -0.8675
vn -0.1172 -0.6820 -0.7219
vn 0.0044 -0.7367 -0.6762
vn -0.0182 -0.5265 -0.8500
vn 0.0907 -0.6788 -0.7287
vn -0.1186 -0.4561 -0.8820
vn 0.0034 0.3150 -0.9491
vn 0.0034 0.4165 -0.9091
vn 0.1451 0.3427 -0.9282
vn 0.1347 0.4316 -0.8920
vn 0.3119 0.4260 -0.8492
vn 0.2870 0.3909 -0.8745
vn -0.0188 -0.7761 0.6303
vn -0.3027 -0.4312 0.8499
vn 0.0999 0.0999 0.9900
vn 0.1426 0.7471 0.6492
vn 0.1383 0.7412 0.6569
vn 0.0956 -0.1289 0.9870
vn -0.0882 -0.7962 0.5986
vn -0.0892 -0.0421 0.9951
vn -0.0925 -0.7973 0.5965
vn -0.0961 -0.0528 0.9940
vn -0.1847 -0.0760 0.9798
vn -0.1443 -0.7975 0.5858
vn -0.1725 -0.3907 0.9042
vn -0.0092 -0.7512 0.6601
vn 0.4684 -0.5766 0.6695
vn 0.3506 -0.9062 0.2364
vn 0.5649 -0.7858 0.2519
vn 0.6044 -0.7926 0.0804
vn 0.8026 -0.5348 -0.2642
vn 0.5746 -0.8030 -0.1580
vn 0.5430 -0.3392 -0.7682
vn 0.3133 -0.7386 -0.5969
vn -0.0118 -0.9891 0.1467
vn -0.0158 -0.9527 -0.3036
vn -0.0570 -0.2005 -0.9780
vn -0.1285 -0.7854 -0.6055
vn -0.2872 0.4622 0.8390
vn 0.0246 0.3545 0.9347
vn -0.3848 0.1431 0.9118
vn 0.0760 0.1529 0.9853
vn 0.0016 0.1844 0.9828
vn 0.2974 0.2973 0.9073
vn 0.0040 0.2510 0.9680
vn 0.5508 0.1568 0.8198
vn 0.0198 0.2257 0.9740
vn 0.2504 0.0689 0.9657
vn -0.1388 0.1367 0.9808
vn 0.0572 -0.0423 0.9975
vn -0.0059 0.2551 0.9669
vn -0.2921 0.2268 0.9291
vn 0.0006 0.5794 0.8150
vn -0.3505 0.4869 0.8000
vn -0.5642 0.4489 0.6929
vn -0.6121 0.0805 0.7866
vn -0.7679 0.2594 0.5857
vn -0.7063 -0.1143 0.6987
vn -0.8749 0.0951 0.4749
vn -0.8695 0.1914 0.4554
vn -0.8916 0.1699 0.4197
vn -0.9266 0.1811 0.3295
vn -0.8965 0.1676 0.4100
vn -0.8091 0.2551 0.5294
vn -0.9136 0.2142 0.3456
vn -0.5129 0.3450 0.7861
vn -0.6772 0.1684 0.7162
vn -0.6856 0.2025 0.6992
vn -0.6094 0.4069 0.6805
vn -0.8943 0.0171 0.4472
vn -0.9323 0.1855 0.3104
vn -0.8756 0.2377 0.4206
vn -0.7539 0.4912 0.4363
vn -0.5867 0.7661 0.2625
vn -0.8739 0.3379 0.3494
vn -0.8336 0.3413 0.4343
vn -0.7563 0.4519 0.4730
vn -0.8203 0.3411 0.4590
vn -0.7863 0.2587 0.5611
vn -0.8306 0.1830 0.5260
vn -0.8677 0.1639 0.4693
vn -0.8814 0.1941 0.4306
vn -0.8212 0.2966 0.4875
vn -0.9559 0.2842 -0.0748
vn -0.9535 0.2613 -0.1503
vn -0.9161 0.1411 0.3754
vn -0.5779 0.7759 0.2528
vn -0.8506 0.1692 0.4978
vn -0.8200 0.0772 0.5671
vn -0.8036 0.3354 0.4918
vn -0.8093 0.3749 0.4523
vn -0.8662 0.1724 0.4690
vn -0.4717 0.7906 0.3905
vn -0.6332 -0.0704 0.7708
vn -0.6190 -0.1151 0.7769
vn -0.7259 0.1101 0.6789
vn -0.8094 0.2202 0.5443
vn -0.7066 0.4587 0.5388
vn -0.7115 0.7013 0.0451
vn -0.8860 0.4289 -0.1763
vn -0.3725 0.6971 0.6126
vn -0.3799 -0.2249 0.8973
vn -0.3825 -0.1689 0.9084
vn -0.3507 0.0018 0.9365
vn -0.5579 0.1367 0.8186
vn -0.6172 0.3531 0.7031
vn -0.1109 0.4176 0.9018
vn 0.0489 -0.2510 0.9668
vn 0.0001 -0.1848 0.9828
vn 0.0444 0.0369 0.9983
vn -0.0645 0.2095 0.9757
vn -0.3321 0.2445 0.9110
vn -0.2326 0.3718 0.8987
vn 0.0578 0.3644 0.9294
vn -0.0456 0.5249 0.8499
vn -0.2134 0.5235 0.8249
vn 0.8813 0.2115 0.4227
vn 0.8235 0.4790 0.3038
vn 0.8646 0.1808 0.4688
vn 0.8588 0.3366 0.3861
vn 0.7948 0.4698 0.3842
vn 0.3824 -0.1704 0.9082
vn 0.3734 -0.0216 0.9274
vn 0.6182 -0.1165 0.7774
vn 0.5557 0.1351 0.8203
vn 0.2896 0.7855 0.5469
vn 0.4388 -0.1565 0.8849
vn 0.2971 0.2535 0.9206
vn 0.2318 0.3757 0.8973
vn 0.1956 0.5244 0.8287
vn 0.5283 0.5851 0.6152
vn 0.6681 -0.0078 0.7440
vn 0.8300 0.1046 0.5479
vn 0.7259 0.1101 0.6789
vn 0.5973 0.3660 0.7137
vn 0.4862 0.3500 0.8007
vn 0.5805 0.7480 0.3217
vn 0.8850 0.1532 0.4397
vn 0.8750 0.2781 0.3963
vn 0.8158 0.3701 0.4444
vn 0.7993 0.3488 0.4894
vn 0.8098 0.2189 0.5444
vn 0.6846 0.4663 0.5602
vn 0.5210 0.5327 0.6669
vn 0.5741 0.3860 0.7221
vn 0.6694 0.7089 0.2220
vn 0.7715 0.4279 0.4709
vn 0.8098 0.3710 0.4545
vn -0.3499 -0.9104 -0.2207
vn 0.3848 -0.8901 -0.2443
vn 0.2370 -0.8434 -0.4822
vn 0.8450 -0.0736 0.5296
vn 0.2787 0.8532 0.4409
vn 0.2341 0.9639 0.1268
vn 0.3662 0.8932 -0.2609
vn -0.3141 0.9405 0.1300
vn 0.2863 -0.9575 -0.0365
vn 0.0779 -0.9237 -0.3750
vn -0.2552 -0.9472 -0.1940
vn -0.5718 -0.3409 0.7462
vn -0.1995 -0.8912 0.4074
vn -0.6142 -0.4878 -0.6204
vn -0.1843 -0.9482 0.2589
vn -0.3724 -0.4962 -0.7843
vn -0.0290 -0.9135 0.4058
vn -0.0446 -0.5198 -0.8531
vn 0.1877 -0.9184 0.3482
vn 0.3416 -0.4996 -0.7961
vn 0.2226 -0.9289 0.2959
vn 0.5415 -0.5117 -0.6670
vn 0.4712 -0.5600 0.6814
vn 0.6459 0.6317 0.4287
vn 0.1037 0.9145 0.3911
vn 0.3429 0.9269 -0.1528
vn 0.6328 0.3331 -0.6990
vn 0.1166 0.9723 -0.2025
vn 0.3488 0.4284 -0.8336
vn -0.0210 0.9695 -0.2442
vn 0.0219 0.4358 -0.8998
vn -0.0544 0.9667 -0.2501
vn -0.3155 0.4264 -0.8478
vn -0.3615 0.9249 -0.1180
vn -0.6387 0.1848 -0.7469
vn -0.4750 0.6749 -0.5647
vn -0.5136 0.7768 0.3643
vn -0.1575 0.9814 0.1094
vn 0.3893 0.8944 -0.2201
vn 0.3371 0.3045 0.8908
vn 0.5006 0.3449 0.7940
vn 0.4383 0.1336 0.8889
vn 0.6791 0.1627 0.7158
vn 0.6530 0.2401 0.7183
vn 0.5622 0.4131 0.7165
vn 0.7802 0.2903 0.5540
vn 0.9192 0.2215 0.3257
vn 0.9498 0.2631 -0.1691
vn 0.9316 0.2134 0.2941
vn 0.8847 0.1882 0.4264
vn -0.0364 0.0712 0.9968
vn -0.0581 0.3781 0.9239
vn -0.2664 0.2940 0.9179
vn -0.5203 0.2171 0.8259
vn -0.2120 0.0624 0.9753
vn -0.0490 -0.0496 0.9976
vn 0.2877 0.2312 0.9294
vn 0.3486 0.4968 0.7947
vn 0.3007 0.4746 0.8273
vn 0.0000 0.4595 0.8882
vn -0.3007 0.4746 0.8273
vn -0.5899 0.3596 0.7230
vn -0.7990 0.3055 0.5179
vn -0.9064 0.2152 0.3635
vn -0.4174 -0.8964 0.1492
vn -0.7327 -0.3013 0.6103
vn -0.1252 -0.9784 0.1642
vn -0.3338 -0.1958 0.9221
vn 0.0123 -0.8331 0.5531
vn 0.3058 -0.4534 0.8372
vn 0.5899 0.3596 0.7230
vn 0.2669 -0.8952 0.3569
vn 0.5423 -0.7381 0.4015
vn 0.7996 0.3028 0.5186
vn 0.0974 -0.9946 -0.0363
vn 0.9050 0.2101 0.3699
vn 0.7649 0.2326 0.6006
vn 0.8488 0.0684 0.5242
vn 0.8881 0.1548 0.4328
vn 0.8322 0.2105 0.5129
vn 0.7451 0.3365 0.5759
vn 0.8092 0.3307 0.4856
vn 0.8158 0.2847 0.5035
vn 0.9236 0.3777 0.0663
vn 0.5592 0.4297 0.7090
vn 0.5958 0.0839 0.7987
vn 0.6734 -0.1115 0.7308
vn -0.3739 0.4498 0.8111
vn -0.3928 0.5407 0.7439
vn -0.5181 0.4378 0.7348
vn -0.4656 0.3459 0.8146
vn -0.5213 0.3716 0.7682
vn 0.1301 -0.7162 0.6856
vn -0.2226 -0.9171 0.3308
vn -0.7014 -0.6884 0.1847
vn -0.5078 -0.8586 -0.0698
vn -0.6386 -0.6972 -0.3258
vn -0.5102 -0.7387 -0.4406
vn -0.4086 -0.3306 -0.8507
vn 0.1745 -0.1916 -0.9658
vn 0.0447 -0.7875 -0.6147
vn -0.6111 -0.7870 0.0851
vn -0.8906 -0.2717 0.3647
vn -0.5553 -0.6724 0.4894
vn -0.5369 -0.2978 0.7893
vn -0.8736 -0.4028 0.2729
vn -0.9497 -0.2894 -0.1193
vn -0.5512 -0.8261 -0.1173
vn -0.4423 -0.7966 -0.4119
vn -0.1277 -0.8902 0.4373
vn 0.0709 -0.3521 0.9333
vn 0.0484 -0.5314 0.8458
vn -0.4724 -0.5234 0.7092
vn -0.5411 -0.8037 0.2474
vn -0.8531 -0.4781 -0.2086
vn -0.5370 -0.7607 -0.3646
vn -0.0000 -0.9142 -0.4053
vn 0.5677 -0.7558 -0.3263
vn 0.8561 -0.4802 -0.1912
vn 0.8951 -0.3500 -0.2762
vn 0.3187 -0.9033 -0.2873
vn -0.0644 -0.8442 -0.5321
vn 0.3670 -0.7518 0.5478
vn 0.5961 -0.3460 0.7245
vn 0.6113 -0.4819 0.6277
vn 0.5265 -0.7929 0.3068
vn -0.0255 -0.8685 0.4950
vn 0.8456 -0.4711 0.2511
vn 0.9175 -0.3232 0.2317
vn 0.5440 -0.8354 -0.0793
vn 0.5377 -0.8240 0.1786
vn -0.6543 0.2194 -0.7237
vn -0.6299 0.2345 -0.7404
vn -0.0000 0.1529 -0.9882
vn 0.3189 0.1603 -0.9341
vn 0.6543 0.2194 -0.7237
vn -0.9337 0.0799 0.3490
vn -0.9907 0.1358 -0.0041
vn -0.9940 0.1086 -0.0111
vn 0.9535 0.2613 -0.1503
vn 0.9062 0.1486 0.3959
vn 0.8646 0.1995 0.4612
vn 0.8551 0.2232 0.4680
vn 0.3134 -0.0274 -0.9492
vn 0.2273 0.1181 -0.9667
vn 0.2774 0.6144 -0.7386
vn 0.1702 0.6849 -0.7085
vn 0.1674 0.7069 -0.6872
vn 0.1821 0.2462 -0.9520
vn 0.0765 -0.8334 0.5473
vn 0.0968 -0.6870 0.7202
vn 0.1264 -0.8002 0.5862
vn 0.2274 -0.8733 0.4308
vn 0.1313 -0.9913 -0.0060
vn 0.0669 -0.9952 0.0708
vn 0.0674 -0.9959 -0.0600
vn 0.0998 -0.9950 0.0102
vn 0.1483 -0.7928 0.5911
vn 0.1196 -0.0337 0.9923
vn -0.7360 0.0067 -0.6769
vn -0.7247 0.0100 -0.6890
vn -0.6999 -0.0935 -0.7081
vn -0.3104 0.2158 -0.9258
vn 0.6318 -0.0239 -0.7748
vn 0.7430 0.2708 -0.6121
vn 0.7464 -0.0127 -0.6654
vn 0.3643 -0.1683 -0.9159
vn -0.2169 -0.1502 0.9646
vn -0.2393 -0.2624 0.9348
vn -0.4100 -0.2247 0.8840
vn -0.4588 -0.2034 0.8650
vn -0.2459 -0.0134 0.9692
vn -0.4598 0.0291 0.8875
vn -0.2341 0.2679 0.9346
vn 0.0030 0.2634 0.9647
vn -0.0037 -0.0311 0.9995
vn 0.2184 0.2664 0.9388
vn 0.2541 -0.0302 0.9667
vn 0.4299 0.2503 0.8675
vn 0.4549 0.0152 0.8904
vn 0.2481 -0.2525 0.9352
vn 0.4534 -0.2069 0.8670
vn 0.2400 -0.1440 0.9600
vn 0.4627 -0.1996 0.8637
vn 0.7337 -0.1587 0.6607
vn 0.7586 -0.1226 0.6399
vn 0.9418 -0.1423 0.3046
vn 0.9619 -0.0808 0.2613
vn 0.9899 -0.1419 0.0079
vn 0.9953 -0.0894 -0.0381
vn 0.9169 -0.2587 -0.3040
vn -0.7192 -0.1356 0.6815
vn -0.7454 -0.1180 0.6560
vn -0.7195 0.0315 0.6938
vn -0.4226 0.2612 0.8679
vn -0.1999 0.4951 0.8455
vn 0.0015 0.4974 0.8675
vn 0.1805 0.4792 0.8590
vn 0.6665 0.2544 0.7007
vn 0.7094 0.0463 0.7032
vn 0.9388 0.0102 0.3443
vn 0.9975 0.0647 0.0294
vn 0.9547 0.1034 -0.2790
vn 0.6715 -0.3806 -0.6358
vn 0.9278 -0.1488 -0.3421
vn 0.9223 0.2591 -0.2866
vn 0.9622 -0.0561 -0.2666
vn 0.3515 -0.7247 -0.5927
vn 0.1136 -0.0541 -0.9920
vn 0.3073 0.2665 -0.9136
vn 0.0948 0.2300 -0.9686
vn 0.9637 0.2653 0.0279
vn 0.9713 0.2242 0.0793
vn 0.8439 -0.5303 -0.0814
vn 0.3590 -0.9332 -0.0155
vn 0.0457 -0.7321 -0.6797
vn 0.9012 0.2379 0.3622
vn 0.7926 0.4269 0.4354
vn 0.8382 0.2872 0.4636
vn 0.9443 -0.2283 0.2372
vn 0.6087 -0.7231 0.3266
vn 0.2276 -0.9000 0.3717
vn 0.6283 0.3621 0.6886
vn 0.6135 0.2445 0.7509
vn 0.8452 -0.1492 0.5132
vn 0.5207 0.4580 0.7205
vn 0.3648 0.2111 0.9069
vn 0.5882 -0.3093 0.7472
vn 0.4573 0.6968 0.5525
vn 0.4462 0.7037 0.5529
vn 0.1956 0.7410 0.6424
vn -0.9461 -0.0645 0.3174
vn -0.9347 -0.1572 0.3188
vn -0.9340 -0.0030 0.3573
vn -0.6753 0.2579 0.6910
vn -0.3657 0.4814 0.7965
vn -0.5918 0.4874 0.6420
vn -0.5600 0.5010 0.6599
vn -0.5975 0.3647 0.7141
vn -0.5823 0.3860 0.7155
vn -0.5047 0.4995 0.7041
vn -0.4827 0.6703 0.5636
vn -0.2895 0.9572 0.0001
vn -0.1179 0.9886 0.0933
vn -0.0145 0.8662 -0.4995
vn -0.3127 0.7774 -0.5457
vn -0.9200 0.3840 0.0786
vn -0.8985 0.2461 0.3636
vn -0.8273 0.4288 0.3630
vn -0.8369 0.2824 0.4689
vn -0.5774 0.2054 0.7902
vn -0.9991 0.0378 0.0199
vn -0.9541 0.2983 0.0268
vn -0.9623 0.2630 0.0690
vn -0.9168 -0.2827 0.2821
vn -0.8440 -0.0757 0.5309
vn -0.6009 -0.3879 0.6989
vn -0.3501 -0.3109 0.8836
vn -0.5334 0.4396 0.7227
vn -0.1806 -0.8020 0.5694
vn -0.1577 -0.7871 0.5964
vn -0.1170 -0.0342 0.9925
vn -0.1281 0.7345 0.6664
vn -0.1387 0.9872 0.0782
vn -0.4818 -0.7988 0.3604
vn -0.2006 -0.8549 0.4785
vn -0.1443 -0.9894 0.0143
vn -0.1732 -0.9845 -0.0278
vn -0.1046 -0.9937 0.0410
vn -0.1202 0.7409 0.6608
vn -0.1623 0.9848 0.0624
vn -0.1251 0.9225 -0.3653
vn -0.0989 0.9458 -0.3092
vn 0.0161 0.6662 -0.7456
vn 0.2207 0.5425 -0.8105
vn -0.0358 0.5508 -0.8339
vn -0.3031 0.5210 -0.7979
vn -0.1211 0.6671 -0.7350
vn 0.2096 0.1248 -0.9698
vn 0.0997 0.1844 -0.9778
vn -0.2072 0.3835 -0.9000
vn 0.0084 -0.7098 -0.7043
vn -0.2389 -0.6531 -0.7186
vn -0.2576 0.1842 -0.9485
vn -0.9970 -0.0744 0.0190
vn -0.9857 -0.1679 -0.0115
vn -0.9396 -0.2270 -0.2562
vn -0.9601 0.0258 -0.2786
vn -0.9390 0.2097 -0.2727
vn -0.9902 -0.0303 -0.1365
vn -0.7070 -0.6970 -0.1198
vn -0.2849 -0.9563 0.0655
vn -0.9327 -0.1470 -0.3295
vn -0.7257 -0.3363 -0.6002
vn -0.4153 -0.4765 -0.7749
vn -0.0804 -0.9962 -0.0334
vn -0.0912 -0.9940 -0.0611
vn -0.1298 -0.9903 0.0503
vn -0.2419 -0.7708 0.5894
vn -0.3613 -0.0056 0.9324
vn -0.3880 0.7492 0.5369
vn -0.2612 0.7271 0.6349
vn -0.1416 0.7447 0.6522
vn -0.6670 -0.3298 -0.6681
vn -0.3693 -0.3566 -0.8582
vn -0.3050 -0.2636 -0.9151
vn -0.1121 -0.2605 -0.9589
vn 0.0055 -0.2202 -0.9754
vn 0.0043 -0.0762 -0.9971
vn 0.0014 0.0362 -0.9993
vn -0.0926 0.1624 -0.9824
vn -0.2292 0.2868 -0.9302
vn 0.6769 -0.2663 -0.6862
vn 0.3098 -0.3158 -0.8968
vn 0.3059 -0.3090 -0.9005
vn 0.1208 -0.2859 -0.9506
vn 0.1042 -0.2341 -0.9666
vn -0.0183 -0.2479 -0.9686
vn -0.1264 -0.2864 -0.9497
vn 0.1031 -0.0909 -0.9905
vn 0.0164 0.1469 -0.9890
vn -0.0139 0.2308 -0.9729
vn -0.1023 0.2265 -0.9686
vn -0.1060 0.3088 -0.9452
vn 0.2149 0.3420 -0.9148
vn 0.2712 0.5044 -0.8198
vn 0.1143 0.3699 -0.9220
vn -0.0000 0.2700 -0.9629
vn -0.1414 0.3734 -0.9168
vn -0.1240 0.4272 -0.8956
vn -0.2703 0.3787 -0.8852
vn -0.2601 0.4395 -0.8597
vn 0.6299 0.2345 -0.7404
vn 0.9551 0.2858 -0.0778
vn 0.8891 0.4239 -0.1728
vn 0.7114 0.7016 0.0409
vn 0.2870 0.9575 -0.0268
vn 0.2459 0.7695 -0.5894
vn 0.0251 0.8931 -0.4491
vn 0.1244 0.9911 0.0478
vn -0.0742 0.5418 -0.8373
vn -0.1595 0.6122 -0.7745
vn -0.0465 0.6388 -0.7679
vn 0.0763 0.9172 -0.3911
vn 0.1242 0.9329 -0.3379
vn 0.1433 0.9862 0.0830
vn 0.0329 -0.2517 0.9672
vn 0.0004 -0.2728 0.9621
vn 0.3211 -0.4207 0.8485
vn 0.1062 -0.8033 0.5861
vn 0.0618 -0.9951 0.0770
vn 0.1423 -0.9897 -0.0154
vn -0.0569 -0.5430 -0.8378
vn -0.0809 0.1771 -0.9809
vn -0.2353 0.2398 -0.9419
vn -0.0065 0.0394 -0.9992
vn 0.1329 0.1866 -0.9734
vn 0.1171 0.6985 -0.7060
vn 0.1849 0.9491 -0.2551
vn 0.1897 -0.5248 -0.8298
vn 0.1763 -0.8324 -0.5254
vn 0.2644 -0.7000 -0.6634
vn 0.3486 -0.5874 -0.7304
vn 0.4110 0.0810 -0.9080
vn 0.4246 0.6939 -0.5816
vn 0.2606 0.9312 -0.2549
vn 0.1993 0.9141 -0.3531
vn 0.1956 0.9786 0.0639
vn 0.1873 0.9800 0.0673
vn 0.2069 -0.0331 0.9778
vn 0.0879 -0.8592 -0.5041
vn 0.1229 0.7323 0.6698
vn 0.1371 -0.7012 -0.6997
vn 0.2831 0.9567 0.0675
vn 0.3597 0.9276 0.1008
vn 0.5145 0.6551 0.5533
vn 0.4704 -0.1195 0.8743
vn 0.3601 0.9143 -0.1854
vn 0.4195 0.9048 -0.0730
vn 0.6448 0.5699 0.5094
vn 0.5645 -0.1163 0.8172
vn 0.4049 -0.7694 0.4940
vn 0.3356 -0.7826 0.5243
vn 0.4972 0.6006 -0.6262
vn 0.5753 0.8169 -0.0402
vn 0.8413 0.3929 0.3714
vn 0.8421 -0.0402 0.5378
vn 0.5938 -0.6092 0.5256
vn 0.7772 -0.6260 0.0632
vn 0.3908 -0.9204 0.0135
vn 0.2699 -0.9629 -0.0055
vn 0.9991 -0.0401 0.0117
vn 0.7730 -0.5221 -0.3603
vn 0.5290 -0.6407 -0.5564
vn 0.4153 -0.6979 -0.5834
vn 0.2134 -0.9741 -0.0742
vn 0.5082 -0.0426 -0.8602
vn 0.9024 0.4268 -0.0597
vn 0.8769 -0.0628 -0.4766
vn 0.6492 -0.0646 -0.7579
vn 0.6748 0.4809 -0.5597
vn -0.9998 -0.0186 -0.0021
vn 0.9332 -0.0409 0.3571
vn 0.9951 -0.0281 -0.0943
vn 0.0199 -0.6915 0.7221
vn 0.0958 0.2686 0.9585
vn 0.2096 0.8034 0.5574
vn 0.1786 0.7203 0.6703
vn -0.7944 -0.0682 0.6035
vn -0.8402 -0.5420 0.0147
vn 0.6691 0.6631 0.3356
vn 0.1642 0.6617 0.7315
vn -0.2953 0.0966 0.9505
vn 0.0534 0.9224 0.3825
vn 0.0609 0.5726 0.8176
vn -0.3454 -0.0415 0.9376
vn -0.3510 0.5979 0.7206
vn 0.4997 0.3702 0.7831
vn -0.3644 0.3004 0.8815
vn -0.2158 0.2334 0.9481
vn -0.2591 0.3515 0.8996
vn -0.1446 0.3486 0.9261
vn -0.0570 0.3017 0.9517
vn -0.0258 0.2306 0.9727
vn -0.0614 0.1593 0.9853
vn -0.1549 0.1123 0.9815
vn -0.2735 0.1088 0.9557
vn -0.3745 0.1591 0.9135
vn -0.4125 0.2290 0.8817
vn 0.2598 0.3515 0.8994
vn 0.2166 0.2334 0.9480
vn 0.3651 0.3004 0.8812
vn 0.4131 0.2292 0.8813
vn 0.3753 0.1591 0.9132
vn 0.2743 0.1089 0.9555
vn 0.1556 0.1123 0.9814
vn 0.0622 0.1593 0.9853
vn 0.0266 0.2305 0.9727
vn 0.0578 0.3017 0.9516
vn 0.1453 0.3486 0.9259
vn 0.5158 -0.8552 -0.0500
vn 0.6108 -0.6968 -0.3759
vn 0.1874 -0.8327 -0.5210
vn -0.2015 -0.9086 -0.3659
vn -0.6306 -0.7456 -0.2155
vn -0.4597 -0.8864 0.0545
vn -0.5091 -0.7366 0.4452
vn 0.0155 -0.9043 0.4266
vn 0.4276 -0.6991 0.5731
vn 0.5806 -0.7799 0.2336
vn 0.9324 -0.2970 0.2058
vn 0.8388 -0.4694 0.2759
vn 0.5374 -0.7713 0.3411
vn 0.0112 -0.9321 0.3621
vn -0.4948 -0.7630 0.4159
vn -0.6116 -0.4821 0.6274
vn -0.5031 -0.3601 0.7856
vn 0.9059 -0.3148 -0.2831
vn 0.8753 -0.4445 -0.1907
vn 0.5474 -0.8074 -0.2202
vn 0.0069 -0.8394 -0.5435
vn -0.5692 -0.7957 -0.2072
vn -0.8613 -0.4785 0.1710
vn -0.8859 -0.3152 0.3402
vn -0.9312 -0.3345 -0.1450
vn -0.6391 -0.4215 -0.6433
vn -0.0041 -0.4286 -0.9035
vn 0.5951 -0.3872 -0.7043
vn -0.8362 -0.4759 -0.2727
vn -0.4237 -0.5575 -0.7139
vn 0.1385 -0.5473 -0.8254
vn 0.5803 -0.5039 -0.6398
vn 0.9934 0.1130 0.0197
vn -0.1956 -0.5876 -0.7852
vn -0.1984 0.1699 -0.9653
vn -0.2197 -0.6312 -0.7438
vn -0.2434 -0.8219 -0.5150
vn -0.2295 -0.9721 -0.0485
vn -0.3635 -0.7849 0.5018
vn -0.5303 -0.1396 0.8362
vn -0.1497 0.6771 -0.7205
vn -0.2059 0.2322 -0.9506
vn -0.3167 -0.0566 -0.9468
vn -0.3444 -0.6349 -0.6915
vn -0.4084 -0.6997 -0.5862
vn -0.2783 -0.9604 -0.0112
vn -0.4154 -0.7446 0.5225
vn -0.6093 -0.1243 0.7831
vn -0.6696 0.5352 0.5149
vn -0.5009 0.6694 0.5487
vn -0.1702 0.9340 -0.3140
vn -0.1821 0.7529 -0.6325
vn -0.3030 0.5762 -0.7591
vn -0.4243 0.0143 -0.9054
vn -0.5330 0.0188 -0.8459
vn -0.1888 0.9820 0.0086
vn -0.2027 0.9361 -0.2876
vn -0.2601 0.9299 -0.2600
vn -0.4316 0.6260 -0.6495
vn -0.5206 0.6377 -0.5677
vn -0.2564 0.9600 0.1125
vn -0.3313 0.9425 0.0449
vn -0.3673 0.8921 -0.2632
vn -0.3984 0.9164 -0.0392
vn -0.5309 0.8428 -0.0881
vn -0.6993 0.4748 -0.5344
vn -0.6891 0.0265 -0.7242
vn -0.5142 -0.7129 -0.4768
vn -0.3910 -0.9200 0.0264
vn -0.5922 -0.6860 0.4226
vn -0.8093 -0.1715 0.5618
vn -0.8316 0.2868 0.4756
vn -0.8895 0.4496 -0.0821
vn -0.8472 0.2770 -0.4533
vn -0.8845 0.0383 -0.4649
vn -0.8071 -0.3936 -0.4401
vn -0.7842 -0.6201 0.0214
vn -0.9992 -0.0347 -0.0211
vn 0.9907 0.1314 0.0357
vn 0.8520 0.2331 -0.4687
vn -0.8329 0.5514 -0.0468
vn -0.6240 0.5513 0.5538
vn -0.8793 0.3180 0.3545
vn -0.7302 0.6005 0.3260
vn -0.4390 0.7871 0.4332
vn -0.1112 0.7525 0.6492
vn 0.2269 0.5606 0.7964
vn -0.2743 0.4410 0.8545
vn -0.3204 0.8274 0.4614
vn -0.3791 0.9194 0.1044
vn -0.6611 0.7072 0.2508
vn -0.9898 -0.1213 -0.0742
vn -0.9584 -0.2136 -0.1894
vn -0.5623 -0.8076 0.1780
vn -0.6756 -0.6318 0.3799
vn -0.1724 -0.9310 0.3218
vn -0.4801 -0.4571 0.7487
vn -0.0870 -0.9184 0.3860
vn -0.1460 -0.3710 0.9171
vn 0.2196 -0.8611 0.4586
vn 0.4015 -0.2409 0.8836
vn 0.9560 0.1258 0.2651
vn 0.9432 -0.2582 0.2089
vn 0.8355 0.3859 0.3911
vn 0.4838 0.8220 0.3004
vn 0.5148 0.4001 0.7582
vn 0.4119 0.6470 0.6417
vn -0.2755 0.8487 0.4515
vn 0.0291 0.8713 0.4899
vn 0.3745 0.9016 0.2163
vn -0.0010 0.8647 0.5022
vn 0.3165 -0.2655 0.9107
vn 0.7004 -0.0844 0.7087
vn 0.5028 -0.0368 0.8636
vn 0.8944 -0.2133 0.3932
vn 0.4801 -0.6492 0.5900
vn 0.9598 -0.0951 0.2641
vn 0.9712 0.2285 0.0683
vn 0.3072 0.9454 0.1088
vn 0.4567 0.5276 0.7163
vn -0.0632 0.7040 0.7073
vn 0.0211 0.9997 0.0111
vn -0.4027 0.7484 0.5270
vn -0.0497 0.9985 -0.0249
vn -0.5734 0.8020 0.1674
vn -0.4395 0.8966 -0.0537
vn -0.9757 0.2077 -0.0695
vn -0.9392 0.2647 -0.2187
vn -0.9158 -0.3937 0.0799
vn -0.7298 -0.5128 0.4520
vn -0.5342 -0.7453 0.3990
vn -0.8407 0.0099 0.5413
vn -0.9036 -0.2160 0.3700
vn -0.7303 -0.2731 0.6261
vn -0.6809 -0.5087 0.5270
vn -0.4764 -0.4644 0.7465
vn -0.4929 -0.5145 0.7017
vn -0.2116 -0.3233 0.9223
vn -0.2694 -0.3045 0.9136
vn 0.0171 -0.0551 0.9983
vn -0.0514 -0.4593 0.8868
vn 0.3249 -0.7781 0.5375
vn -0.0265 -0.6186 0.7853
vn -0.3553 -0.5953 0.7206
vn -0.4443 -0.5407 0.7143
vn -0.4536 -0.0044 0.8912
vn -0.2875 -0.3169 0.9038
vn -0.4290 -0.0859 0.8992
vn -0.6357 -0.1392 0.7593
vn -0.8595 -0.2384 0.4522
vn -0.4206 -0.6622 0.6202
vn 0.1240 -0.4569 0.8808
vn 0.0417 -0.0699 0.9967
vn 0.2215 -0.3164 0.9224
vn 0.1837 -0.3892 0.9027
vn 0.5333 -0.4310 0.7279
vn 0.5597 -0.3930 0.7296
vn 0.7712 -0.3682 0.5193
vn 0.7844 -0.2101 0.5836
vn 0.9208 -0.1522 0.3591
vn 0.8526 0.0479 0.5204
vn 0.8908 -0.3982 0.2188
vn 0.5638 -0.7052 0.4300
vn 0.7544 -0.4809 0.4467
vn 0.5156 0.2482 -0.8201
vn 0.8849 0.4620 -0.0593
vn 0.3777 0.9251 -0.0390
vn 0.5471 0.8220 0.1583
vn 0.0194 0.9994 -0.0273
vn 0.4157 0.7601 0.4994
vn -0.0488 0.9987 0.0133
vn 0.0905 0.7062 0.7022
vn -0.3261 0.9363 0.1301
vn -0.4224 0.5150 0.7459
vn -0.9368 -0.1219 0.3280
vn -0.9705 0.2008 0.1336
vn -0.2657 -0.7867 0.5573
vn 0.0969 -0.6169 0.7811
vn 0.5066 -0.5271 0.6823
vn 0.5125 0.0094 0.8587
vn 0.4198 -0.5842 0.6946
vn 0.7396 0.6693 -0.0712
vn 0.8506 0.3833 0.3599
vn 0.6152 0.5730 0.5415
vn 0.6859 0.6653 0.2946
vn 0.4345 0.8002 0.4134
vn 0.1179 0.7559 0.6440
vn -0.2074 0.5541 0.8062
vn -0.4017 0.6348 0.6601
vn -0.4917 0.3851 0.7810
vn -0.8281 0.3611 0.4287
vn -0.4941 0.8074 0.3225
vn -0.9464 0.0974 0.3081
vn -0.9247 -0.2862 0.2512
vn -0.1728 -0.8670 0.4674
vn -0.3537 -0.2522 0.9007
vn 0.1984 -0.3659 0.9093
vn 0.1317 -0.9151 0.3811
vn 0.5269 -0.4420 0.7260
vn 0.2145 -0.9251 0.3132
vn 0.6947 -0.6073 0.3854
vn 0.5745 -0.7924 0.2050
vn 0.9236 -0.1305 -0.3606
vn 0.9657 -0.2378 -0.1045
vn 0.6344 0.7316 0.2497
vn 0.3656 0.9236 0.1150
vn 0.3161 0.8368 0.4470
vn 0.2994 0.4496 0.8416
vn -0.0021 0.8647 0.5023
vn -0.3911 0.8902 0.2336
vn -0.0329 0.8703 0.4914
vn 0.2702 0.8568 0.4392
vn 0.0428 0.9441 0.3268
vn -0.2225 0.7981 0.5599
vn 0.0318 0.9845 -0.1727
vn -0.2044 0.9290 0.3085
vn 0.0652 0.9972 -0.0371
vn 0.0202 0.9992 0.0348
vn 0.3525 -0.8959 -0.2704
vn 0.1115 -0.9724 -0.2049
vn -0.4166 -0.8214 0.3895
vn -0.1742 -0.8995 0.4008
vn 0.0643 -0.9918 -0.1100
vn -0.0071 -0.9990 -0.0447
vn -0.0582 -0.7285 0.6825
vn 0.1417 -0.8934 0.4264
vn -0.0685 -0.9917 -0.1092
vn -0.1576 -0.9620 -0.2231
vn 0.3559 -0.8140 0.4592
vn -0.3783 -0.8828 -0.2786
vn 0.0011 1.0000 0.0013
vn 0.2161 0.9365 0.2761
vn -0.0595 0.9970 -0.0491
vn -0.0323 0.9821 -0.1855
vn 0.3000 0.8113 0.5018
vn -0.0005 0.9887 -0.1499
vn -0.6043 0.4806 0.6355
vn -0.8576 0.2040 0.4722
vn -0.6623 -0.0935 0.7433
vn 0.1451 -0.0941 0.9849
vn 0.5677 0.0415 0.8222
vn 0.4936 0.3849 0.7799
vn 0.0039 0.5465 0.8375
vn 0.5908 0.4894 0.6414
vn 0.1143 0.5393 0.8343
vn -0.4591 0.3862 0.8000
vn -0.5250 0.1309 0.8410
vn -0.0837 -0.0858 0.9928
vn 0.6354 -0.1099 0.7643
vn 0.8010 0.1856 0.5692
vn 0.0186 0.4194 0.9076
vn -0.2248 0.1818 0.9573
vn 0.2039 -0.0036 0.9790
vn 0.5033 0.0491 0.8627
vn 0.5334 0.2628 0.8040
vn 0.3738 0.3839 0.8443
vn 0.2967 0.2406 0.9242
vn 0.2169 0.2117 0.9530
vn 0.0247 0.4185 0.9079
vn -0.3554 0.3649 0.8606
vn -0.5823 0.2252 0.7812
vn -0.4282 0.0696 0.9010
vn -0.0739 -0.0134 0.9972
vn -0.2825 0.2344 0.9302
vn 0.2519 -0.9208 0.2976
vn 0.7512 -0.5806 0.3139
vn 0.9871 0.1244 0.1007
vn 0.6087 0.7893 -0.0807
vn -0.0140 0.9870 -0.1602
vn 0.0320 0.9915 -0.1264
vn 0.0058 0.9898 -0.1422
vn -0.6471 0.7560 -0.0988
vn -0.9909 -0.0766 0.1107
vn -0.7493 -0.5920 0.2969
vn -0.2007 -0.9251 0.3224
vn 0.0560 -0.9530 0.2978
vn 0.2354 -0.9519 0.1960
vn 0.7121 -0.6596 0.2407
vn 0.9639 0.0004 0.2663
vn 0.5828 0.7783 0.2338
vn -0.0582 0.9881 0.1423
vn -0.0077 0.9911 0.1331
vn 0.0655 0.9867 0.1485
vn -0.6433 0.7355 0.2123
vn -0.9704 -0.0475 0.2369
vn -0.7080 -0.6610 0.2486
vn -0.2136 -0.9480 0.2358
vn 0.0407 -0.9746 0.2200
vn 0.2257 -0.9379 0.2635
vn 0.6064 -0.7023 0.3729
vn 0.8675 0.0525 0.4947
vn 0.4945 0.8071 0.3225
vn -0.0327 0.9805 0.1936
vn -0.0228 0.9848 0.1724
vn 0.0572 0.9786 0.1976
vn -0.4937 0.7364 0.4626
vn -0.9094 -0.0576 0.4120
vn -0.6048 -0.7095 0.3617
vn -0.1909 -0.9495 0.2489
vn 0.0303 -0.9706 0.2389
vn 0.4312 -0.3678 0.8239
vn 0.6618 -0.2803 0.6953
vn 0.4866 0.5780 0.6551
vn 0.0755 0.8569 0.5099
vn -0.0570 0.8318 0.5521
vn -0.0985 0.8875 0.4501
vn -0.3632 0.7338 0.5742
vn -0.7098 -0.0542 0.7023
vn -0.4151 -0.2053 0.8863
vn 0.0450 -0.4007 0.9151
vn -0.7352 -0.6551 0.1741
vn -0.2604 -0.6186 -0.7413
vn 0.5748 -0.3600 -0.7348
vn 0.3579 -0.4035 -0.8421
vn 0.0263 -0.4299 -0.9025
vn -0.3118 -0.4110 -0.8566
vn -0.5427 -0.3660 -0.7560
vn -0.3716 -0.0953 -0.9235
vn 0.6179 -0.7459 -0.2488
vn 0.2959 -0.9286 0.2238
vn 0.1848 -0.9167 0.3543
vn 0.0763 -0.9097 0.4082
vn -0.1231 -0.9168 0.3799
vn -0.2141 -0.9363 0.2784
vn 0.6201 0.7679 0.1608
vn 0.0522 0.6080 -0.7922
vn -0.6158 0.3709 -0.6952
vn -0.3557 0.4449 -0.8219
vn -0.0533 0.4561 -0.8883
vn 0.2950 0.4505 -0.8426
vn 0.6291 0.3911 -0.6718
vn 0.3761 0.1728 -0.9103
vn -0.4522 0.8704 -0.1948
vn -0.2223 0.9398 0.2594
vn -0.2495 0.9078 0.3371
vn -0.0495 0.9052 0.4222
vn 0.1390 0.9058 0.4004
vn 0.1736 0.9266 0.3337
vn 0.5911 0.2071 -0.7795
vn 0.8545 -0.0753 0.5139
vn 0.1523 -0.9709 0.1849
vn -0.1154 -0.3509 0.9293
vn 0.3812 0.5586 0.7366
vn 0.8947 0.3528 0.2741
vn 0.6736 0.5459 -0.4983
vn 0.4820 0.4555 -0.7485
vn 0.7277 -0.4906 -0.4793
vn 0.6192 -0.1663 0.7674
vn 0.2508 -0.9261 0.2818
vn 0.9191 -0.3920 -0.0386
vn 0.5971 0.1976 -0.7774
vn 0.7208 0.6704 0.1759
vn -0.2447 0.9589 -0.1435
vn -0.1650 0.5335 0.8295
vn -0.7312 -0.1845 0.6568
vn -0.3422 -0.4321 0.8344
vn -0.5280 -0.5956 0.6054
vn 0.1254 0.0632 0.9901
vn -0.7531 0.5076 0.4186
vn -0.1538 0.9699 -0.1890
vn -0.4246 0.5675 0.7054
vn -0.7406 -0.2218 0.6343
vn -0.1523 -0.9709 0.1849
vn -0.8546 -0.0753 0.5138
vn -0.5911 0.2071 -0.7796
vn -0.6736 0.5458 -0.4984
vn -0.8947 0.3527 0.2740
vn -0.3813 0.5586 0.7366
vn 0.1154 -0.3508 0.9293
vn 0.7406 -0.2218 0.6343
vn 0.4245 0.5676 0.7054
vn 0.1537 0.9699 -0.1891
vn 0.7531 0.5076 0.4185
vn -0.1253 0.0632 0.9901
vn 0.5282 -0.5955 0.6053
vn 0.3424 -0.4321 0.8343
vn 0.7312 -0.1845 0.6567
vn 0.1649 0.5335 0.8296
vn 0.3323 0.9043 -0.2681
vn -0.7194 0.6872 0.1010
vn -0.4663 0.1274 -0.8754
vn -0.9048 -0.4171 -0.0855
vn -0.2509 -0.9269 0.2792
vn -0.6192 -0.1663 0.7674
vn -0.7277 -0.4906 -0.4793
vn -0.4820 0.4553 -0.7486
usemtl mesh0
s 1
f 78/1/1 1/2/2 3/3/3
f 2/4/4 3/3/3 1/2/2
f 760/5/5 3/3/3 2/4/4
f 3/3/3 760/5/5 4/6/6
f 4/6/6 760/5/5 5/7/7
f 6/8/8 5/7/7 760/5/5
f 5/7/7 6/8/8 7/9/9
f 8/10/10 7/9/9 6/8/8
f 9/11/11 767/12/12 10/13/13
f 765/14/14 10/13/13 767/12/12
f 5/15/7 7/16/9 711/17/15
f 11/18/16 711/17/15 7/16/9
f 711/19/15 12/20/17 5/7/7
f 5/7/7 12/20/17 4/6/6
f 710/21/18 4/6/6 12/20/17
f 4/6/6 710/21/18 3/3/3
f 710/22/18 77/23/19 3/24/3
f 78/25/1 3/24/3 77/23/19
f 397/26/20 13/27/21 14/28/22
f 15/29/23 14/28/22 13/27/21
f 16/30/24 14/28/22 15/29/23
f 14/28/22 16/30/24 392/31/25
f 17/32/26 617/33/27 517/34/28
f 18/35/29 517/34/28 617/33/27
f 19/36/30 21/37/31 20/38/32
f 20/38/32 21/37/31 22/39/33
f 23/40/34 22/39/33 21/37/31
f 22/39/33 23/40/34 418/41/35
f 418/41/35 23/40/34 24/42/36
f 24/42/36 23/43/34 25/44/37
f 25/44/37 23/43/34 26/45/38
f 21/46/31 26/45/38 23/43/34
f 27/47/39 28/48/40 29/49/41
f 29/49/41 28/48/40 30/50/42
f 36/51/43 30/50/42 28/48/40
f 30/50/42 36/51/43 156/52/44
f 31/53/45 156/52/44 36/51/43
f 156/52/44 31/53/45 801/54/46
f 32/55/47 33/56/48 34/57/49
f 132/58/50 34/57/49 33/56/48
f 35/59/51 557/60/52 810/61/53
f 808/62/54 810/61/53 557/60/52
f 31/63/45 36/64/43 37/65/55
f 37/65/55 36/64/43 38/66/56
f 38/66/56 36/64/43 704/67/57
f 28/68/40 704/67/57 36/64/43
f 27/69/39 704/67/57 28/68/40
f 704/67/57 27/69/39 705/70/58
f 39/71/59 110/72/60 40/73/61
f 41/74/62 40/73/61 110/72/60
f 40/73/61 41/74/62 42/75/63
f 43/76/64 44/77/65 45/78/66
f 46/79/67 45/78/66 44/77/65
f 11/80/16 47/81/68 711/82/15
f 711/82/15 47/81/68 48/83/69
f 48/83/69 47/81/68 856/84/70
f 49/85/71 856/84/70 47/81/68
f 856/84/70 49/85/71 50/86/72
f 51/87/73 50/86/72 49/85/71
f 106/88/74 104/89/75 107/90/76
f 108/91/77 107/90/76 104/89/75
f 52/92/78 53/93/79 55/94/80
f 54/95/81 55/94/80 53/93/79
f 54/96/81 57/97/82 55/98/80
f 55/98/80 57/97/82 56/99/83
f 56/99/83 57/97/82 34/100/49
f 34/100/49 57/97/82 32/101/47
f 59/102/84 32/101/47 57/97/82
f 32/101/47 59/102/84 58/103/85
f 58/103/85 59/102/84 412/104/86
f 60/105/87 412/104/86 59/102/84
f 62/106/88 55/107/80 61/108/89
f 56/109/83 61/108/89 55/107/80
f 55/98/80 62/110/88 52/111/78
f 52/111/78 62/110/88 123/112/90
f 123/112/90 62/110/88 63/113/91
f 63/113/91 62/110/88 126/114/92
f 61/115/89 126/114/92 62/110/88
f 126/114/92 61/115/89 128/116/93
f 64/117/94 430/118/95 65/119/96
f 66/120/97 65/119/96 430/118/95
f 794/121/98 67/122/99 85/123/100
f 85/123/100 67/122/99 68/124/101
f 792/125/102 68/124/101 67/122/99
f 68/124/101 792/125/102 69/126/103
f 70/127/104 69/126/103 792/125/102
f 69/126/103 70/127/104 71/128/105
f 25/129/37 71/128/105 70/127/104
f 72/130/106 73/131/107 708/132/108
f 708/132/108 73/131/107 74/133/109
f 794/134/98 74/133/109 73/131/107
f 85/135/100 74/133/109 794/134/98
f 75/136/110 74/133/109 85/135/100
f 74/133/109 75/136/110 707/137/111
f 76/138/112 707/137/111 75/136/110
f 707/137/111 76/138/112 77/139/19
f 77/139/19 76/138/112 78/140/1
f 78/140/1 76/138/112 79/141/113
f 81/142/114 79/141/113 76/138/112
f 79/141/113 81/142/114 80/143/115
f 80/143/115 81/142/114 82/144/116
f 83/145/117 82/144/116 81/142/114
f 76/146/112 75/147/110 81/148/114
f 81/148/114 75/147/110 84/149/118
f 85/123/100 84/149/118 75/147/110
f 68/124/101 84/149/118 85/123/100
f 84/149/118 68/124/101 86/150/119
f 69/126/103 86/150/119 68/124/101
f 86/150/119 69/126/103 87/151/120
f 71/128/105 87/151/120 69/126/103
f 87/151/120 71/128/105 88/152/121
f 54/153/81 414/154/122 57/155/82
f 59/156/84 57/155/82 414/154/122
f 489/157/123 89/158/124 505/159/125
f 505/159/125 89/158/124 506/160/126
f 90/161/127 506/160/126 89/158/124
f 506/160/126 90/161/127 91/162/128
f 534/163/129 92/164/130 93/165/131
f 94/166/132 93/165/131 92/164/130
f 95/167/133 97/168/134 108/169/77
f 108/169/77 97/168/134 96/170/135
f 96/170/135 97/168/134 98/171/136
f 98/171/136 97/168/134 99/172/137
f 99/172/137 97/168/134 327/173/138
f 327/173/138 97/168/134 328/174/139
f 139/175/140 328/174/139 97/168/134
f 328/174/139 139/175/140 100/176/141
f 101/177/142 100/176/141 139/175/140
f 39/178/59 100/176/141 101/177/142
f 100/176/141 39/178/59 40/179/61
f 95/180/133 108/181/77 102/182/143
f 104/183/75 102/182/143 108/181/77
f 102/184/143 104/185/75 103/186/144
f 103/186/144 104/185/75 112/187/145
f 106/188/74 112/187/145 104/185/75
f 112/187/145 106/188/74 105/189/146
f 105/189/146 106/188/74 117/190/147
f 107/191/76 117/190/147 106/188/74
f 117/190/147 107/191/76 119/192/148
f 119/192/148 107/191/76 121/193/149
f 121/193/149 107/191/76 109/194/150
f 108/169/77 109/194/150 107/191/76
f 96/170/135 109/194/150 108/169/77
f 109/194/150 96/170/135 124/195/151
f 124/195/151 96/170/135 325/196/152
f 98/171/136 325/196/152 96/170/135
f 103/186/144 112/187/145 110/197/60
f 110/197/60 112/187/145 111/198/153
f 111/198/153 112/187/145 113/199/154
f 105/189/146 113/199/154 112/187/145
f 113/199/154 105/189/146 114/200/155
f 114/200/155 105/189/146 115/201/156
f 117/190/147 115/201/156 105/189/146
f 115/201/156 117/190/147 116/202/157
f 116/202/157 117/190/147 136/203/158
f 119/192/148 136/203/158 117/190/147
f 136/203/158 119/192/148 118/204/159
f 118/204/159 119/192/148 120/205/160
f 121/193/149 120/205/160 119/192/148
f 109/194/150 120/205/160 121/193/149
f 120/205/160 109/194/150 122/206/161
f 124/195/151 122/206/161 109/194/150
f 122/206/161 124/195/151 63/113/91
f 63/113/91 124/195/151 123/112/90
f 123/112/90 124/195/151 52/111/78
f 325/196/152 52/111/78 124/195/151
f 52/111/78 325/196/152 53/207/79
f 122/206/161 63/113/91 120/205/160
f 120/205/160 63/113/91 125/208/162
f 126/114/92 125/208/162 63/113/91
f 125/208/162 126/114/92 135/209/163
f 135/209/163 126/114/92 127/210/164
f 128/116/93 127/210/164 126/114/92
f 127/210/164 128/116/93 138/211/165
f 138/211/165 128/116/93 129/212/166
f 129/212/166 128/116/93 130/213/167
f 61/115/89 130/213/167 128/116/93
f 130/213/167 61/115/89 56/99/83
f 56/99/83 34/100/49 130/213/167
f 132/214/50 130/213/167 34/100/49
f 130/213/167 132/214/50 129/212/166
f 129/212/166 132/214/50 131/215/168
f 131/215/168 132/214/50 133/216/169
f 33/217/48 133/216/169 132/214/50
f 133/216/169 33/217/48 134/218/170
f 120/205/160 125/208/162 118/204/159
f 135/209/163 118/204/159 125/208/162
f 118/204/159 135/209/163 136/203/158
f 136/203/158 135/209/163 116/202/157
f 127/210/164 116/202/157 135/209/163
f 116/202/157 127/210/164 137/219/171
f 138/211/165 137/219/171 127/210/164
f 137/219/171 138/211/165 114/200/155
f 114/200/155 138/211/165 113/199/154
f 113/199/154 138/211/165 131/215/168
f 129/212/166 131/215/168 138/211/165
f 116/202/157 137/219/171 115/201/156
f 114/200/155 115/201/156 137/219/171
f 328/220/139 100/221/141 329/222/172
f 40/223/61 329/222/172 100/221/141
f 97/224/134 95/225/133 139/226/140
f 139/226/140 95/225/133 101/227/142
f 102/228/143 101/227/142 95/225/133
f 101/227/142 102/228/143 39/229/59
f 103/230/144 39/229/59 102/228/143
f 39/229/59 103/230/144 110/231/60
f 705/232/58 27/233/39 141/234/173
f 140/235/174 141/234/173 27/233/39
f 705/236/58 141/237/173 142/238/175
f 142/238/175 141/237/173 143/239/176
f 143/239/176 141/237/173 144/240/177
f 140/241/174 144/240/177 141/237/173
f 144/240/177 140/241/174 804/242/178
f 144/240/177 145/243/179 143/239/176
f 143/239/176 145/243/179 146/244/180
f 147/245/181 146/244/180 145/243/179
f 146/244/180 147/245/181 148/246/182
f 149/247/183 148/246/182 147/245/181
f 142/238/175 143/239/176 20/248/32
f 146/244/180 20/248/32 143/239/176
f 20/249/32 146/250/180 19/251/30
f 148/252/182 19/251/30 146/250/180
f 150/253/184 151/254/185 152/255/186
f 602/256/187 152/255/186 151/254/185
f 589/257/188 153/258/189 154/259/190
f 586/260/191 154/259/190 153/258/189
f 801/54/46 155/261/192 156/52/44
f 156/52/44 155/261/192 157/262/193
f 159/263/194 157/262/193 155/261/192
f 157/262/193 159/263/194 158/264/195
f 158/264/195 159/263/194 160/265/196
f 161/266/197 160/265/196 159/263/194
f 162/267/198 160/265/196 161/266/197
f 160/265/196 162/267/198 163/268/199
f 51/269/73 163/268/199 162/267/198
f 49/270/71 163/268/199 51/269/73
f 47/271/68 163/268/199 49/270/71
f 163/268/199 47/271/68 164/272/200
f 11/273/16 164/272/200 47/271/68
f 11/273/16 165/274/201 164/272/200
f 164/272/200 165/274/201 166/275/202
f 375/276/203 166/275/202 165/274/201
f 167/277/204 166/275/202 375/276/203
f 166/275/202 167/277/204 168/278/205
f 169/279/206 168/278/205 167/277/204
f 168/278/205 169/279/206 170/280/207
f 604/281/208 612/282/209 606/283/210
f 171/284/211 606/283/210 612/282/209
f 172/285/212 606/283/210 171/284/211
f 606/283/210 172/285/212 609/286/213
f 81/148/114 84/149/118 83/287/117
f 86/150/119 83/287/117 84/149/118
f 83/287/117 86/150/119 180/288/214
f 87/151/120 180/288/214 86/150/119
f 180/288/214 87/151/120 173/289/215
f 88/152/121 173/289/215 87/151/120
f 163/268/199 164/272/200 160/265/196
f 166/275/202 160/265/196 164/272/200
f 160/265/196 166/275/202 158/264/195
f 168/278/205 158/264/195 166/275/202
f 158/264/195 168/278/205 157/262/193
f 170/280/207 157/262/193 168/278/205
f 157/262/193 170/280/207 156/52/44
f 169/279/206 29/49/41 170/280/207
f 30/50/42 170/280/207 29/49/41
f 170/280/207 30/50/42 156/52/44
f 64/290/94 65/291/96 175/292/216
f 174/293/217 175/292/216 65/291/96
f 670/294/218 175/292/216 174/293/217
f 175/292/216 670/294/218 429/295/219
f 176/296/220 543/297/221 575/298/222
f 177/299/223 575/298/222 543/297/221
f 580/300/224 575/298/222 177/299/223
f 575/298/222 580/300/224 178/301/225
f 26/45/38 21/46/31 88/302/121
f 19/303/30 88/302/121 21/46/31
f 88/302/121 19/303/30 173/304/215
f 148/305/182 173/304/215 19/303/30
f 173/304/215 148/305/182 179/306/226
f 149/307/183 179/306/226 148/305/182
f 179/306/226 149/307/183 806/308/227
f 173/304/215 179/306/226 180/309/214
f 180/309/214 179/306/226 181/310/228
f 806/308/227 181/310/228 179/306/226
f 805/311/229 181/310/228 806/308/227
f 181/310/228 805/311/229 188/312/230
f 182/313/231 188/312/230 805/311/229
f 188/312/230 182/313/231 183/314/232
f 184/315/233 183/314/232 182/313/231
f 183/314/232 184/315/233 185/316/234
f 186/317/235 185/316/234 184/315/233
f 181/310/228 188/312/230 180/309/214
f 180/309/214 188/312/230 187/318/236
f 187/318/236 188/312/230 374/319/237
f 183/314/232 374/319/237 188/312/230
f 374/319/237 183/314/232 169/320/206
f 185/316/234 169/320/206 183/314/232
f 169/320/206 185/316/234 29/321/41
f 189/322/238 29/321/41 185/316/234
f 185/316/234 186/317/235 189/322/238
f 190/323/239 189/322/238 186/317/235
f 189/322/238 190/323/239 140/324/174
f 804/325/178 140/324/174 190/323/239
f 140/324/174 27/326/39 189/322/238
f 29/321/41 189/322/238 27/326/39
f 191/327/240 193/328/241 192/329/242
f 192/329/242 193/328/241 194/330/243
f 194/330/243 193/328/241 195/331/244
f 196/332/245 195/331/244 193/328/241
f 195/331/244 196/332/245 197/333/246
f 198/334/247 197/333/246 196/332/245
f 197/333/246 198/334/247 199/335/248
f 200/336/249 199/335/248 198/334/247
f 199/335/248 200/336/249 201/337/250
f 1022/338/251 201/337/250 200/336/249
f 201/337/250 1022/338/251 335/339/252
f 202/340/253 335/339/252 1022/338/251
f 335/339/252 202/340/253 338/341/254
f 338/341/254 202/340/253 203/342/255
f 203/342/255 202/340/253 204/343/256
f 205/344/257 204/343/256 202/340/253
f 204/343/256 205/344/257 206/345/258
f 207/346/259 206/345/258 205/344/257
f 208/347/260 206/345/258 207/346/259
f 206/345/258 208/347/260 209/348/261
f 209/348/261 208/347/260 228/349/262
f 228/349/262 208/347/260 210/350/263
f 211/351/264 210/350/263 208/347/260
f 212/352/265 210/350/263 211/351/264
f 210/350/263 212/352/265 230/353/266
f 191/327/240 192/354/242 214/355/267
f 213/356/268 214/355/267 192/354/242
f 216/357/269 214/355/267 213/356/268
f 214/355/267 216/357/269 215/358/270
f 215/358/270 216/357/269 212/352/265
f 230/353/266 212/352/265 216/357/269
f 209/359/261 217/360/271 344/361/272
f 224/362/273 344/361/272 217/360/271
f 344/361/272 224/362/273 220/363/274
f 344/364/272 220/365/274 218/366/275
f 218/366/275 220/365/274 233/367/276
f 233/367/276 220/365/274 219/368/277
f 219/368/277 220/365/274 221/369/278
f 221/369/278 220/365/274 222/370/279
f 222/370/279 220/365/274 223/371/280
f 224/372/273 223/371/280 220/365/274
f 217/373/271 223/371/280 224/372/273
f 223/371/280 217/373/271 225/374/281
f 209/348/261 225/374/281 217/373/271
f 225/374/281 209/348/261 226/375/282
f 228/349/262 226/375/282 209/348/261
f 226/375/282 228/349/262 227/376/283
f 227/376/283 228/349/262 520/377/284
f 520/377/284 228/349/262 417/378/285
f 417/378/285 228/349/262 229/379/286
f 210/350/263 229/379/286 228/349/262
f 229/379/286 210/350/263 134/218/170
f 230/353/266 134/218/170 210/350/263
f 134/218/170 230/353/266 133/216/169
f 133/216/169 230/353/266 231/380/287
f 231/380/287 230/353/266 41/381/62
f 213/382/268 41/381/62 230/353/266
f 218/366/275 233/367/276 232/383/288
f 232/383/288 233/367/276 236/384/289
f 219/368/277 236/384/289 233/367/276
f 236/384/289 219/368/277 241/385/290
f 241/385/290 219/368/277 234/386/291
f 221/369/278 234/386/291 219/368/277
f 234/386/291 221/369/278 518/387/292
f 518/387/292 221/369/278 520/377/284
f 222/370/279 520/377/284 221/369/278
f 520/377/284 222/370/279 235/388/293
f 235/388/293 222/370/279 225/374/281
f 223/371/280 225/374/281 222/370/279
f 232/383/288 236/384/289 237/389/294
f 237/389/294 236/384/289 238/390/295
f 241/385/290 238/390/295 236/384/289
f 238/390/295 241/385/290 239/391/296
f 239/391/296 241/385/290 240/392/297
f 240/392/297 241/385/290 242/393/298
f 234/386/291 242/393/298 241/385/290
f 242/393/298 234/386/291 243/394/299
f 518/387/292 243/394/299 234/386/291
f 243/394/299 518/387/292 244/395/300
f 516/396/301 244/395/300 518/387/292
f 237/389/294 238/390/295 1015/397/302
f 1015/397/302 238/390/295 245/398/303
f 245/398/303 238/390/295 246/399/304
f 239/391/296 246/399/304 238/390/295
f 246/399/304 239/391/296 253/400/305
f 253/400/305 239/391/296 247/401/306
f 240/392/297 247/401/306 239/391/296
f 247/401/306 240/392/297 248/402/307
f 242/393/298 248/402/307 240/392/297
f 248/402/307 242/393/298 243/394/299
f 1015/397/302 245/398/303 249/403/308
f 249/403/308 245/398/303 250/404/309
f 246/399/304 250/404/309 245/398/303
f 250/404/309 246/399/304 251/405/310
f 253/400/305 251/405/310 246/399/304
f 251/405/310 253/400/305 252/406/311
f 252/406/311 253/400/305 254/407/312
f 255/408/313 254/407/312 253/400/305
f 257/409/314 254/407/312 255/408/313
f 254/407/312 257/409/314 256/410/315
f 256/410/315 257/409/314 258/411/316
f 368/412/317 258/411/316 257/409/314
f 225/374/281 226/375/282 235/388/293
f 227/376/283 235/388/293 226/375/282
f 235/388/293 227/376/283 520/377/284
f 357/413/318 259/414/319 260/415/320
f 260/415/320 259/414/319 359/416/321
f 261/417/322 359/416/321 259/414/319
f 262/418/323 263/419/324 264/420/325
f 265/421/326 264/420/325 263/419/324
f 249/403/308 250/404/309 266/422/327
f 266/422/327 250/404/309 270/423/328
f 270/423/328 250/404/309 262/424/323
f 251/405/310 262/424/323 250/404/309
f 262/424/323 251/405/310 263/425/324
f 252/406/311 263/425/324 251/405/310
f 263/425/324 252/406/311 267/426/329
f 254/407/312 267/426/329 252/406/311
f 256/410/315 267/426/329 254/407/312
f 267/426/329 256/410/315 268/427/330
f 503/428/331 268/427/330 256/410/315
f 266/422/327 270/423/328 269/429/332
f 269/429/332 270/423/328 274/430/333
f 262/424/323 274/430/333 270/423/328
f 264/431/325 274/430/333 262/424/323
f 274/430/333 264/431/325 279/432/334
f 279/432/334 264/431/325 281/433/335
f 265/434/326 281/433/335 264/431/325
f 281/433/335 265/434/326 271/435/336
f 271/435/336 265/434/326 272/436/337
f 267/437/329 272/436/337 265/434/326
f 269/429/332 274/430/333 273/438/338
f 273/438/338 274/430/333 275/439/339
f 279/432/334 275/439/339 274/430/333
f 275/439/339 279/432/334 276/440/340
f 276/440/340 279/432/334 277/441/341
f 277/441/341 279/432/334 278/442/342
f 278/442/342 279/432/334 280/443/343
f 281/433/335 280/443/343 279/432/334
f 271/435/336 280/443/343 281/433/335
f 280/443/343 271/435/336 498/444/344
f 498/444/344 271/435/336 497/445/345
f 282/446/346 497/445/345 271/435/336
f 273/438/338 275/439/339 283/447/347
f 276/440/340 283/447/347 275/439/339
f 283/447/347 276/440/340 261/448/322
f 277/441/341 261/448/322 276/440/340
f 261/448/322 277/441/341 284/449/348
f 278/442/342 284/449/348 277/441/341
f 284/449/348 278/442/342 285/450/349
f 285/450/349 278/442/342 498/444/344
f 280/443/343 498/444/344 278/442/342
f 1098/451/350 996/452/351 286/453/352
f 286/453/352 996/452/351 287/454/353
f 288/455/354 287/454/353 996/452/351
f 289/456/355 287/454/353 288/455/354
f 287/454/353 289/456/355 290/457/356
f 291/458/357 290/457/356 289/456/355
f 292/459/358 293/460/359 294/461/360
f 294/461/360 293/460/359 295/462/361
f 295/462/361 293/460/359 296/463/362
f 297/464/363 296/463/362 293/460/359
f 296/463/362 297/464/363 298/465/364
f 299/466/365 298/465/364 297/464/363
f 298/465/364 299/466/365 723/467/366
f 300/468/367 723/467/366 299/466/365
f 723/467/366 300/468/367 301/469/368
f 302/470/369 301/469/368 300/468/367
f 301/469/368 302/470/369 303/471/370
f 304/472/371 303/471/370 302/470/369
f 303/471/370 304/472/371 305/473/372
f 286/453/352 305/473/372 304/472/371
f 287/454/353 305/473/372 286/453/352
f 305/473/372 287/454/353 306/474/373
f 290/457/356 306/474/373 287/454/353
f 306/474/373 290/457/356 307/475/374
f 307/475/374 290/457/356 308/476/375
f 309/477/376 308/476/375 290/457/356
f 308/476/375 309/477/376 713/478/377
f 310/479/378 713/478/377 309/477/376
f 713/478/377 310/479/378 311/480/379
f 312/481/380 311/480/379 310/479/378
f 311/480/379 312/481/380 313/482/381
f 314/483/382 313/482/381 312/481/380
f 313/482/381 314/483/382 316/484/383
f 315/485/384 316/484/383 314/483/382
f 317/486/385 316/484/383 315/485/384
f 316/484/383 317/486/385 717/487/386
f 717/487/386 317/486/385 1008/488/387
f 1113/489/388 1008/488/387 317/486/385
f 318/490/389 1027/491/390 319/492/391
f 319/492/391 1027/491/390 320/493/392
f 320/493/392 1027/491/390 322/494/393
f 321/495/394 322/494/393 1027/491/390
f 323/496/395 322/494/393 321/495/394
f 322/494/393 323/496/395 324/497/396
f 322/494/393 324/497/396 320/498/392
f 320/498/392 324/497/396 98/171/136
f 98/171/136 324/497/396 325/196/152
f 325/196/152 324/497/396 420/499/397
f 420/499/397 324/497/396 326/500/398
f 323/496/395 326/500/398 324/497/396
f 326/500/398 323/496/395 1034/501/399
f 98/171/136 99/172/137 320/498/392
f 327/173/138 320/498/392 99/172/137
f 320/498/392 327/173/138 319/502/391
f 319/502/391 327/173/138 194/330/243
f 194/330/243 327/173/138 330/503/400
f 328/174/139 330/503/400 327/173/138
f 329/504/172 330/503/400 328/174/139
f 40/179/61 330/503/400 329/504/172
f 42/505/63 330/503/400 40/179/61
f 330/503/400 42/505/63 192/329/242
f 41/381/62 192/329/242 42/505/63
f 192/329/242 41/381/62 213/382/268
f 319/502/391 194/330/243 318/490/389
f 318/490/389 194/330/243 331/506/401
f 195/331/244 331/506/401 194/330/243
f 331/506/401 195/331/244 1030/507/402
f 197/333/246 1030/507/402 195/331/244
f 1030/507/402 197/333/246 332/508/403
f 199/335/248 332/508/403 197/333/246
f 201/337/250 332/508/403 199/335/248
f 332/508/403 201/337/250 333/509/404
f 335/339/252 333/509/404 201/337/250
f 333/509/404 335/339/252 334/510/405
f 334/510/405 335/339/252 336/511/406
f 338/341/254 336/511/406 335/339/252
f 336/511/406 338/341/254 337/512/407
f 337/512/407 338/341/254 349/513/408
f 349/513/408 338/341/254 339/514/409
f 339/514/409 338/341/254 340/515/410
f 203/342/255 340/515/410 338/341/254
f 340/515/410 203/342/255 341/516/411
f 204/343/256 341/516/411 203/342/255
f 341/516/411 204/343/256 342/517/412
f 206/345/258 342/517/412 204/343/256
f 342/517/412 206/345/258 343/518/413
f 209/348/261 343/518/413 206/345/258
f 344/364/272 343/518/413 209/348/261
f 997/519/414 343/518/413 344/364/272
f 343/518/413 997/519/414 342/517/412
f 345/520/415 342/517/412 997/519/414
f 342/517/412 345/520/415 341/516/411
f 346/521/416 341/516/411 345/520/415
f 1018/522/417 341/516/411 346/521/416
f 341/516/411 1018/522/417 340/515/410
f 340/515/410 1018/522/417 339/514/409
f 347/523/418 339/514/409 1018/522/417
f 348/524/419 339/514/409 347/523/418
f 339/514/409 348/524/419 349/513/408
f 349/513/408 348/524/419 351/525/420
f 350/526/421 351/525/420 348/524/419
f 352/527/422 351/525/420 350/526/421
f 351/525/420 352/527/422 362/528/423
f 353/529/424 362/528/423 352/527/422
f 362/528/423 353/529/424 354/530/425
f 259/531/319 354/530/425 353/529/424
f 357/532/318 354/530/425 259/531/319
f 354/530/425 357/532/318 365/533/426
f 365/533/426 357/532/318 355/534/427
f 355/534/427 357/532/318 356/535/428
f 356/535/428 357/532/318 358/536/429
f 260/537/320 358/536/429 357/532/318
f 358/536/429 260/537/320 360/538/430
f 359/539/321 360/538/430 260/537/320
f 261/448/322 360/538/430 359/539/321
f 360/538/430 261/448/322 361/540/431
f 284/449/348 361/540/431 261/448/322
f 361/540/431 284/449/348 621/541/432
f 285/450/349 621/541/432 284/449/348
f 621/541/432 285/450/349 623/542/433
f 354/530/425 365/533/426 362/528/423
f 362/528/423 365/533/426 363/543/434
f 363/543/434 365/533/426 364/544/435
f 364/544/435 365/533/426 366/545/436
f 355/534/427 366/545/436 365/533/426
f 364/544/435 336/511/406 363/543/434
f 337/512/407 363/543/434 336/511/406
f 363/543/434 337/512/407 351/525/420
f 349/513/408 351/525/420 337/512/407
f 257/409/314 367/546/437 368/412/317
f 368/412/317 367/546/437 369/547/438
f 369/547/438 367/548/437 370/549/439
f 372/550/440 370/549/439 367/548/437
f 370/549/439 372/550/440 371/551/441
f 371/551/441 372/550/440 248/402/307
f 247/401/306 248/402/307 372/550/440
f 253/552/305 247/553/306 255/554/313
f 372/555/440 255/554/313 247/553/306
f 367/556/437 257/557/314 372/558/440
f 255/559/313 372/558/440 257/557/314
f 1/560/2 78/140/1 759/561/442
f 79/141/113 759/561/442 78/140/1
f 759/561/442 79/141/113 757/562/443
f 80/143/115 757/562/443 79/141/113
f 757/562/443 80/143/115 373/563/444
f 82/144/116 373/563/444 80/143/115
f 373/563/444 82/144/116 755/564/445
f 755/564/445 82/144/116 376/565/446
f 376/565/446 82/144/116 187/318/236
f 83/145/117 187/318/236 82/144/116
f 187/318/236 83/145/117 180/309/214
f 187/318/236 374/319/237 376/565/446
f 376/565/446 374/319/237 375/566/203
f 375/566/203 374/319/237 167/567/204
f 169/320/206 167/567/204 374/319/237
f 755/564/445 376/565/446 377/568/447
f 377/568/447 376/565/446 378/569/448
f 375/566/203 378/569/448 376/565/446
f 165/570/201 378/569/448 375/566/203
f 378/569/448 165/570/201 379/571/449
f 11/572/16 379/571/449 165/570/201
f 379/571/449 11/572/16 7/573/9
f 7/573/9 8/574/10 379/571/449
f 380/575/450 379/571/449 8/574/10
f 379/571/449 380/575/450 378/569/448
f 377/568/447 378/569/448 380/575/450
f 381/576/451 383/577/452 382/578/453
f 382/578/453 383/577/452 388/579/454
f 388/579/454 383/577/452 384/580/455
f 384/580/455 383/577/452 385/581/456
f 381/582/451 385/581/456 383/577/452
f 386/583/457 385/581/456 381/582/451
f 385/581/456 386/583/457 392/584/25
f 387/585/458 392/584/25 386/583/457
f 392/584/25 387/585/458 14/586/22
f 382/578/453 388/579/454 807/587/459
f 807/587/459 388/579/454 400/588/460
f 400/588/460 388/579/454 403/589/461
f 403/589/461 388/579/454 389/590/462
f 384/580/455 389/590/462 388/579/454
f 389/590/462 384/580/455 390/591/463
f 390/591/463 384/580/455 391/592/464
f 385/581/456 391/592/464 384/580/455
f 392/584/25 391/592/464 385/581/456
f 16/593/24 391/592/464 392/584/25
f 391/592/464 16/593/24 393/594/465
f 393/594/465 16/593/24 394/595/466
f 15/596/23 394/595/466 16/593/24
f 13/597/21 394/595/466 15/596/23
f 394/595/466 13/597/21 395/598/467
f 395/598/467 13/597/21 406/599/468
f 397/600/20 406/599/468 13/597/21
f 406/599/468 397/600/20 396/601/469
f 396/601/469 397/600/20 398/602/470
f 398/602/470 397/600/20 399/603/471
f 14/586/22 399/603/471 397/600/20
f 399/603/471 14/586/22 387/585/458
f 807/587/459 400/588/460 401/604/472
f 401/604/472 400/588/460 410/605/473
f 403/589/461 410/605/473 400/588/460
f 410/605/473 403/589/461 402/606/474
f 402/606/474 403/589/461 404/607/475
f 404/607/475 403/589/461 405/608/476
f 389/590/462 405/608/476 403/589/461
f 390/591/463 405/608/476 389/590/462
f 405/608/476 390/591/463 394/595/466
f 394/595/466 390/591/463 393/594/465
f 391/592/464 393/594/465 390/591/463
f 405/608/476 394/595/466 404/607/475
f 395/598/467 404/607/475 394/595/466
f 406/599/468 404/607/475 395/598/467
f 404/607/475 406/599/468 407/609/477
f 407/609/477 406/599/468 409/610/478
f 396/601/469 409/610/478 406/599/468
f 409/610/478 396/601/469 408/611/479
f 398/602/470 408/611/479 396/601/469
f 404/607/475 407/609/477 402/606/474
f 409/610/478 402/606/474 407/609/477
f 402/606/474 409/610/478 410/605/473
f 410/605/473 409/610/478 411/612/480
f 408/611/479 411/612/480 409/610/478
f 32/101/47 58/103/85 33/217/48
f 33/217/48 58/103/85 415/613/481
f 412/104/86 415/613/481 58/103/85
f 415/613/481 412/104/86 416/614/482
f 416/614/482 412/104/86 17/615/26
f 17/615/26 412/104/86 616/616/483
f 60/105/87 616/616/483 412/104/86
f 616/616/483 60/105/87 413/617/484
f 59/102/84 413/617/484 60/105/87
f 414/618/122 413/617/484 59/102/84
f 413/617/484 414/618/122 421/619/485
f 421/619/485 414/618/122 53/207/79
f 54/96/81 53/207/79 414/618/122
f 33/217/48 415/613/481 134/218/170
f 134/218/170 415/613/481 229/379/286
f 416/614/482 229/379/286 415/613/481
f 229/379/286 416/614/482 417/378/285
f 417/378/285 416/614/482 517/620/28
f 17/615/26 517/620/28 416/614/482
f 41/381/62 110/197/60 231/380/287
f 111/198/153 231/380/287 110/197/60
f 231/380/287 111/198/153 133/216/169
f 133/216/169 111/198/153 131/215/168
f 113/199/154 131/215/168 111/198/153
f 25/129/37 26/621/38 71/128/105
f 88/152/121 71/128/105 26/621/38
f 24/42/36 797/622/486 418/41/35
f 418/41/35 797/622/486 703/623/487
f 419/624/488 703/623/487 797/622/486
f 703/623/487 419/624/488 38/66/56
f 37/65/55 38/66/56 419/624/488
f 325/196/152 420/499/397 53/207/79
f 53/207/79 420/499/397 421/619/485
f 421/619/485 420/499/397 422/625/489
f 326/500/398 422/625/489 420/499/397
f 422/625/489 326/500/398 423/626/490
f 1034/501/399 423/626/490 326/500/398
f 355/534/427 423/626/490 1034/501/399
f 356/535/428 423/626/490 355/534/427
f 423/626/490 356/535/428 424/627/491
f 424/627/491 356/535/428 425/628/492
f 358/536/429 425/628/492 356/535/428
f 425/628/492 358/536/429 361/540/431
f 360/538/430 361/540/431 358/536/429
f 651/629/493 426/630/494 427/631/495
f 427/631/495 426/630/494 655/632/496
f 655/632/496 426/630/494 657/633/497
f 648/634/498 657/633/497 426/630/494
f 435/635/499 428/636/500 429/637/219
f 429/637/219 428/636/500 175/638/216
f 175/638/216 428/636/500 64/639/94
f 431/640/501 64/639/94 428/636/500
f 64/641/94 431/642/501 430/643/95
f 430/643/95 431/642/501 692/644/502
f 692/644/502 431/642/501 693/645/503
f 693/645/503 431/642/501 432/646/504
f 428/647/500 432/646/504 431/642/501
f 435/648/499 432/646/504 428/647/500
f 432/646/504 435/648/499 433/649/505
f 433/649/505 435/648/499 434/650/506
f 434/650/506 435/648/499 436/651/507
f 436/651/507 435/648/499 437/652/508
f 429/653/219 437/652/508 435/648/499
f 437/652/508 429/653/219 670/654/218
f 438/655/509 439/656/510 586/657/191
f 586/657/191 439/656/510 154/658/190
f 440/659/511 154/658/190 439/656/510
f 154/658/190 440/659/511 441/660/512
f 476/661/513 442/662/514 152/663/186
f 152/663/186 442/662/514 150/664/184
f 443/665/515 150/664/184 442/662/514
f 150/664/184 443/665/515 444/666/516
f 790/667/517 445/668/518 789/669/519
f 789/669/519 445/668/518 462/670/520
f 448/671/521 462/670/520 445/668/518
f 462/670/520 448/671/521 446/672/522
f 446/672/522 448/671/521 447/673/523
f 447/673/523 448/671/521 449/674/524
f 450/675/525 449/674/524 448/671/521
f 449/674/524 450/675/525 451/676/526
f 633/677/527 451/676/526 450/675/525
f 451/676/526 633/677/527 467/678/528
f 467/678/528 633/677/527 452/679/529
f 632/680/530 452/679/529 633/677/527
f 452/679/529 632/680/530 453/681/531
f 793/682/532 453/681/531 632/680/530
f 454/683/533 453/681/531 793/682/532
f 453/681/531 454/683/533 455/684/534
f 456/685/535 455/684/534 454/683/533
f 455/684/534 456/685/535 457/686/536
f 458/687/537 457/686/536 456/685/535
f 457/686/536 458/687/537 459/688/538
f 460/689/539 459/688/538 458/687/537
f 459/688/538 460/689/539 471/690/540
f 789/669/519 462/670/520 461/691/541
f 461/691/541 462/670/520 463/692/542
f 446/672/522 463/692/542 462/670/520
f 463/692/542 446/672/522 502/693/543
f 502/693/543 446/672/522 464/694/544
f 447/673/523 464/694/544 446/672/522
f 464/694/544 447/673/523 465/695/545
f 465/695/545 447/673/523 466/696/546
f 449/674/524 466/696/546 447/673/523
f 466/696/546 449/674/524 504/697/547
f 451/676/526 504/697/547 449/674/524
f 504/697/547 451/676/526 505/698/125
f 467/678/528 505/698/125 451/676/526
f 505/698/125 467/678/528 489/699/123
f 489/699/123 467/678/528 468/700/548
f 452/679/529 468/700/548 467/678/528
f 468/700/548 452/679/529 469/701/549
f 453/681/531 469/701/549 452/679/529
f 455/684/534 469/701/549 453/681/531
f 469/701/549 455/684/534 483/702/550
f 457/686/536 483/702/550 455/684/534
f 483/702/550 457/686/536 478/703/551
f 459/688/538 478/703/551 457/686/536
f 478/703/551 459/688/538 470/704/552
f 459/688/538 471/690/540 470/704/552
f 470/704/552 471/690/540 443/705/515
f 443/705/515 471/690/540 472/706/553
f 472/706/553 471/690/540 473/707/554
f 460/689/539 473/707/554 471/690/540
f 443/705/515 442/708/514 470/704/552
f 470/704/552 442/708/514 479/709/555
f 476/710/513 479/709/555 442/708/514
f 479/709/555 476/710/513 474/711/556
f 474/711/556 476/710/513 475/712/557
f 475/712/557 476/713/513 639/714/558
f 639/714/558 476/713/513 477/715/559
f 152/716/186 477/715/559 476/713/513
f 602/717/187 477/715/559 152/716/186
f 477/715/559 602/717/187 607/718/560
f 470/704/552 479/709/555 478/703/551
f 478/703/551 479/709/555 482/719/561
f 474/711/556 482/719/561 479/709/555
f 482/719/561 474/711/556 486/720/562
f 486/720/562 474/711/556 480/721/563
f 475/712/557 480/721/563 474/711/556
f 480/721/563 475/712/557 481/722/564
f 638/723/565 481/722/564 475/712/557
f 478/703/551 482/719/561 483/702/550
f 483/702/550 482/719/561 484/724/566
f 486/720/562 484/724/566 482/719/561
f 484/724/566 486/720/562 485/725/567
f 485/725/567 486/720/562 490/726/568
f 490/726/568 486/720/562 487/727/569
f 480/721/563 487/727/569 486/720/562
f 487/727/569 480/721/563 635/728/570
f 481/722/564 635/728/570 480/721/563
f 635/728/570 481/722/564 488/729/571
f 483/702/550 484/724/566 469/701/549
f 469/701/549 484/724/566 468/700/548
f 485/725/567 468/700/548 484/724/566
f 468/700/548 485/725/567 489/699/123
f 489/699/123 485/725/567 89/730/124
f 490/726/568 89/730/124 485/725/567
f 89/730/124 490/726/568 493/731/572
f 493/731/572 490/726/568 491/732/573
f 491/732/573 490/726/568 492/733/574
f 487/727/569 492/733/574 490/726/568
f 89/730/124 493/731/572 90/734/127
f 90/734/127 493/731/572 282/446/346
f 282/446/346 493/731/572 496/735/575
f 491/732/573 496/735/575 493/731/572
f 496/735/575 491/732/573 494/736/576
f 494/736/576 491/732/573 495/737/577
f 492/733/574 495/737/577 491/732/573
f 282/446/346 496/735/575 497/445/345
f 497/445/345 496/735/575 498/444/344
f 498/444/344 496/735/575 499/738/578
f 499/738/578 496/735/575 500/739/579
f 494/736/576 500/739/579 496/735/575
f 500/739/579 494/736/576 662/740/580
f 461/691/541 463/692/542 796/741/581
f 796/741/581 463/692/542 562/742/582
f 502/693/543 562/742/582 463/692/542
f 562/742/582 502/693/543 501/743/583
f 501/743/583 502/693/543 521/744/584
f 464/694/544 521/744/584 502/693/543
f 521/744/584 464/694/544 507/745/585
f 465/695/545 507/745/585 464/694/544
f 507/745/585 465/695/545 368/412/317
f 368/412/317 465/695/545 258/411/316
f 466/696/546 258/411/316 465/695/545
f 258/411/316 466/696/546 503/428/331
f 504/697/547 503/428/331 466/696/546
f 505/698/125 503/428/331 504/697/547
f 506/746/126 503/428/331 505/698/125
f 91/747/128 503/428/331 506/746/126
f 503/428/331 91/747/128 268/427/330
f 267/437/329 268/427/330 91/747/128
f 368/412/317 369/748/438 507/745/585
f 507/745/585 369/547/438 522/749/586
f 522/749/586 369/547/438 508/750/587
f 370/549/439 508/750/587 369/547/438
f 508/750/587 370/549/439 509/751/588
f 371/551/441 509/751/588 370/549/439
f 509/751/588 371/551/441 510/752/589
f 511/753/590 510/752/589 371/551/441
f 371/551/441 248/402/307 511/753/590
f 243/394/299 511/753/590 248/402/307
f 511/753/590 243/394/299 512/754/591
f 244/395/300 512/754/591 243/394/299
f 512/754/591 244/395/300 94/755/132
f 514/756/592 94/755/132 244/395/300
f 94/755/132 514/756/592 93/757/131
f 93/757/131 514/756/592 513/758/593
f 513/758/593 514/756/592 550/759/594
f 550/759/594 514/756/592 515/760/595
f 244/395/300 515/760/595 514/756/592
f 515/760/595 244/395/300 18/761/29
f 244/395/300 516/396/301 18/761/29
f 18/761/29 516/396/301 517/620/28
f 517/620/28 516/396/301 519/762/596
f 518/387/292 519/762/596 516/396/301
f 520/377/284 519/762/596 518/387/292
f 417/378/285 519/762/596 520/377/284
f 519/762/596 417/378/285 517/620/28
f 507/745/585 522/749/586 521/744/584
f 521/744/584 522/749/586 525/763/597
f 525/763/597 522/749/586 523/764/598
f 508/750/587 523/764/598 522/749/586
f 523/764/598 508/750/587 524/765/599
f 509/751/588 524/765/599 508/750/587
f 524/765/599 509/751/588 531/766/600
f 521/744/584 525/763/597 501/743/583
f 501/743/583 525/763/597 565/767/601
f 565/767/601 525/763/597 526/768/602
f 523/764/598 526/768/602 525/763/597
f 526/768/602 523/764/598 527/769/603
f 524/765/599 527/769/603 523/764/598
f 527/769/603 524/765/599 528/770/604
f 529/771/605 528/770/604 524/765/599
f 524/765/599 531/766/600 529/771/605
f 529/771/605 531/766/600 538/772/606
f 538/772/606 531/766/600 530/773/607
f 530/773/607 531/766/600 92/774/130
f 92/774/130 531/766/600 532/775/608
f 509/751/588 532/775/608 531/766/600
f 532/775/608 509/751/588 510/752/589
f 92/774/130 534/776/129 530/773/607
f 530/773/607 534/776/129 533/777/609
f 533/777/609 534/776/129 541/778/610
f 541/778/610 534/776/129 544/779/611
f 544/779/611 534/776/129 535/780/612
f 93/757/131 535/780/612 534/776/129
f 513/758/593 535/780/612 93/757/131
f 535/780/612 513/758/593 536/781/613
f 529/771/605 538/772/606 528/770/604
f 528/770/604 538/772/606 537/782/614
f 537/782/614 538/772/606 539/783/615
f 530/773/607 539/783/615 538/772/606
f 533/777/609 539/783/615 530/773/607
f 539/783/615 533/777/609 540/784/616
f 573/785/617 540/784/616 533/777/609
f 510/752/589 511/753/590 532/775/608
f 512/754/591 532/775/608 511/753/590
f 94/755/132 532/775/608 512/754/591
f 532/775/608 94/755/132 92/774/130
f 533/777/609 541/778/610 573/785/617
f 573/785/617 541/778/610 542/786/618
f 542/786/618 541/778/610 176/787/220
f 544/779/611 176/787/220 541/778/610
f 176/787/220 544/779/611 543/788/221
f 543/788/221 544/779/611 545/789/619
f 535/780/612 545/789/619 544/779/611
f 536/781/613 545/789/619 535/780/612
f 545/789/619 536/781/613 546/790/620
f 546/790/620 536/781/613 547/791/621
f 548/792/622 547/791/621 536/781/613
f 536/781/613 513/758/593 548/792/622
f 550/759/594 548/792/622 513/758/593
f 548/792/622 550/759/594 554/793/623
f 554/793/623 550/759/594 549/794/624
f 549/794/624 550/759/594 551/795/625
f 515/760/595 551/795/625 550/759/594
f 551/795/625 515/760/595 552/796/626
f 18/761/29 552/796/626 515/760/595
f 552/796/626 18/761/29 617/797/27
f 548/792/622 554/793/623 547/791/621
f 547/791/621 554/793/623 553/798/627
f 553/798/627 554/793/623 810/799/53
f 810/799/53 554/793/623 35/800/51
f 35/800/51 554/793/623 555/801/628
f 549/794/624 555/801/628 554/793/623
f 555/801/628 549/794/624 560/802/629
f 551/795/625 560/802/629 549/794/624
f 560/802/629 551/795/625 556/803/630
f 35/800/51 555/801/628 557/804/52
f 557/804/52 555/801/628 558/805/631
f 560/802/629 558/805/631 555/801/628
f 558/805/631 560/802/629 559/806/632
f 559/806/632 560/802/629 561/807/633
f 556/803/630 561/807/633 560/802/629
f 796/741/581 562/742/582 798/808/634
f 798/808/634 562/742/582 563/809/635
f 501/743/583 563/809/635 562/742/582
f 565/767/601 563/809/635 501/743/583
f 563/809/635 565/767/601 564/810/636
f 564/810/636 565/767/601 566/811/637
f 526/768/602 566/811/637 565/767/601
f 566/811/637 526/768/602 567/812/638
f 526/768/602 527/769/603 567/812/638
f 567/812/638 527/769/603 568/813/639
f 528/770/604 568/813/639 527/769/603
f 568/813/639 528/770/604 572/814/640
f 537/782/614 572/814/640 528/770/604
f 572/814/640 537/782/614 569/815/641
f 539/783/615 569/815/641 537/782/614
f 569/815/641 539/783/615 540/784/616
f 798/808/634 563/809/635 570/816/642
f 564/810/636 570/816/642 563/809/635
f 570/816/642 564/810/636 584/817/643
f 566/811/637 584/817/643 564/810/636
f 584/817/643 566/811/637 438/818/509
f 567/812/638 438/818/509 566/811/637
f 438/818/509 567/812/638 439/819/510
f 440/820/511 439/819/510 567/812/638
f 567/812/638 568/813/639 440/820/511
f 572/814/640 440/820/511 568/813/639
f 440/820/511 572/814/640 571/821/644
f 571/821/644 572/814/640 559/806/632
f 569/815/641 559/806/632 572/814/640
f 559/806/632 569/815/641 540/784/616
f 559/806/632 540/784/616 558/805/631
f 573/785/617 558/805/631 540/784/616
f 558/805/631 573/785/617 557/804/52
f 557/804/52 573/785/617 808/822/54
f 542/786/618 808/822/54 573/785/617
f 808/822/54 542/786/618 574/823/645
f 176/787/220 574/823/645 542/786/618
f 176/787/220 575/824/222 574/823/645
f 574/823/645 575/824/222 576/825/646
f 576/825/646 575/824/222 577/826/647
f 178/827/225 577/826/647 575/824/222
f 577/826/647 178/827/225 578/828/648
f 580/829/224 578/828/648 178/827/225
f 578/828/648 580/829/224 579/830/649
f 579/830/649 580/829/224 581/831/650
f 581/831/650 580/829/224 582/832/651
f 582/832/651 580/829/224 583/833/652
f 177/834/223 583/833/652 580/829/224
f 543/788/221 583/833/652 177/834/223
f 545/789/619 583/833/652 543/788/221
f 583/833/652 545/789/619 546/790/620
f 570/816/642 584/817/643 799/835/653
f 799/835/653 584/817/643 800/836/654
f 800/836/654 584/817/643 585/837/655
f 438/818/509 585/837/655 584/817/643
f 586/838/191 585/837/655 438/818/509
f 153/839/189 585/837/655 586/838/191
f 585/837/655 153/839/189 587/840/656
f 587/840/656 153/839/189 588/841/657
f 595/842/658 588/841/657 153/839/189
f 153/839/189 589/843/188 595/842/658
f 595/842/658 589/843/188 596/844/659
f 596/844/659 589/843/188 597/845/660
f 154/846/190 597/845/660 589/843/188
f 441/847/512 597/845/660 154/846/190
f 597/845/660 441/847/512 590/848/661
f 590/848/661 441/847/512 561/807/633
f 440/849/511 561/807/633 441/847/512
f 571/821/644 561/807/633 440/849/511
f 561/807/633 571/821/644 559/806/632
f 473/707/554 591/850/662 472/706/553
f 472/706/553 591/850/662 599/851/663
f 592/852/664 599/851/663 591/850/662
f 594/853/665 599/851/663 592/852/664
f 599/851/663 594/853/665 593/854/666
f 593/854/666 594/853/665 588/841/657
f 803/855/667 588/841/657 594/853/665
f 588/841/657 803/855/667 587/840/656
f 802/856/668 587/840/656 803/855/667
f 587/840/656 802/856/668 585/837/655
f 800/836/654 585/837/655 802/856/668
f 588/841/657 595/842/658 593/854/666
f 593/854/666 595/842/658 600/857/669
f 596/844/659 600/857/669 595/842/658
f 600/857/669 596/844/659 151/858/185
f 151/858/185 596/844/659 601/859/670
f 597/845/660 601/859/670 596/844/659
f 601/859/670 597/845/660 603/860/671
f 603/860/671 597/845/660 598/861/672
f 590/848/661 598/861/672 597/845/660
f 593/854/666 600/857/669 599/851/663
f 599/851/663 600/857/669 444/862/516
f 444/862/516 600/857/669 150/863/184
f 151/858/185 150/863/184 600/857/669
f 599/851/663 444/862/516 472/706/553
f 443/705/515 472/706/553 444/862/516
f 151/858/185 601/859/670 602/717/187
f 602/717/187 601/859/670 607/718/560
f 603/860/671 607/718/560 601/859/670
f 607/718/560 603/860/671 604/864/208
f 604/864/208 603/860/671 605/865/673
f 598/861/672 605/865/673 603/860/671
f 605/865/673 598/861/672 590/848/661
f 604/864/208 606/866/210 607/718/560
f 607/718/560 606/866/210 477/715/559
f 609/867/213 477/715/559 606/866/210
f 477/715/559 609/867/213 608/868/674
f 608/868/674 609/867/213 610/869/675
f 172/870/212 610/869/675 609/867/213
f 610/869/675 172/870/212 43/871/64
f 43/871/64 172/870/212 44/872/65
f 171/873/211 44/872/65 172/870/212
f 44/872/65 171/873/211 611/874/676
f 171/873/211 612/875/209 611/874/676
f 611/874/676 612/875/209 615/876/677
f 615/876/677 612/875/209 618/877/678
f 618/877/678 612/875/209 613/878/679
f 604/864/208 613/878/679 612/875/209
f 605/865/673 613/878/679 604/864/208
f 613/878/679 605/865/673 614/879/680
f 590/848/661 614/879/680 605/865/673
f 614/879/680 590/848/661 561/807/633
f 44/872/65 611/874/676 46/880/67
f 615/876/677 46/880/67 611/874/676
f 46/880/67 615/876/677 616/616/483
f 616/616/483 615/876/677 17/615/26
f 618/877/678 17/615/26 615/876/677
f 17/615/26 618/877/678 617/797/27
f 617/797/27 618/877/678 619/881/681
f 613/878/679 619/881/681 618/877/678
f 614/879/680 619/881/681 613/878/679
f 619/881/681 614/879/680 556/803/630
f 561/807/633 556/803/630 614/879/680
f 616/616/483 413/617/484 46/880/67
f 46/880/67 413/617/484 620/882/682
f 421/619/485 620/882/682 413/617/484
f 422/625/489 620/882/682 421/619/485
f 620/882/682 422/625/489 622/883/683
f 423/626/490 622/883/683 422/625/489
f 622/883/683 423/626/490 621/541/432
f 424/627/491 621/541/432 423/626/490
f 425/628/492 621/541/432 424/627/491
f 621/541/432 425/628/492 361/540/431
f 621/541/432 623/542/433 622/883/683
f 622/883/683 623/542/433 45/884/66
f 45/884/66 623/542/433 624/885/684
f 285/450/349 624/885/684 623/542/433
f 624/885/684 285/450/349 625/886/685
f 498/444/344 625/886/685 285/450/349
f 499/738/578 625/886/685 498/444/344
f 500/739/579 625/886/685 499/738/578
f 625/886/685 500/739/579 628/887/686
f 662/740/580 628/887/686 500/739/579
f 45/884/66 624/885/684 43/871/64
f 625/886/685 43/871/64 624/885/684
f 43/871/64 625/886/685 626/888/687
f 628/887/686 626/888/687 625/886/685
f 626/888/687 628/887/686 627/889/688
f 627/889/688 628/887/686 663/890/689
f 662/740/580 663/890/689 628/887/686
f 43/871/64 626/888/687 610/869/675
f 610/869/675 626/888/687 629/891/690
f 629/891/690 626/888/687 630/892/691
f 627/889/688 630/892/691 626/888/687
f 630/892/691 627/889/688 644/893/692
f 644/893/692 627/889/688 646/894/693
f 663/890/689 646/894/693 627/889/688
f 646/894/693 663/890/689 631/895/694
f 665/896/695 631/895/694 663/890/689
f 622/883/683 45/884/66 620/882/682
f 46/880/67 620/882/682 45/884/66
f 617/797/27 619/881/681 552/796/626
f 556/803/630 552/796/626 619/881/681
f 552/796/626 556/803/630 551/795/625
f 793/897/532 632/898/530 791/899/696
f 791/899/696 632/898/530 634/900/697
f 633/901/527 634/900/697 632/898/530
f 450/902/525 634/900/697 633/901/527
f 634/900/697 450/902/525 445/903/518
f 448/904/521 445/903/518 450/902/525
f 445/903/518 790/905/517 634/900/697
f 791/899/696 634/900/697 790/905/517
f 487/727/569 635/728/570 492/733/574
f 492/733/574 635/728/570 495/737/577
f 488/729/571 495/737/577 635/728/570
f 495/737/577 488/729/571 659/906/698
f 659/906/698 488/729/571 636/907/699
f 636/907/699 488/729/571 661/908/700
f 637/909/701 661/908/700 488/729/571
f 488/729/571 481/722/564 637/909/701
f 638/723/565 637/909/701 481/722/564
f 637/909/701 638/723/565 641/910/702
f 641/910/702 638/723/565 640/911/703
f 640/911/703 638/723/565 639/714/558
f 475/712/557 639/714/558 638/723/565
f 477/715/559 608/868/674 639/714/558
f 639/714/558 608/868/674 640/911/703
f 610/869/675 640/911/703 608/868/674
f 629/891/690 640/911/703 610/869/675
f 640/911/703 629/891/690 642/912/704
f 630/892/691 642/912/704 629/891/690
f 642/912/704 630/892/691 644/893/692
f 640/911/703 642/912/704 641/910/702
f 641/910/702 642/912/704 666/913/705
f 644/893/692 666/913/705 642/912/704
f 666/913/705 644/893/692 643/914/706
f 643/914/706 644/893/692 645/915/707
f 646/894/693 645/915/707 644/893/692
f 631/895/694 645/915/707 646/894/693
f 645/915/707 631/895/694 657/916/497
f 647/917/708 657/916/497 631/895/694
f 657/916/497 648/918/498 645/915/707
f 645/915/707 648/918/498 643/914/706
f 643/914/706 648/918/498 649/919/709
f 426/920/494 649/919/709 648/918/498
f 649/919/709 426/920/494 669/921/710
f 669/921/710 426/920/494 650/922/711
f 651/923/493 650/922/711 426/920/494
f 650/922/711 651/923/493 695/924/712
f 695/924/712 651/923/493 652/925/713
f 427/926/495 652/925/713 651/923/493
f 652/925/713 427/926/495 653/927/714
f 653/927/714 427/926/495 654/928/715
f 654/928/715 427/926/495 656/929/716
f 655/930/496 656/929/716 427/926/495
f 657/916/497 656/929/716 655/930/496
f 647/917/708 656/929/716 657/916/497
f 656/929/716 647/917/708 671/931/717
f 671/931/717 647/917/708 658/932/718
f 658/932/718 647/917/708 665/896/695
f 631/895/694 665/896/695 647/917/708
f 495/737/577 659/906/698 494/736/576
f 494/736/576 659/906/698 660/933/719
f 636/907/699 660/933/719 659/906/698
f 660/933/719 636/907/699 436/651/507
f 661/908/700 436/651/507 636/907/699
f 436/651/507 661/908/700 434/650/506
f 434/650/506 661/908/700 667/934/720
f 637/909/701 667/934/720 661/908/700
f 667/934/720 637/909/701 641/910/702
f 494/736/576 660/933/719 662/740/580
f 662/740/580 660/933/719 664/935/721
f 664/935/721 660/933/719 437/652/508
f 436/651/507 437/652/508 660/933/719
f 662/740/580 664/935/721 663/890/689
f 663/890/689 664/935/721 665/896/695
f 665/896/695 664/935/721 670/654/218
f 437/652/508 670/654/218 664/935/721
f 641/910/702 666/913/705 667/934/720
f 667/934/720 666/913/705 668/936/722
f 643/914/706 668/936/722 666/913/705
f 649/919/709 668/936/722 643/914/706
f 668/936/722 649/919/709 433/649/505
f 669/921/710 433/649/505 649/919/709
f 433/649/505 669/921/710 432/646/504
f 432/646/504 669/921/710 693/645/503
f 650/922/711 693/645/503 669/921/710
f 667/934/720 668/936/722 434/650/506
f 433/649/505 434/650/506 668/936/722
f 665/896/695 670/654/218 658/932/718
f 658/932/718 670/654/218 671/931/717
f 174/937/217 671/931/717 670/654/218
f 65/938/96 671/931/717 174/937/217
f 671/931/717 65/938/96 672/939/723
f 66/940/97 672/939/723 65/938/96
f 672/939/723 66/940/97 673/941/724
f 673/941/724 66/940/97 676/942/725
f 674/943/726 676/942/725 66/940/97
f 656/929/716 671/931/717 654/928/715
f 672/939/723 654/928/715 671/931/717
f 654/928/715 672/939/723 675/944/727
f 673/941/724 675/944/727 672/939/723
f 675/944/727 673/941/724 679/945/728
f 676/942/725 679/945/728 673/941/724
f 679/945/728 676/942/725 682/946/729
f 682/946/729 676/942/725 677/947/730
f 674/943/726 677/947/730 676/942/725
f 677/947/730 674/943/726 685/948/731
f 685/948/731 674/943/726 688/949/732
f 688/949/732 674/943/726 430/643/95
f 66/940/97 430/643/95 674/943/726
f 654/928/715 675/944/727 653/927/714
f 679/945/728 653/927/714 675/944/727
f 653/927/714 679/945/728 678/950/733
f 678/950/733 679/945/728 680/951/734
f 682/946/729 680/951/734 679/945/728
f 680/951/734 682/946/729 681/952/735
f 681/952/735 682/946/729 683/953/736
f 677/947/730 683/953/736 682/946/729
f 683/953/736 677/947/730 684/954/737
f 685/948/731 684/954/737 677/947/730
f 684/954/737 685/948/731 686/955/738
f 686/955/738 685/948/731 687/956/739
f 688/949/732 687/956/739 685/948/731
f 687/956/739 688/949/732 691/957/740
f 691/957/740 688/949/732 692/644/502
f 430/643/95 692/644/502 688/949/732
f 684/954/737 686/955/738 683/953/736
f 683/953/736 686/955/738 697/958/741
f 697/958/741 686/955/738 699/959/742
f 687/956/739 699/959/742 686/955/738
f 699/959/742 687/956/739 689/960/743
f 691/957/740 689/960/743 687/956/739
f 689/960/743 691/957/740 690/961/744
f 690/961/744 691/957/740 694/962/745
f 692/644/502 694/962/745 691/957/740
f 693/645/503 694/962/745 692/644/502
f 650/922/711 694/962/745 693/645/503
f 695/924/712 694/962/745 650/922/711
f 694/962/745 695/924/712 690/961/744
f 690/961/744 695/924/712 696/963/746
f 652/925/713 696/963/746 695/924/712
f 696/963/746 652/925/713 678/950/733
f 653/927/714 678/950/733 652/925/713
f 683/953/736 697/958/741 681/952/735
f 681/952/735 697/958/741 698/964/747
f 698/964/747 697/958/741 700/965/748
f 699/959/742 700/965/748 697/958/741
f 689/960/743 700/965/748 699/959/742
f 700/965/748 689/960/743 701/966/749
f 690/961/744 701/966/749 689/960/743
f 696/963/746 701/966/749 690/961/744
f 701/966/749 696/963/746 702/967/750
f 678/950/733 702/967/750 696/963/746
f 680/951/734 702/967/750 678/950/733
f 702/967/750 680/951/734 698/964/747
f 681/952/735 698/964/747 680/951/734
f 38/66/56 704/67/57 703/623/487
f 703/623/487 704/67/57 706/968/751
f 705/70/58 706/968/751 704/67/57
f 142/969/175 706/968/751 705/70/58
f 20/38/32 706/968/751 142/969/175
f 22/39/33 706/968/751 20/38/32
f 706/968/751 22/39/33 418/41/35
f 74/133/109 707/970/111 708/132/108
f 708/132/108 707/970/111 709/971/752
f 77/972/19 709/971/752 707/970/111
f 710/973/18 709/971/752 77/972/19
f 12/974/17 709/971/752 710/973/18
f 709/971/752 12/974/17 712/975/753
f 711/82/15 712/975/753 12/974/17
f 48/83/69 712/975/753 711/82/15
f 712/975/753 48/83/69 856/84/70
f 308/476/375 713/478/377 307/475/374
f 307/475/374 713/478/377 714/976/754
f 714/976/754 713/478/377 715/977/755
f 311/480/379 715/977/755 713/478/377
f 715/977/755 311/480/379 1052/978/756
f 313/482/381 1052/978/756 311/480/379
f 316/484/383 1052/978/756 313/482/381
f 1052/978/756 316/484/383 716/979/757
f 717/487/386 716/979/757 316/484/383
f 716/979/757 717/487/386 295/462/361
f 295/462/361 717/487/386 719/980/758
f 1008/488/387 719/980/758 717/487/386
f 718/981/759 719/980/758 1008/488/387
f 294/461/360 719/980/758 718/981/759
f 719/980/758 294/461/360 295/462/361
f 716/979/757 295/462/361 720/982/760
f 720/982/760 295/462/361 721/983/761
f 296/463/362 721/983/761 295/462/361
f 721/983/761 296/463/362 722/984/762
f 298/465/364 722/984/762 296/463/362
f 723/467/366 722/984/762 298/465/364
f 722/984/762 723/467/366 724/985/763
f 724/985/763 723/467/366 725/986/764
f 301/469/368 725/986/764 723/467/366
f 725/986/764 301/469/368 726/987/765
f 303/471/370 726/987/765 301/469/368
f 305/473/372 726/987/765 303/471/370
f 726/987/765 305/473/372 727/988/766
f 306/474/373 727/988/766 305/473/372
f 727/988/766 306/474/373 307/475/374
f 267/437/329 91/747/128 272/436/337
f 90/734/127 272/436/337 91/747/128
f 272/436/337 90/734/127 728/989/767
f 282/446/346 728/989/767 90/734/127
f 271/435/336 728/989/767 282/446/346
f 728/989/767 271/435/336 272/436/337
f 729/990/768 735/991/769 730/992/770
f 730/992/770 735/991/769 731/993/771
f 731/993/771 735/991/769 732/994/772
f 732/994/772 735/991/769 733/995/773
f 733/995/773 735/991/769 734/996/774
f 734/996/774 735/991/769 736/997/775
f 736/997/775 735/991/769 737/998/776
f 737/998/776 735/991/769 738/999/777
f 738/999/777 735/991/769 739/1000/778
f 729/990/768 739/1000/778 735/991/769
f 740/1001/779 746/1002/780 741/1003/781
f 741/1003/781 746/1002/780 742/1004/782
f 742/1004/782 746/1002/780 743/1005/783
f 743/1005/783 746/1002/780 744/1006/784
f 744/1006/784 746/1002/780 745/1007/785
f 745/1007/785 746/1002/780 747/1008/786
f 747/1008/786 746/1002/780 748/1009/787
f 748/1009/787 746/1002/780 749/1010/788
f 749/1010/788 746/1002/780 750/1011/789
f 740/1001/779 750/1011/789 746/1002/780
f 761/1012/790 751/1013/791 8/1014/10
f 752/1015/792 8/1014/10 751/1013/791
f 8/1014/10 752/1015/792 380/1016/450
f 753/1017/793 380/1016/450 752/1015/792
f 380/1016/450 753/1017/793 377/1018/447
f 377/1018/447 753/1017/793 755/1019/445
f 754/1020/794 755/1019/445 753/1017/793
f 779/1021/795 755/1019/445 754/1020/794
f 755/1019/445 779/1021/795 373/1022/444
f 373/1022/444 779/1021/795 757/1023/443
f 756/1024/796 757/1023/443 779/1021/795
f 758/1025/797 757/1023/443 756/1024/796
f 757/1023/443 758/1025/797 759/1026/442
f 759/1026/442 758/1025/797 1/1027/2
f 762/1028/798 1/1027/2 758/1025/797
f 1/1027/2 762/1028/798 763/1029/799
f 8/1014/10 6/1030/8 761/1012/790
f 760/1031/5 761/1012/790 6/1030/8
f 2/1032/4 761/1012/790 760/1031/5
f 761/1012/790 2/1032/4 763/1029/799
f 1/1027/2 763/1029/799 2/1032/4
f 9/1033/11 10/1034/13 762/1035/798
f 762/1035/798 10/1034/13 763/1036/799
f 763/1036/799 10/1034/13 770/1037/800
f 770/1037/800 10/1034/13 764/1038/801
f 765/1039/14 764/1038/801 10/1034/13
f 764/1038/801 765/1039/14 774/1040/802
f 774/1040/802 765/1039/14 776/1041/803
f 767/1042/12 776/1041/803 765/1039/14
f 776/1041/803 767/1042/12 766/1043/804
f 766/1043/804 767/1042/12 768/1044/805
f 768/1044/805 767/1042/12 769/1045/806
f 9/1033/11 769/1045/806 767/1042/12
f 769/1045/806 9/1033/11 758/1046/797
f 762/1035/798 758/1046/797 9/1033/11
f 763/1036/799 770/1037/800 761/1047/790
f 761/1047/790 770/1037/800 771/1048/807
f 771/1048/807 770/1037/800 772/1049/808
f 764/1038/801 772/1049/808 770/1037/800
f 772/1049/808 764/1038/801 773/1050/809
f 774/1040/802 773/1050/809 764/1038/801
f 776/1041/803 773/1050/809 774/1040/802
f 773/1050/809 776/1041/803 775/1051/810
f 775/1051/810 776/1041/803 777/1052/811
f 766/1043/804 777/1052/811 776/1041/803
f 777/1052/811 766/1043/804 784/1053/812
f 768/1044/805 784/1053/812 766/1043/804
f 784/1053/812 768/1044/805 778/1054/813
f 769/1045/806 778/1054/813 768/1044/805
f 778/1054/813 769/1045/806 756/1055/796
f 758/1046/797 756/1055/796 769/1045/806
f 756/1055/796 779/1056/795 778/1054/813
f 778/1054/813 779/1056/795 783/1057/814
f 754/1058/794 783/1057/814 779/1056/795
f 783/1057/814 754/1058/794 780/1059/815
f 753/1060/793 780/1059/815 754/1058/794
f 780/1059/815 753/1060/793 781/1061/816
f 752/1062/792 781/1061/816 753/1060/793
f 781/1061/816 752/1062/792 782/1063/817
f 751/1064/791 782/1063/817 752/1062/792
f 782/1063/817 751/1064/791 771/1048/807
f 761/1047/790 771/1048/807 751/1064/791
f 778/1054/813 783/1057/814 784/1053/812
f 784/1053/812 783/1057/814 785/1065/818
f 780/1059/815 785/1065/818 783/1057/814
f 785/1065/818 780/1059/815 786/1066/819
f 781/1061/816 786/1066/819 780/1059/815
f 786/1066/819 781/1061/816 787/1067/820
f 782/1063/817 787/1067/820 781/1061/816
f 787/1067/820 782/1063/817 788/1068/821
f 771/1048/807 788/1068/821 782/1063/817
f 772/1049/808 788/1068/821 771/1048/807
f 773/1050/809 788/1068/821 772/1049/808
f 775/1051/810 788/1068/821 773/1050/809
f 788/1068/821 775/1051/810 787/1067/820
f 787/1067/820 775/1051/810 786/1066/819
f 777/1052/811 786/1066/819 775/1051/810
f 786/1066/819 777/1052/811 785/1065/818
f 784/1053/812 785/1065/818 777/1052/811
f 797/1069/486 24/1070/36 461/1071/541
f 25/1072/37 461/1071/541 24/1070/36
f 461/1071/541 25/1072/37 789/1073/519
f 789/1073/519 25/1072/37 790/1074/517
f 70/1075/104 790/1074/517 25/1072/37
f 792/1076/102 790/1074/517 70/1075/104
f 790/1074/517 792/1076/102 791/1077/696
f 791/1077/696 792/1076/102 793/1078/532
f 67/1079/99 793/1078/532 792/1076/102
f 794/1080/98 793/1078/532 67/1079/99
f 793/1078/532 794/1080/98 454/1081/533
f 454/1081/533 794/1080/98 456/1082/535
f 73/1083/107 456/1082/535 794/1080/98
f 72/1084/106 456/1082/535 73/1083/107
f 456/1082/535 72/1084/106 458/1085/537
f 795/1086/822 458/1085/537 72/1084/106
f 458/1085/537 795/1086/822 460/1087/539
f 461/1071/541 796/1088/581 797/1069/486
f 797/1069/486 796/1088/581 419/1089/488
f 798/1090/634 419/1089/488 796/1088/581
f 570/1091/642 419/1089/488 798/1090/634
f 419/1089/488 570/1091/642 37/1092/55
f 31/1093/45 37/1092/55 570/1091/642
f 570/1091/642 799/1094/653 31/1093/45
f 31/1093/45 799/1094/653 801/1095/46
f 800/1096/654 801/1095/46 799/1094/653
f 802/1097/668 801/1095/46 800/1096/654
f 801/1095/46 802/1097/668 155/1098/192
f 155/1098/192 802/1097/668 159/1099/194
f 803/1100/667 159/1099/194 802/1097/668
f 594/1101/665 159/1099/194 803/1100/667
f 159/1099/194 594/1101/665 161/1102/197
f 592/1103/664 161/1102/197 594/1101/665
f 161/1102/197 592/1103/664 162/1104/198
f 591/1105/662 162/1104/198 592/1103/664
f 162/1104/198 591/1105/662 51/1106/73
f 51/1106/73 591/1105/662 50/1107/72
f 473/1108/554 50/1107/72 591/1105/662
f 50/1107/72 473/1108/554 795/1086/822
f 460/1087/539 795/1086/822 473/1108/554
f 144/1109/177 804/1110/178 387/1111/458
f 387/1111/458 804/1110/178 399/1112/471
f 190/1113/239 399/1112/471 804/1110/178
f 399/1112/471 190/1113/239 398/1114/470
f 186/1115/235 398/1114/470 190/1113/239
f 184/1116/233 398/1114/470 186/1115/235
f 398/1114/470 184/1116/233 408/1117/479
f 182/1118/231 408/1117/479 184/1116/233
f 408/1117/479 182/1118/231 411/1119/480
f 805/1120/229 411/1119/480 182/1118/231
f 411/1119/480 805/1120/229 401/1121/472
f 401/1121/472 805/1120/229 807/1122/459
f 806/1123/227 807/1122/459 805/1120/229
f 149/1124/183 807/1122/459 806/1123/227
f 807/1122/459 149/1124/183 382/1125/453
f 382/1125/453 149/1124/183 381/1126/451
f 147/1127/181 381/1126/451 149/1124/183
f 381/1126/451 147/1127/181 386/1128/457
f 145/1129/179 386/1128/457 147/1127/181
f 145/1129/179 144/1109/177 386/1128/457
f 387/1111/458 386/1128/457 144/1109/177
f 574/823/645 809/1130/823 808/822/54
f 808/822/54 809/1130/823 810/799/53
f 810/799/53 809/1130/823 813/1131/824
f 813/1131/824 809/1130/823 811/1132/825
f 574/823/645 811/1132/825 809/1130/823
f 576/825/646 811/1132/825 574/823/645
f 811/1132/825 576/825/646 812/1133/826
f 577/826/647 812/1133/826 576/825/646
f 812/1133/826 577/826/647 817/1134/827
f 578/828/648 817/1134/827 577/826/647
f 817/1134/827 578/828/648 820/1135/828
f 822/1136/829 820/1135/828 578/828/648
f 810/799/53 813/1131/824 553/798/627
f 553/798/627 813/1131/824 823/1137/830
f 823/1137/830 813/1131/824 814/1138/831
f 811/1132/825 814/1138/831 813/1131/824
f 814/1138/831 811/1132/825 815/1139/832
f 812/1133/826 815/1139/832 811/1132/825
f 815/1139/832 812/1133/826 816/1140/833
f 817/1134/827 816/1140/833 812/1133/826
f 816/1140/833 817/1134/827 843/1141/834
f 843/1141/834 817/1134/827 818/1142/835
f 820/1135/828 818/1142/835 817/1134/827
f 818/1142/835 820/1135/828 819/1143/836
f 819/1143/836 820/1135/828 821/1144/837
f 822/1136/829 821/1144/837 820/1135/828
f 821/1144/837 822/1136/829 847/1145/838
f 847/1145/838 822/1136/829 837/1146/839
f 837/1146/839 822/1136/829 579/830/649
f 578/828/648 579/830/649 822/1136/829
f 553/798/627 823/1137/830 547/791/621
f 547/791/621 823/1137/830 828/1147/840
f 828/1147/840 823/1137/830 824/1148/841
f 814/1138/831 824/1148/841 823/1137/830
f 824/1148/841 814/1138/831 825/1149/842
f 815/1139/832 825/1149/842 814/1138/831
f 825/1149/842 815/1139/832 826/1150/843
f 816/1140/833 826/1150/843 815/1139/832
f 843/1141/834 826/1150/843 816/1140/833
f 826/1150/843 843/1141/834 827/1151/844
f 547/791/621 828/1147/840 546/790/620
f 546/790/620 828/1147/840 829/1152/845
f 829/1152/845 828/1147/840 830/1153/846
f 824/1148/841 830/1153/846 828/1147/840
f 830/1153/846 824/1148/841 831/1154/847
f 825/1149/842 831/1154/847 824/1148/841
f 831/1154/847 825/1149/842 832/1155/848
f 826/1150/843 832/1155/848 825/1149/842
f 827/1151/844 832/1155/848 826/1150/843
f 832/1155/848 827/1151/844 840/1156/849
f 546/790/620 829/1152/845 583/833/652
f 583/833/652 829/1152/845 833/1157/850
f 833/1157/850 829/1152/845 831/1154/847
f 830/1153/846 831/1154/847 829/1152/845
f 583/833/652 833/1157/850 582/832/651
f 582/832/651 833/1157/850 581/831/650
f 581/831/650 833/1157/850 835/1158/851
f 831/1154/847 835/1158/851 833/1157/850
f 835/1158/851 831/1154/847 834/1159/852
f 832/1155/848 834/1159/852 831/1154/847
f 840/1156/849 834/1159/852 832/1155/848
f 834/1159/852 840/1156/849 836/1160/853
f 834/1159/852 836/1160/853 835/1158/851
f 835/1158/851 836/1160/853 581/831/650
f 581/831/650 836/1160/853 837/1146/839
f 837/1146/839 836/1160/853 838/1161/854
f 840/1156/849 838/1161/854 836/1160/853
f 838/1161/854 840/1156/849 839/1162/855
f 839/1162/855 840/1156/849 841/1163/856
f 827/1151/844 841/1163/856 840/1156/849
f 841/1163/856 827/1151/844 842/1164/857
f 843/1141/834 842/1164/857 827/1151/844
f 818/1142/835 842/1164/857 843/1141/834
f 842/1164/857 818/1142/835 844/1165/858
f 819/1143/836 844/1165/858 818/1142/835
f 844/1165/858 819/1143/836 845/1166/859
f 845/1166/859 819/1143/836 846/1167/860
f 821/1144/837 846/1167/860 819/1143/836
f 846/1167/860 821/1144/837 853/1168/861
f 847/1145/838 853/1168/861 821/1144/837
f 853/1168/861 847/1145/838 848/1169/862
f 848/1169/862 847/1145/838 838/1161/854
f 837/1146/839 838/1161/854 847/1145/838
f 838/1161/854 839/1162/855 848/1169/862
f 848/1169/862 839/1162/855 849/1170/863
f 849/1170/863 839/1162/855 850/1171/864
f 841/1163/856 850/1171/864 839/1162/855
f 850/1171/864 841/1163/856 851/1172/865
f 842/1164/857 851/1172/865 841/1163/856
f 851/1172/865 842/1164/857 852/1173/866
f 844/1165/858 852/1173/866 842/1164/857
f 845/1166/859 852/1173/866 844/1165/858
f 846/1167/860 852/1173/866 845/1166/859
f 852/1173/866 846/1167/860 854/1174/867
f 853/1168/861 854/1174/867 846/1167/860
f 848/1169/862 854/1174/867 853/1168/861
f 854/1174/867 848/1169/862 850/1171/864
f 849/1170/863 850/1171/864 848/1169/862
f 850/1171/864 851/1172/865 854/1174/867
f 852/1173/866 854/1174/867 851/1172/865
f 795/1175/822 855/1176/868 50/86/72
f 50/86/72 855/1176/868 856/84/70
f 856/84/70 855/1176/868 712/975/753
f 712/975/753 855/1176/868 709/971/752
f 709/971/752 855/1176/868 708/1177/108
f 72/130/106 708/1177/108 855/1176/868
f 700/965/748 857/1178/869 698/964/747
f 698/964/747 857/1178/869 702/967/750
f 702/967/750 857/1178/869 701/966/749
f 700/965/748 701/966/749 857/1178/869
f 858/1179/870 862/1180/871 859/1181/872
f 859/1181/872 862/1180/871 860/1182/873
f 860/1182/873 862/1180/871 861/1183/874
f 861/1183/874 862/1180/871 863/1184/875
f 863/1184/875 862/1180/871 883/1185/876
f 883/1185/876 862/1180/871 864/1186/877
f 864/1186/877 862/1180/871 865/1187/878
f 865/1187/878 862/1180/871 866/1188/879
f 858/1179/870 866/1188/879 862/1180/871
f 866/1188/879 858/1179/870 867/1189/880
f 867/1189/880 858/1179/870 869/1190/881
f 868/1191/882 869/1190/881 858/1179/870
f 870/1192/883 869/1190/881 868/1191/882
f 869/1190/881 870/1192/883 871/1193/884
f 872/1194/885 871/1193/884 870/1192/883
f 871/1193/884 872/1194/885 873/1195/886
f 874/1196/887 873/1195/886 872/1194/885
f 873/1195/886 874/1196/887 875/1197/888
f 877/1198/889 875/1197/888 874/1196/887
f 875/1197/888 877/1198/889 876/1199/890
f 876/1199/890 877/1198/889 879/1200/891
f 878/1201/892 879/1200/891 877/1198/889
f 880/1202/893 879/1200/891 878/1201/892
f 879/1200/891 880/1202/893 881/1203/894
f 881/1203/894 880/1202/893 883/1185/876
f 882/1204/895 883/1185/876 880/1202/893
f 884/1205/896 883/1185/876 882/1204/895
f 883/1185/876 884/1205/896 863/1184/875
f 869/1190/881 871/1193/884 867/1189/880
f 873/1195/886 867/1189/880 871/1193/884
f 867/1189/880 873/1195/886 885/1206/897
f 875/1197/888 885/1206/897 873/1195/886
f 885/1206/897 875/1197/888 888/1207/898
f 876/1199/890 888/1207/898 875/1197/888
f 888/1207/898 876/1199/890 886/1208/899
f 879/1200/891 886/1208/899 876/1199/890
f 881/1203/894 886/1208/899 879/1200/891
f 886/1208/899 881/1203/894 887/1209/900
f 883/1185/876 887/1209/900 881/1203/894
f 864/1186/877 887/1209/900 883/1185/876
f 865/1187/878 887/1209/900 864/1186/877
f 887/1209/900 865/1187/878 888/1207/898
f 888/1207/898 865/1187/878 885/1206/897
f 866/1188/879 885/1206/897 865/1187/878
f 885/1206/897 866/1188/879 867/1189/880
f 889/1210/901 890/1211/902 891/1212/903
f 892/1213/904 891/1212/903 890/1211/902
f 891/1212/903 892/1213/904 893/1214/905
f 893/1214/905 892/1213/904 895/1215/906
f 894/1216/907 895/1215/906 892/1213/904
f 896/1217/908 895/1215/906 894/1216/907
f 895/1215/906 896/1217/908 897/1218/909
f 897/1218/909 896/1217/908 898/1219/910
f 899/1220/911 898/1219/910 896/1217/908
f 898/1219/910 899/1220/911 900/1221/912
f 901/1222/913 900/1221/912 899/1220/911
f 900/1221/912 901/1222/913 902/1223/914
f 903/1224/915 902/1223/914 901/1222/913
f 902/1223/914 903/1224/915 905/1225/916
f 904/1226/917 905/1225/916 903/1224/915
f 906/1227/918 905/1225/916 904/1226/917
f 905/1225/916 906/1227/918 907/1228/919
f 907/1228/919 906/1227/918 920/1229/920
f 920/1229/920 906/1227/918 908/1230/921
f 909/1231/922 908/1230/921 906/1227/918
f 908/1230/921 909/1231/922 910/1232/923
f 911/1233/924 910/1232/923 909/1231/922
f 910/1232/923 911/1233/924 912/1234/925
f 913/1235/926 912/1234/925 911/1233/924
f 912/1234/925 913/1235/926 915/1236/927
f 914/1237/928 915/1236/927 913/1235/926
f 889/1210/901 915/1236/927 914/1237/928
f 915/1236/927 889/1210/901 923/1238/929
f 891/1212/903 923/1238/929 889/1210/901
f 923/1238/929 891/1212/903 916/1239/930
f 893/1214/905 916/1239/930 891/1212/903
f 916/1239/930 893/1214/905 917/1240/931
f 895/1215/906 917/1240/931 893/1214/905
f 897/1218/909 917/1240/931 895/1215/906
f 917/1240/931 897/1218/909 918/1241/932
f 898/1219/910 918/1241/932 897/1218/909
f 918/1241/932 898/1219/910 919/1242/933
f 900/1221/912 919/1242/933 898/1219/910
f 919/1242/933 900/1221/912 907/1228/919
f 902/1223/914 907/1228/919 900/1221/912
f 907/1228/919 902/1223/914 905/1225/916
f 907/1228/919 920/1229/920 919/1242/933
f 919/1242/933 920/1229/920 921/1243/934
f 908/1230/921 921/1243/934 920/1229/920
f 921/1243/934 908/1230/921 922/1244/935
f 910/1232/923 922/1244/935 908/1230/921
f 912/1234/925 922/1244/935 910/1232/923
f 915/1236/927 922/1244/935 912/1234/925
f 923/1238/929 922/1244/935 915/1236/927
f 916/1239/930 922/1244/935 923/1238/929
f 922/1244/935 916/1239/930 921/1243/934
f 921/1243/934 916/1239/930 918/1241/932
f 917/1240/931 918/1241/932 916/1239/930
f 924/1245/936 925/1246/937 926/1247/938
f 926/1247/938 925/1246/937 950/1248/939
f 950/1248/939 925/1246/937 927/1249/940
f 927/1249/940 925/1246/937 928/1250/941
f 928/1250/941 925/1246/937 929/1251/942
f 924/1245/936 929/1251/942 925/1246/937
f 929/1251/942 924/1245/936 931/1252/943
f 930/1253/944 931/1252/943 924/1245/936
f 932/1254/945 931/1252/943 930/1253/944
f 931/1252/943 932/1254/945 955/1255/946
f 933/1256/947 955/1255/946 932/1254/945
f 955/1255/946 933/1256/947 956/1257/948
f 934/1258/949 956/1257/948 933/1256/947
f 956/1257/948 934/1258/949 935/1259/950
f 936/1260/951 935/1259/950 934/1258/949
f 935/1259/950 936/1260/951 937/1261/952
f 937/1261/952 936/1260/951 938/1262/953
f 938/1262/953 936/1260/951 939/1263/954
f 940/1264/955 939/1263/954 936/1260/951
f 941/1265/956 939/1263/954 940/1264/955
f 939/1263/954 941/1265/956 942/1266/957
f 943/1267/958 942/1266/957 941/1265/956
f 942/1266/957 943/1267/958 957/1268/959
f 944/1269/960 957/1268/959 943/1267/958
f 957/1268/959 944/1269/960 945/1270/961
f 946/1271/962 945/1270/961 944/1269/960
f 945/1270/961 946/1271/962 947/1272/963
f 947/1272/963 946/1271/962 949/1273/964
f 948/1274/965 949/1273/964 946/1271/962
f 950/1248/939 949/1273/964 948/1274/965
f 927/1249/940 949/1273/964 950/1248/939
f 949/1273/964 927/1249/940 951/1275/966
f 928/1250/941 951/1275/966 927/1249/940
f 951/1275/966 928/1250/941 952/1276/967
f 952/1276/967 928/1250/941 953/1277/968
f 953/1277/968 928/1250/941 954/1278/969
f 929/1251/942 954/1278/969 928/1250/941
f 931/1252/943 954/1278/969 929/1251/942
f 955/1255/946 954/1278/969 931/1252/943
f 956/1257/948 954/1278/969 955/1255/946
f 935/1259/950 954/1278/969 956/1257/948
f 954/1278/969 935/1259/950 953/1277/968
f 937/1261/952 953/1277/968 935/1259/950
f 953/1277/968 937/1261/952 958/1279/970
f 938/1262/953 958/1279/970 937/1261/952
f 958/1279/970 938/1262/953 957/1268/959
f 957/1268/959 938/1262/953 942/1266/957
f 939/1263/954 942/1266/957 938/1262/953
f 957/1268/959 945/1270/961 958/1279/970
f 958/1279/970 945/1270/961 952/1276/967
f 947/1272/963 952/1276/967 945/1270/961
f 952/1276/967 947/1272/963 951/1275/966
f 949/1273/964 951/1275/966 947/1272/963
f 980/1280/971 959/1281/972 984/1282/973
f 960/1283/974 984/1282/973 959/1281/972
f 961/1284/975 984/1282/973 960/1283/974
f 962/1285/976 984/1282/973 961/1284/975
f 984/1282/973 962/1285/976 964/1286/977
f 963/1287/978 964/1286/977 962/1285/976
f 965/1288/979 964/1286/977 963/1287/978
f 967/1289/980 964/1286/977 965/1288/979
f 964/1286/977 967/1289/980 966/1290/981
f 966/1290/981 967/1289/980 968/1291/982
f 969/1292/983 968/1291/982 967/1289/980
f 970/1293/984 968/1291/982 969/1292/983
f 968/1291/982 970/1293/984 971/1294/985
f 971/1294/985 970/1293/984 972/1295/986
f 973/1296/987 972/1295/986 970/1293/984
f 972/1295/986 973/1296/987 974/1297/988
f 975/1298/989 974/1297/988 973/1296/987
f 974/1297/988 975/1298/989 976/1299/990
f 977/1300/991 976/1299/990 975/1298/989
f 976/1299/990 977/1300/991 979/1301/992
f 978/1302/993 979/1301/992 977/1300/991
f 980/1280/971 979/1301/992 978/1302/993
f 979/1301/992 980/1280/971 981/1303/994
f 981/1303/994 980/1280/971 982/1304/995
f 984/1282/973 982/1304/995 980/1280/971
f 982/1304/995 984/1282/973 983/1305/996
f 983/1305/996 984/1282/973 985/1306/997
f 964/1286/977 985/1306/997 984/1282/973
f 985/1306/997 964/1286/977 986/1307/998
f 966/1290/981 986/1307/998 964/1286/977
f 986/1307/998 966/1290/981 987/1308/999
f 968/1291/982 987/1308/999 966/1290/981
f 971/1294/985 987/1308/999 968/1291/982
f 987/1308/999 971/1294/985 988/1309/1000
f 972/1295/986 988/1309/1000 971/1294/985
f 988/1309/1000 972/1295/986 989/1310/1001
f 974/1297/988 989/1310/1001 972/1295/986
f 989/1310/1001 974/1297/988 981/1303/994
f 976/1299/990 981/1303/994 974/1297/988
f 981/1303/994 976/1299/990 979/1301/992
f 985/1306/997 986/1307/998 983/1305/996
f 983/1305/996 986/1307/998 988/1309/1000
f 987/1308/999 988/1309/1000 986/1307/998
f 981/1303/994 982/1304/995 989/1310/1001
f 983/1305/996 989/1310/1001 982/1304/995
f 989/1310/1001 983/1305/996 988/1309/1000
f 990/1311/1002 991/1312/1003 992/1313/1004
f 994/1314/1005 992/1313/1004 991/1312/1003
f 992/1313/1004 994/1314/1005 993/1315/1006
f 993/1315/1006 994/1314/1005 995/1316/1007
f 291/1317/357 995/1316/1007 994/1314/1005
f 289/1318/355 995/1316/1007 291/1317/357
f 995/1316/1007 289/1318/355 218/1319/275
f 288/1320/354 218/1319/275 289/1318/355
f 218/1319/275 288/1320/354 344/1321/272
f 996/1322/351 344/1321/272 288/1320/354
f 344/1321/272 996/1322/351 997/1323/414
f 997/1323/414 996/1322/351 1016/1324/1008
f 1098/1325/350 1016/1324/1008 996/1322/351
f 1016/1324/1008 1098/1325/350 1017/1326/1009
f 998/1327/1010 1017/1326/1009 1098/1325/350
f 999/1328/1011 1017/1326/1009 998/1327/1010
f 1017/1326/1009 999/1328/1011 1000/1329/1012
f 1000/1329/1012 999/1328/1011 1002/1330/1013
f 1001/1331/1014 1002/1330/1013 999/1328/1011
f 1003/1332/1015 1002/1330/1013 1001/1331/1014
f 1002/1330/1013 1003/1332/1015 1004/1333/1016
f 1004/1333/1016 1003/1332/1015 1005/1334/1017
f 1006/1335/1018 1005/1334/1017 1003/1332/1015
f 292/1336/358 1005/1334/1017 1006/1335/1018
f 1005/1334/1017 292/1336/358 1007/1337/1019
f 294/1338/360 1007/1337/1019 292/1336/358
f 1007/1337/1019 294/1338/360 353/1339/424
f 718/1340/759 353/1339/424 294/1338/360
f 353/1339/424 718/1340/759 259/1341/319
f 1008/1342/387 259/1341/319 718/1340/759
f 259/1341/319 1008/1342/387 283/1343/347
f 283/1343/347 1008/1342/387 1009/1344/1020
f 1113/1345/388 1009/1344/1020 1008/1342/387
f 1011/1346/1021 1009/1344/1020 1113/1345/388
f 1009/1344/1020 1011/1346/1021 1010/1347/1022
f 1010/1347/1022 1011/1346/1021 1012/1348/1023
f 1013/1349/1024 1012/1348/1023 1011/1346/1021
f 990/1311/1002 1012/1348/1023 1013/1349/1024
f 1012/1348/1023 990/1311/1002 1014/1350/1025
f 992/1313/1004 1014/1350/1025 990/1311/1002
f 1014/1350/1025 992/1313/1004 1015/1351/302
f 1015/1351/302 992/1313/1004 237/1352/294
f 993/1315/1006 237/1352/294 992/1313/1004
f 237/1352/294 993/1315/1006 232/1353/288
f 995/1316/1007 232/1353/288 993/1315/1006
f 232/1353/288 995/1316/1007 218/1319/275
f 997/1323/414 1016/1324/1008 345/1354/415
f 345/1354/415 1016/1324/1008 346/1355/416
f 1017/1326/1009 346/1355/416 1016/1324/1008
f 1000/1329/1012 346/1355/416 1017/1326/1009
f 346/1355/416 1000/1329/1012 1018/1356/417
f 1018/1356/417 1000/1329/1012 347/1357/418
f 1002/1330/1013 347/1357/418 1000/1329/1012
f 347/1357/418 1002/1330/1013 348/1358/419
f 1004/1333/1016 348/1358/419 1002/1330/1013
f 348/1358/419 1004/1333/1016 350/1359/421
f 1005/1334/1017 350/1359/421 1004/1333/1016
f 350/1359/421 1005/1334/1017 352/1360/422
f 1007/1337/1019 352/1360/422 1005/1334/1017
f 352/1360/422 1007/1337/1019 353/1339/424
f 283/1343/347 1009/1344/1020 273/1361/338
f 1010/1347/1022 273/1361/338 1009/1344/1020
f 273/1361/338 1010/1347/1022 269/1362/332
f 269/1362/332 1010/1347/1022 266/1363/327
f 1012/1348/1023 266/1363/327 1010/1347/1022
f 1014/1350/1025 266/1363/327 1012/1348/1023
f 266/1363/327 1014/1350/1025 249/1364/308
f 1015/1351/302 249/1364/308 1014/1350/1025
f 215/1365/270 212/1366/265 1019/1367/1026
f 211/1368/264 1019/1367/1026 212/1366/265
f 1019/1367/1026 211/1368/264 1020/1369/1027
f 1020/1369/1027 211/1368/264 1021/1370/1028
f 208/1371/260 1021/1370/1028 211/1368/264
f 207/1372/259 1021/1370/1028 208/1371/260
f 205/1373/257 1021/1370/1028 207/1372/259
f 202/1374/253 1021/1370/1028 205/1373/257
f 1021/1370/1028 202/1374/253 1048/1375/1029
f 1022/1376/251 1048/1375/1029 202/1374/253
f 200/1377/249 1048/1375/1029 1022/1376/251
f 198/1378/247 1048/1375/1029 200/1377/249
f 1048/1375/1029 198/1378/247 1023/1379/1030
f 1023/1379/1030 198/1378/247 1024/1380/1031
f 196/1381/245 1024/1380/1031 198/1378/247
f 193/1382/241 1024/1380/1031 196/1381/245
f 1024/1380/1031 193/1382/241 1025/1383/1032
f 191/1384/240 1025/1383/1032 193/1382/241
f 1025/1383/1032 191/1384/240 1019/1367/1026
f 214/1385/267 1019/1367/1026 191/1384/240
f 1019/1367/1026 214/1385/267 215/1365/270
f 321/1386/394 1027/1387/390 1026/1388/1033
f 1026/1388/1033 1027/1387/390 1028/1389/1034
f 318/1390/389 1028/1389/1034 1027/1387/390
f 331/1391/401 1028/1389/1034 318/1390/389
f 1028/1389/1034 331/1391/401 1029/1392/1035
f 1030/1393/402 1029/1392/1035 331/1391/401
f 332/1394/403 1029/1392/1035 1030/1393/402
f 1029/1392/1035 332/1394/403 1031/1395/1036
f 333/1396/404 1031/1395/1036 332/1394/403
f 1031/1395/1036 333/1396/404 1032/1397/1037
f 334/1398/405 1032/1397/1037 333/1396/404
f 336/1399/406 1032/1397/1037 334/1398/405
f 1032/1397/1037 336/1399/406 1033/1400/1038
f 364/1401/435 1033/1400/1038 336/1399/406
f 366/1402/436 1033/1400/1038 364/1401/435
f 355/1403/427 1033/1400/1038 366/1402/436
f 1034/1404/399 1033/1400/1038 355/1403/427
f 1033/1400/1038 1034/1404/399 1035/1405/1039
f 1035/1405/1039 1034/1404/399 1026/1388/1033
f 323/1406/395 1026/1388/1033 1034/1404/399
f 1026/1388/1033 323/1406/395 321/1386/394
f 1028/1389/1034 1029/1392/1035 1036/1407/1040
f 1036/1407/1040 1029/1392/1035 1037/1408/1041
f 1031/1395/1036 1037/1408/1041 1029/1392/1035
f 1032/1397/1037 1037/1408/1041 1031/1395/1036
f 1037/1408/1041 1032/1397/1037 1042/1409/1042
f 1033/1400/1038 1042/1409/1042 1032/1397/1037
f 1042/1409/1042 1033/1400/1038 1038/1410/1043
f 1035/1405/1039 1038/1410/1043 1033/1400/1038
f 1038/1410/1043 1035/1405/1039 1039/1411/1044
f 1026/1388/1033 1039/1411/1044 1035/1405/1039
f 1039/1411/1044 1026/1388/1033 1040/1412/1045
f 1028/1389/1034 1040/1412/1045 1026/1388/1033
f 1036/1407/1040 1040/1412/1045 1028/1389/1034
f 1040/1412/1045 1036/1407/1040 1041/1413/1046
f 1037/1408/1041 1041/1413/1046 1036/1407/1040
f 1042/1409/1042 1041/1413/1046 1037/1408/1041
f 1038/1410/1043 1041/1413/1046 1042/1409/1042
f 1039/1411/1044 1041/1413/1046 1038/1410/1043
f 1041/1413/1046 1039/1411/1044 1040/1412/1045
f 1023/1379/1030 1024/1380/1031 1043/1414/1047
f 1043/1414/1047 1024/1380/1031 1044/1415/1048
f 1025/1383/1032 1044/1415/1048 1024/1380/1031
f 1044/1415/1048 1025/1383/1032 1045/1416/1049
f 1019/1367/1026 1045/1416/1049 1025/1383/1032
f 1045/1416/1049 1019/1367/1026 1046/1417/1050
f 1020/1369/1027 1046/1417/1050 1019/1367/1026
f 1021/1370/1028 1046/1417/1050 1020/1369/1027
f 1046/1417/1050 1021/1370/1028 1047/1418/1051
f 1047/1418/1051 1021/1370/1028 1049/1419/1052
f 1048/1375/1029 1049/1419/1052 1021/1370/1028
f 1023/1379/1030 1049/1419/1052 1048/1375/1029
f 1043/1414/1047 1049/1419/1052 1023/1379/1030
f 1049/1419/1052 1043/1414/1047 1050/1420/1053
f 1044/1415/1048 1050/1420/1053 1043/1414/1047
f 1045/1416/1049 1050/1420/1053 1044/1415/1048
f 1046/1417/1050 1050/1420/1053 1045/1416/1049
f 1047/1418/1051 1050/1420/1053 1046/1417/1050
f 1050/1420/1053 1047/1418/1051 1049/1419/1052
f 715/1421/755 1052/1422/756 1051/1423/1054
f 1051/1423/1054 1052/1422/756 1053/1424/1055
f 716/1425/757 1053/1424/1055 1052/1422/756
f 1053/1424/1055 716/1425/757 1054/1426/1056
f 720/1427/760 1054/1426/1056 716/1425/757
f 1054/1426/1056 720/1427/760 1055/1428/1057
f 721/1429/761 1055/1428/1057 720/1427/760
f 1055/1428/1057 721/1429/761 1056/1430/1058
f 722/1431/762 1056/1430/1058 721/1429/761
f 1056/1430/1058 722/1431/762 1057/1432/1059
f 724/1433/763 1057/1432/1059 722/1431/762
f 1057/1432/1059 724/1433/763 1058/1434/1060
f 725/1435/764 1058/1434/1060 724/1433/763
f 1058/1434/1060 725/1435/764 1059/1436/1061
f 726/1437/765 1059/1436/1061 725/1435/764
f 1059/1436/1061 726/1437/765 1060/1438/1062
f 727/1439/766 1060/1438/1062 726/1437/765
f 1060/1438/1062 727/1439/766 1061/1440/1063
f 307/1441/374 1061/1440/1063 727/1439/766
f 1061/1440/1063 307/1441/374 1062/1442/1064
f 714/1443/754 1062/1442/1064 307/1441/374
f 1062/1442/1064 714/1443/754 1063/1444/1065
f 715/1421/755 1063/1444/1065 714/1443/754
f 1051/1423/1054 1063/1444/1065 715/1421/755
f 1063/1444/1065 1051/1423/1054 1073/1445/1066
f 1073/1445/1066 1051/1423/1054 1064/1446/1067
f 1053/1424/1055 1064/1446/1067 1051/1423/1054
f 1064/1446/1067 1053/1424/1055 1065/1447/1068
f 1054/1426/1056 1065/1447/1068 1053/1424/1055
f 1065/1447/1068 1054/1426/1056 1066/1448/1069
f 1055/1428/1057 1066/1448/1069 1054/1426/1056
f 1066/1448/1069 1055/1428/1057 1067/1449/1070
f 1056/1430/1058 1067/1449/1070 1055/1428/1057
f 1067/1449/1070 1056/1430/1058 1068/1450/1071
f 1057/1432/1059 1068/1450/1071 1056/1430/1058
f 1068/1450/1071 1057/1432/1059 1069/1451/1072
f 1058/1434/1060 1069/1451/1072 1057/1432/1059
f 1069/1451/1072 1058/1434/1060 1070/1452/1073
f 1059/1436/1061 1070/1452/1073 1058/1434/1060
f 1070/1452/1073 1059/1436/1061 1081/1453/1074
f 1060/1438/1062 1081/1453/1074 1059/1436/1061
f 1081/1453/1074 1060/1438/1062 1082/1454/1075
f 1061/1440/1063 1082/1454/1075 1060/1438/1062
f 1082/1454/1075 1061/1440/1063 1071/1455/1076
f 1062/1442/1064 1071/1455/1076 1061/1440/1063
f 1071/1455/1076 1062/1442/1064 1072/1456/1077
f 1063/1444/1065 1072/1456/1077 1062/1442/1064
f 1073/1445/1066 1072/1456/1077 1063/1444/1065
f 1072/1456/1077 1073/1445/1066 1085/1457/1078
f 1085/1457/1078 1073/1445/1066 1074/1458/1079
f 1064/1446/1067 1074/1458/1079 1073/1445/1066
f 1074/1458/1079 1064/1446/1067 1075/1459/1080
f 1065/1447/1068 1075/1459/1080 1064/1446/1067
f 1075/1459/1080 1065/1447/1068 1076/1460/1081
f 1066/1448/1069 1076/1460/1081 1065/1447/1068
f 1076/1460/1081 1066/1448/1069 1077/1461/1082
f 1067/1449/1070 1077/1461/1082 1066/1448/1069
f 1077/1461/1082 1067/1449/1070 1078/1462/1083
f 1068/1450/1071 1078/1462/1083 1067/1449/1070
f 1078/1462/1083 1068/1450/1071 1079/1463/1084
f 1069/1451/1072 1079/1463/1084 1068/1450/1071
f 1079/1463/1084 1069/1451/1072 1080/1464/1085
f 1070/1452/1073 1080/1464/1085 1069/1451/1072
f 1080/1464/1085 1070/1452/1073 1091/1465/1086
f 1081/1453/1074 1091/1465/1086 1070/1452/1073
f 1082/1454/1075 1091/1465/1086 1081/1453/1074
f 1091/1465/1086 1082/1454/1075 1083/1466/1087
f 1083/1466/1087 1082/1454/1075 1084/1467/1088
f 1071/1455/1076 1084/1467/1088 1082/1454/1075
f 1084/1467/1088 1071/1455/1076 1093/1468/1089
f 1072/1456/1077 1093/1468/1089 1071/1455/1076
f 1085/1457/1078 1093/1468/1089 1072/1456/1077
f 1093/1468/1089 1085/1457/1078 1094/1469/1090
f 1094/1469/1090 1085/1457/1078 1086/1470/1091
f 1074/1458/1079 1086/1470/1091 1085/1457/1078
f 1075/1459/1080 1086/1470/1091 1074/1458/1079
f 1086/1470/1091 1075/1459/1080 1087/1471/1092
f 1076/1460/1081 1087/1471/1092 1075/1459/1080
f 1087/1471/1092 1076/1460/1081 1095/1472/1093
f 1077/1461/1082 1095/1472/1093 1076/1460/1081
f 1095/1472/1093 1077/1461/1082 1088/1473/1094
f 1078/1462/1083 1088/1473/1094 1077/1461/1082
f 1088/1473/1094 1078/1462/1083 1097/1474/1095
f 1079/1463/1084 1097/1474/1095 1078/1462/1083
f 1097/1474/1095 1079/1463/1084 1089/1475/1096
f 1080/1464/1085 1089/1475/1096 1079/1463/1084
f 1089/1475/1096 1080/1464/1085 1090/1476/1097
f 1091/1465/1086 1090/1476/1097 1080/1464/1085
f 1083/1466/1087 1090/1476/1097 1091/1465/1086
f 1090/1476/1097 1083/1466/1087 1096/1477/1098
f 1084/1467/1088 1096/1477/1098 1083/1466/1087
f 1096/1477/1098 1084/1467/1088 1092/1478/1099
f 1093/1468/1089 1092/1478/1099 1084/1467/1088
f 1094/1469/1090 1092/1478/1099 1093/1468/1089
f 1092/1478/1099 1094/1469/1090 1095/1472/1093
f 1095/1472/1093 1094/1469/1090 1087/1471/1092
f 1086/1470/1091 1087/1471/1092 1094/1469/1090
f 1090/1476/1097 1096/1477/1098 1089/1475/1096
f 1089/1475/1096 1096/1477/1098 1097/1474/1095
f 1097/1474/1095 1096/1477/1098 1088/1473/1094
f 1092/1478/1099 1088/1473/1094 1096/1477/1098
f 1088/1473/1094 1092/1478/1099 1095/1472/1093
f 998/1479/1010 1098/1480/350 1112/1481/1100
f 1112/1481/1100 1098/1480/350 1099/1482/1101
f 286/1483/352 1099/1482/1101 1098/1480/350
f 1099/1482/1101 286/1483/352 1100/1484/1102
f 304/1485/371 1100/1484/1102 286/1483/352
f 1100/1484/1102 304/1485/371 1101/1486/1103
f 302/1487/369 1101/1486/1103 304/1485/371
f 1101/1486/1103 302/1487/369 1102/1488/1104
f 300/1489/367 1102/1488/1104 302/1487/369
f 1102/1488/1104 300/1489/367 1103/1490/1105
f 299/1491/365 1103/1490/1105 300/1489/367
f 1103/1490/1105 299/1491/365 1104/1492/1106
f 297/1493/363 1104/1492/1106 299/1491/365
f 1104/1492/1106 297/1493/363 1105/1494/1107
f 293/1495/359 1105/1494/1107 297/1493/363
f 1105/1494/1107 293/1495/359 1106/1496/1108
f 292/1497/358 1106/1496/1108 293/1495/359
f 1106/1496/1108 292/1497/358 1107/1498/1109
f 1006/1499/1018 1107/1498/1109 292/1497/358
f 1107/1498/1109 1006/1499/1018 1108/1500/1110
f 1003/1501/1015 1108/1500/1110 1006/1499/1018
f 1108/1500/1110 1003/1501/1015 1109/1502/1111
f 1001/1503/1014 1109/1502/1111 1003/1501/1015
f 1109/1502/1111 1001/1503/1014 1110/1504/1112
f 999/1505/1011 1110/1504/1112 1001/1503/1014
f 1110/1504/1112 999/1505/1011 1111/1506/1113
f 998/1479/1010 1111/1506/1113 999/1505/1011
f 1112/1481/1100 1111/1506/1113 998/1479/1010
f 1099/1482/1101 1111/1506/1113 1112/1481/1100
f 1100/1484/1102 1111/1506/1113 1099/1482/1101
f 1111/1506/1113 1100/1484/1102 1110/1504/1112
f 1101/1486/1103 1110/1504/1112 1100/1484/1102
f 1110/1504/1112 1101/1486/1103 1109/1502/1111
f 1102/1488/1104 1109/1502/1111 1101/1486/1103
f 1109/1502/1111 1102/1488/1104 1108/1500/1110
f 1103/1490/1105 1108/1500/1110 1102/1488/1104
f 1108/1500/1110 1103/1490/1105 1107/1498/1109
f 1104/1492/1106 1107/1498/1109 1103/1490/1105
f 1107/1498/1109 1104/1492/1106 1106/1496/1108
f 1105/1494/1107 1106/1496/1108 1104/1492/1106
f 1011/1507/1021 1113/1508/388 1126/1509/1114
f 1126/1509/1114 1113/1508/388 1114/1510/1115
f 317/1511/385 1114/1510/1115 1113/1508/388
f 1114/1510/1115 317/1511/385 1115/1512/1116
f 315/1513/384 1115/1512/1116 317/1511/385
f 1115/1512/1116 315/1513/384 1116/1514/1117
f 314/1515/382 1116/1514/1117 315/1513/384
f 1116/1514/1117 314/1515/382 1117/1516/1118
f 312/1517/380 1117/1516/1118 314/1515/382
f 1117/1516/1118 312/1517/380 1118/1518/1119
f 310/1519/378 1118/1518/1119 312/1517/380
f 1118/1518/1119 310/1519/378 1119/1520/1120
f 309/1521/376 1119/1520/1120 310/1519/378
f 1119/1520/1120 309/1521/376 1120/1522/1121
f 290/1523/356 1120/1522/1121 309/1521/376
f 1120/1522/1121 290/1523/356 1121/1524/1122
f 291/1525/357 1121/1524/1122 290/1523/356
f 1121/1524/1122 291/1525/357 1122/1526/1123
f 994/1527/1005 1122/1526/1123 291/1525/357
f 1122/1526/1123 994/1527/1005 1123/1528/1124
f 991/1529/1003 1123/1528/1124 994/1527/1005
f 1123/1528/1124 991/1529/1003 1124/1530/1125
f 990/1531/1002 1124/1530/1125 991/1529/1003
f 1124/1530/1125 990/1531/1002 1125/1532/1126
f 1013/1533/1024 1125/1532/1126 990/1531/1002
f 1125/1532/1126 1013/1533/1024 1127/1534/1127
f 1011/1507/1021 1127/1534/1127 1013/1533/1024
f 1126/1509/1114 1127/1534/1127 1011/1507/1021
f 1114/1510/1115 1127/1534/1127 1126/1509/1114
f 1115/1512/1116 1127/1534/1127 1114/1510/1115
f 1127/1534/1127 1115/1512/1116 1125/1532/1126
f 1116/1514/1117 1125/1532/1126 1115/1512/1116
f 1125/1532/1126 1116/1514/1117 1124/1530/1125
f 1117/1516/1118 1124/1530/1125 1116/1514/1117
f 1124/1530/1125 1117/1516/1118 1123/1528/1124
f 1118/1518/1119 1123/1528/1124 1117/1516/1118
f 1123/1528/1124 1118/1518/1119 1122/1526/1123
f 1119/1520/1120 1122/1526/1123 1118/1518/1119
f 1122/1526/1123 1119/1520/1120 1121/1524/1122
f 1120/1522/1121 1121/1524/1122 1119/1520/1120
f 1134/1535/1128 1129/1536/1129 1128/1537/1130
f 1128/1537/1130 1129/1536/1129 1130/1538/1131
f 1130/1538/1131 1129/1536/1129 1131/1539/1132
f 1131/1539/1132 1129/1536/1129 1132/1540/1133
f 1132/1540/1133 1129/1536/1129 1133/1541/1134
f 1134/1535/1128 1133/1541/1134 1129/1536/1129
f 1135/1542/1135 1133/1541/1134 1134/1535/1128
f 1133/1541/1134 1135/1542/1135 1132/1540/1133
f 1136/1543/1136 1132/1540/1133 1135/1542/1135
f 1132/1540/1133 1136/1543/1136 1151/1544/1137
f 1137/1545/1138 1151/1544/1137 1136/1543/1136
f 1151/1544/1137 1137/1545/1138 1138/1546/1139
f 1139/1547/1140 1138/1546/1139 1137/1545/1138
f 1138/1546/1139 1139/1547/1140 1150/1548/1141
f 1140/1549/1142 1150/1548/1141 1139/1547/1140
f 1150/1548/1141 1140/1549/1142 1141/1550/1143
f 1142/1551/1144 1141/1550/1143 1140/1549/1142
f 1141/1550/1143 1142/1551/1144 1143/1552/1145
f 1144/1553/1146 1143/1552/1145 1142/1551/1144
f 1143/1552/1145 1144/1553/1146 1149/1554/1147
f 1145/1555/1148 1149/1554/1147 1144/1553/1146
f 1149/1554/1147 1145/1555/1148 1131/1539/1132
f 1146/1556/1149 1131/1539/1132 1145/1555/1148
f 1131/1539/1132 1146/1556/1149 1147/1557/1150
f 1148/1558/1151 1147/1557/1150 1146/1556/1149
f 1147/1557/1150 1148/1558/1151 1130/1538/1131
f 1128/1537/1130 1130/1538/1131 1148/1558/1151
f 1143/1552/1145 1149/1554/1147 1141/1550/1143
f 1141/1550/1143 1149/1554/1147 1150/1548/1141
f 1150/1548/1141 1149/1554/1147 1151/1544/1137
f 1151/1544/1137 1149/1554/1147 1132/1540/1133
f 1131/1539/1132 1132/1540/1133 1149/1554/1147
f 1158/1559/1152 1155/1560/1153 1152/1561/1154
f 1152/1561/1154 1155/1560/1153 1153/1562/1155
f 1153/1562/1155 1155/1560/1153 1154/1563/1156
f 1154/1563/1156 1155/1560/1153 1156/1564/1157
f 1156/1564/1157 1155/1560/1153 1157/1565/1158
f 1158/1559/1152 1157/1565/1158 1155/1560/1153
f 1159/1566/1159 1157/1565/1158 1158/1559/1152
f 1157/1565/1158 1159/1566/1159 1160/1567/1160
f 1161/1568/1161 1160/1567/1160 1159/1566/1159
f 1160/1567/1160 1161/1568/1161 1156/1564/1157
f 1162/1569/1162 1156/1564/1157 1161/1568/1161
f 1156/1564/1157 1162/1569/1162 1163/1570/1163
f 1164/1571/1164 1163/1570/1163 1162/1569/1162
f 1163/1570/1163 1164/1571/1164 1165/1572/1165
f 1166/1573/1166 1165/1572/1165 1164/1571/1164
f 1165/1572/1165 1166/1573/1166 1167/1574/1167
f 1168/1575/1168 1167/1574/1167 1166/1573/1166
f 1167/1574/1167 1168/1575/1168 1169/1576/1169
f 1170/1577/1170 1169/1576/1169 1168/1575/1168
f 1169/1576/1169 1170/1577/1170 1171/1578/1171
f 1172/1579/1172 1171/1578/1171 1170/1577/1170
f 1171/1578/1171 1172/1579/1172 1173/1580/1173
f 1174/1581/1174 1173/1580/1173 1172/1579/1172
f 1173/1580/1173 1174/1581/1174 1154/1563/1156
f 1175/1582/1175 1154/1563/1156 1174/1581/1174
f 1154/1563/1156 1175/1582/1175 1153/1562/1155
f 1152/1561/1154 1153/1562/1155 1175/1582/1175
f 1165/1572/1165 1167/1574/1167 1163/1570/1163
f 1169/1576/1169 1163/1570/1163 1167/1574/1167
f 1163/1570/1163 1169/1576/1169 1173/1580/1173
f 1171/1578/1171 1173/1580/1173 1169/1576/1169
f 1173/1580/1173 1154/1563/1156 1163/1570/1163
f 1156/1564/1157 1163/1570/1163 1154/1563/1156
f 330/503/400 192/329/242 194/330/243
f 72/130/106 855/1176/868 795/1175/822
f 886/1208/899 887/1209/900 888/1207/898
f 921/1243/934 918/1241/932 919/1242/933
f 952/1276/967 953/1277/968 958/1279/970
f 213/382/268 230/353/266 216/357/269
f 267/437/329 265/434/326 263/425/324
f 1130/1538/1131 1131/1539/1132 1147/1557/1150
f 1150/1548/1141 1151/1544/1137 1138/1546/1139
f 1157/1565/1158 1160/1567/1160 1156/1564/1157
f 401/604/472 410/605/473 411/612/480
f 581/831/650 837/1146/839 579/830/649
f 703/623/487 706/968/751 418/41/35
f 259/531/319 283/447/347 261/448/322
f 351/525/420 362/528/423 363/543/434
f 258/411/316 503/428/331 256/410/315
