# Blender v2.79 (sub 0) OBJ File: ''
# www.blender.org
mtllib o_planktonqueuemesh.mtl
o o_planktonqueuemesh
v -3.879837 33.781811 3.008833
v -3.187837 34.313374 4.404469
v -3.604517 33.477432 3.124173
v -3.408406 33.919170 4.449518
v -3.166276 33.605122 4.476677
v -2.691197 34.055801 5.598262
v -2.499566 33.734562 5.559907
v -1.114025 34.144272 6.639845
v -1.033436 33.816051 6.537845
v 1.174973 34.144272 6.639844
v 1.094384 33.816051 6.537844
v 2.752154 34.055801 5.598260
v 2.560513 33.734562 5.559905
v 3.469363 33.919170 4.449516
v 3.940792 33.781811 3.008830
v -2.516627 34.443375 5.492750
v -1.040615 34.525574 6.477137
v 1.101564 34.525574 6.477136
v 2.577584 34.443375 5.492748
v 3.248783 34.313374 4.404467
v 3.689983 34.185093 3.046643
v 3.483113 35.792812 2.873181
v 3.066852 35.883984 4.226736
v 2.991002 37.306480 2.807181
v 2.572432 37.348190 4.066145
v 2.310043 38.404472 2.961468
v 1.987752 38.388382 3.804353
v 1.273702 39.196274 3.219109
v 1.097943 39.122654 3.600729
v 0.875303 39.185364 3.952406
v 0.385732 39.204353 4.428211
v -0.814357 39.185364 3.952407
v 0.030472 39.508251 3.655517
v -1.119188 39.122654 3.600730
v -1.212757 39.196274 3.219110
v -2.249098 38.404472 2.961469
v -1.926807 38.388382 3.804354
v -2.930048 37.306480 2.807183
v -2.511487 37.348190 4.066147
v -3.422157 35.792812 2.873183
v -3.629028 34.185093 3.046640
v -3.005906 35.883984 4.226738
v -2.434987 36.008694 5.266872
v -1.006286 36.085762 6.242673
v 1.067234 36.085762 6.242672
v 2.495933 36.008694 5.266870
v -1.981338 37.459183 4.858114
v -0.815517 37.523403 5.746261
v 0.876463 37.523403 5.746260
v 2.042283 37.459183 4.858113
v -0.324787 39.204353 4.428212
v -1.518598 38.478012 4.401508
v -0.620927 38.522221 5.107206
v 0.681883 38.522221 5.107206
v 1.579543 38.478012 4.401507
v -0.596985 35.904003 5.561736
v -0.553075 35.839630 5.622443
v -0.694505 35.287239 5.619411
v -0.869385 35.085529 5.528991
v -0.558595 34.894279 5.763793
v -0.869385 33.918068 5.688904
v -0.567064 33.614811 5.926486
v -0.627215 33.108250 5.892879
v -0.004584 33.111351 6.030063
v -0.004584 32.865150 5.987726
v 0.618035 33.108650 5.892890
v 0.557885 33.614811 5.926486
v 0.860205 33.917957 5.688903
v 0.549415 34.893688 5.763793
v 0.860205 35.083759 5.528981
v 0.543895 35.837700 5.622462
v 0.587805 35.904003 5.561736
v -0.004584 34.688881 5.973871
v -2.672659 47.329800 -1.418815
v -2.672660 48.444920 -0.769877
v -2.672659 45.545269 -1.432568
v -2.672660 45.540340 -0.792261
v -2.677284 43.933598 -1.447823
v -2.677286 43.928627 -0.801749
v -2.689923 42.336479 -1.467889
v -2.689923 42.331367 -0.806056
v -2.698976 41.449680 -1.480301
v -2.698976 41.444500 -0.807176
v -2.722766 40.539040 -1.490765
v -2.722767 40.533630 -0.790294
v -1.645807 47.329861 -1.427274
v -2.130926 48.451778 -1.660145
v -1.645808 45.545330 -1.441026
v -2.130926 45.547199 -1.682530
v -1.641183 43.933670 -1.456359
v -2.130670 43.935551 -1.700036
v -1.628547 42.336540 -1.476632
v -2.130423 42.338459 -1.726243
v -1.619493 41.449749 -1.489193
v -2.130926 41.451710 -1.743035
v -2.063342 40.679001 -1.762308
v -2.130926 47.331730 -1.668777
v -2.672660 48.449860 -1.410183
v -1.645807 48.444859 -0.761408
v -1.645806 47.324799 -0.770040
v -1.645808 48.449921 -1.418642
v -1.645807 45.540279 -0.783792
v -1.641182 43.928558 -0.793204
v -1.628546 42.331299 -0.797303
v -1.619492 41.444427 -0.798273
v -2.130922 48.443077 -0.530829
v -2.672659 47.324860 -0.778509
v -2.130922 47.323017 -0.539461
v -2.130924 45.538490 -0.553213
v -2.130668 43.926769 -0.560547
v -2.130421 42.329460 -0.558958
v -2.130923 41.442558 -0.555836
v -2.130923 40.815807 -0.525743
v -3.596538 48.777161 -0.161254
v -3.596537 48.432888 -0.163906
v -0.721931 48.791477 -2.019845
v -0.721931 48.447208 -2.022498
v -2.124996 48.796810 -2.710531
v -2.124996 48.452530 -2.713184
v -0.721930 48.776970 -0.136992
v -0.721930 48.432697 -0.139645
v -2.124987 48.771870 0.524750
v -2.124987 48.427597 0.522097
v -2.630091 51.903080 -1.357466
v -2.630090 51.898548 -0.770249
v -2.636433 50.374187 -1.373135
v -2.636431 50.369598 -0.778010
v -1.688377 51.903130 -1.365224
v -1.682036 50.374237 -1.380997
v -2.132877 51.904839 -1.586715
v -2.132523 50.375980 -1.605471
v -1.653502 48.789539 -1.411170
v -2.130926 48.791370 -1.649066
v -1.688376 51.898487 -0.762483
v -1.682036 50.369537 -0.770139
v -1.653501 48.784550 -0.763786
v -2.132874 51.896870 -0.551031
v -2.664966 48.784618 -0.772127
v -2.132520 50.367889 -0.555841
v -2.130922 48.782799 -0.536673
v -3.651993 52.230457 -0.097437
v -3.651993 51.888371 -0.100074
v -0.666474 52.245338 -2.027738
v -0.666474 51.903259 -2.030375
v -2.127356 52.250877 -2.746331
v -2.127356 51.908791 -2.748967
v -0.666474 52.230270 -0.072240
v -0.666474 51.888187 -0.074876
v -2.127347 52.224979 0.613780
v -2.127347 51.882900 0.611143
v -2.574192 56.191818 -0.772617
v -2.588759 54.251820 -1.314032
v -2.628611 52.238537 -1.353974
v -2.628610 52.234020 -0.768602
v -1.744276 56.195869 -1.296957
v -1.729708 54.251869 -1.321108
v -2.135933 56.197369 -1.492153
v -1.689857 52.238590 -1.361707
v -2.135115 54.253429 -1.523157
v -2.132877 52.240299 -1.582502
v -1.744276 56.191757 -0.765773
v -1.729708 54.247639 -0.771275
v -1.689857 52.233959 -0.760860
v -2.588758 54.247688 -0.778360
v -2.135931 56.190338 -0.579424
v -2.135113 54.246147 -0.578385
v -2.132874 52.232338 -0.550074
v -3.638721 56.493019 -0.095116
v -3.638721 56.192699 -0.097431
v -0.679744 56.507427 -1.964596
v -0.679745 56.207108 -1.966911
v -2.076158 56.512787 -2.660545
v -2.076158 56.212467 -2.662860
v -0.679744 56.492840 -0.070713
v -0.679744 56.192509 -0.073028
v -2.076149 56.487709 0.593692
v -2.076149 56.187389 0.591376
v -2.503202 60.080502 -1.216671
v -2.503202 60.077202 -0.787699
v -2.559353 58.296833 -1.264834
v -1.815262 60.080551 -1.222338
v -2.139919 60.081802 -1.384142
v -1.759112 58.296871 -1.271427
v -2.136765 58.298321 -1.459644
v -1.750760 56.490768 -1.290604
v -2.136298 56.492249 -1.482749
v -1.815262 60.077164 -0.782025
v -1.759112 58.292923 -0.759236
v -1.750760 56.486740 -0.767719
v -2.139917 60.075974 -0.627556
v -2.559353 58.292984 -0.765835
v -2.567708 56.486790 -0.774457
v -2.136763 58.291542 -0.579550
v -2.136294 56.485317 -0.584283
v -3.504638 60.390171 -1.828110
v -3.504637 60.377243 -0.150225
v -3.504637 60.083721 -0.152487
v -0.813829 60.390343 -1.850277
v -0.813829 60.096821 -1.852538
v -2.083686 60.395214 -2.483154
v -2.083687 60.101711 -2.485416
v -0.813828 60.377071 -0.128034
v -0.813828 60.083553 -0.130296
v -2.083679 60.372414 0.476158
v -2.083680 60.078903 0.473895
v -2.271967 64.443237 -1.041315
v -2.353351 63.178261 -1.100946
v -2.271967 64.442169 -0.900721
v -2.439993 61.463223 -1.167271
v -2.439993 61.460533 -0.817128
v -2.482903 60.369431 -1.202002
v -2.482902 60.366333 -0.798346
v -2.152904 64.443665 -1.096202
v -1.965117 63.178284 -1.104145
v -1.878472 61.463253 -1.171897
v -2.143468 61.464283 -1.303966
v -1.835563 60.369484 -1.207334
v -2.141057 60.370651 -1.359587
v -2.148334 63.178993 -1.195457
v -2.046499 64.443268 -1.043172
v -1.965116 63.176361 -0.855656
v -1.878472 61.460484 -0.812498
v -1.835563 60.366283 -0.793008
v -2.152903 64.441757 -0.848235
v -2.353351 63.176392 -0.858858
v -2.143466 61.459511 -0.686415
v -2.141056 60.365173 -0.647655
v -2.148332 63.175694 -0.768482
v -2.046499 64.442154 -0.898861
v 2.672660 48.760654 -0.767446
v 2.672659 47.329800 -1.418817
v 2.672657 45.545269 -1.432569
v 2.672658 45.540340 -0.792263
v 2.677283 43.933609 -1.447825
v 2.677283 43.928627 -0.801750
v 2.689919 42.336468 -1.467892
v 2.689920 42.331367 -0.806058
v 2.698973 41.449680 -1.480303
v 2.698974 41.444500 -0.807178
v 1.645806 48.765652 -1.416210
v 2.130924 48.767521 -1.657714
v 1.645805 47.329861 -1.427275
v 2.130924 47.331718 -1.668778
v 2.130924 45.547199 -1.682531
v 2.130668 43.935551 -1.700039
v 2.130421 42.338459 -1.726245
v 2.130924 41.451710 -1.743037
v 2.063340 40.679001 -1.762311
v 1.645805 45.545330 -1.441028
v 1.641180 43.933670 -1.456360
v 1.628544 42.336540 -1.476633
v 1.619490 41.449749 -1.489194
v 1.599410 40.790878 -1.498075
v 1.645806 47.324799 -0.770041
v 1.645805 45.540268 -0.783794
v 1.641179 43.928558 -0.793205
v 1.628544 42.331299 -0.797303
v 1.619490 41.444427 -0.798274
v 1.599410 40.930611 -0.777961
v 2.130922 48.758812 -0.528397
v 2.672660 47.324860 -0.778511
v 2.130922 47.323017 -0.539462
v 1.645807 48.760593 -0.758976
v 2.130921 45.538490 -0.553215
v 2.130665 43.926758 -0.560549
v 2.130419 42.329460 -0.558960
v 2.130921 41.442558 -0.555837
v 2.130920 40.815807 -0.525746
v 3.596537 49.092892 -0.158823
v 3.596536 48.762764 -1.995834
v 3.596537 48.748623 -0.161476
v 0.721929 49.107208 -2.017412
v 0.721929 48.762943 -2.020065
v 2.124994 49.112541 -2.708100
v 2.124994 48.768272 -2.710753
v 0.721930 49.092697 -0.134560
v 0.721930 48.748432 -0.137212
v 2.124987 49.087601 0.527182
v 2.124987 48.743343 0.524529
v 2.630090 52.219353 -0.767779
v 2.636431 50.374184 -1.373137
v 2.664966 49.105213 -1.400407
v 2.664966 49.100353 -0.769696
v 1.688375 52.223934 -1.362752
v 2.132876 52.225632 -1.584243
v 1.682034 50.374241 -1.380999
v 2.132521 50.375984 -1.605472
v 2.130924 49.107101 -1.646635
v 1.653500 49.105282 -1.408739
v 1.682035 50.369541 -0.770141
v 1.653501 49.100281 -0.761353
v 2.636431 50.369602 -0.778012
v 2.132874 52.217651 -0.548562
v 1.688376 52.219284 -0.760012
v 2.132520 50.367893 -0.555842
v 2.130922 49.098534 -0.534241
v 3.651993 52.551262 -0.094968
v 3.651992 52.223854 -2.002737
v 3.651993 52.209171 -0.097604
v 0.666473 52.566120 -2.025268
v 2.127354 52.571663 -2.743859
v 0.666473 52.224030 -2.027903
v 2.127354 52.229584 -2.746496
v 0.666473 52.551060 -0.069769
v 0.666473 52.208981 -0.072405
v 2.127347 52.545784 0.616251
v 2.127347 52.203693 0.613614
v 2.574191 56.011414 -0.774009
v 2.588758 54.251823 -1.314034
v 2.628609 52.559311 -1.351504
v 1.744274 56.015442 -1.298349
v 1.729706 54.251873 -1.321110
v 2.135931 56.016953 -1.493545
v 2.135113 54.253433 -1.523159
v 2.132875 52.561092 -1.580032
v 1.689856 52.559383 -1.359236
v 1.744275 56.011353 -0.767165
v 1.729707 54.247631 -0.771277
v 1.689856 52.554764 -0.758389
v 2.588758 54.247692 -0.778362
v 2.135930 56.009911 -0.580817
v 2.135112 54.246151 -0.578387
v 2.132874 52.553123 -0.547604
v 3.638720 56.326824 -1.941615
v 3.638721 56.312603 -0.096509
v 3.638720 56.026501 -1.943929
v 3.638721 56.012291 -0.098824
v 0.679742 56.327007 -1.965987
v 2.076156 56.332382 -2.661938
v 0.679743 56.026688 -1.968301
v 2.076155 56.032051 -2.664253
v 0.679743 56.312408 -0.072105
v 0.679744 56.012100 -0.074419
v 2.076149 56.307293 0.592299
v 2.076149 56.006973 0.589985
v 2.503202 59.761467 -0.790133
v 2.559353 58.116405 -1.266228
v 2.567707 56.310303 -1.285266
v 2.567707 56.306374 -0.775849
v 1.815262 59.764828 -1.224774
v 1.759112 58.116467 -1.272818
v 2.139918 59.766068 -1.386577
v 2.136765 58.117905 -1.461035
v 2.136297 56.311832 -1.484142
v 1.750759 56.310364 -1.291995
v 1.815262 59.761425 -0.784460
v 1.759112 58.112514 -0.760628
v 1.750759 56.306332 -0.769110
v 2.139917 59.760235 -0.629990
v 2.559353 58.112568 -0.767228
v 2.136763 58.111126 -0.580943
v 2.136294 56.304913 -0.585674
v 3.504637 60.061508 -0.152661
v 3.504637 59.780930 -1.832809
v 3.504637 59.768002 -0.154923
v 0.813828 60.074604 -1.852711
v 2.083684 60.079487 -2.485590
v 0.813828 59.781094 -1.854973
v 2.083685 59.785965 -2.487851
v 0.813828 60.061344 -0.130468
v 0.813828 59.767822 -0.132730
v 2.083679 60.056686 0.473722
v 2.083680 59.763165 0.471460
v 2.271967 64.443253 -1.041316
v 2.271967 64.442169 -0.900723
v 2.353351 63.178265 -1.100949
v 2.353351 63.176395 -0.858859
v 2.439992 61.463215 -1.167274
v 2.439993 61.460526 -0.817131
v 2.482902 60.053715 -1.204437
v 2.482902 60.050587 -0.800781
v 2.046499 64.443268 -1.043174
v 2.152903 64.443665 -1.096203
v 1.965116 63.178288 -1.104146
v 2.148333 63.178997 -1.195460
v 2.143468 61.464287 -1.303968
v 2.141057 60.054928 -1.362023
v 1.878472 61.463257 -1.171899
v 1.835563 60.053745 -1.209767
v 1.965116 63.176365 -0.855658
v 1.878472 61.460487 -0.812499
v 1.835563 60.050556 -0.795441
v 2.152903 64.441757 -0.848236
v 2.148332 63.175697 -0.768484
v 2.046499 64.442139 -0.898863
v 2.143466 61.459515 -0.686417
v 2.141056 60.049435 -0.650090
v -2.303408 40.236427 2.423666
v -2.524108 40.411198 2.238364
v -2.313685 40.338760 2.606729
v -1.974334 40.604118 3.063899
v -2.720623 40.077061 2.525356
v -1.995123 40.386379 2.288519
v -2.465811 39.864330 2.698129
v -2.690622 39.644501 2.699564
v -2.768204 39.505501 2.786104
v -1.152518 40.504829 2.560302
v -1.232506 40.437420 3.585601
v -2.136296 40.325661 3.279047
v -2.270320 39.810238 3.290659
v -2.448339 39.968208 2.875236
v -2.006232 39.464718 2.957408
v 0.000001 39.718510 3.623446
v 1.326577 39.631290 3.319801
v 1.305494 39.911098 3.627596
v 2.270321 39.810238 3.290658
v 2.768207 39.505508 2.786102
v -1.305495 39.911091 3.627598
v 0.000000 39.974960 3.840682
v 0.000000 40.506569 3.789298
v 1.232506 40.437420 3.585600
v 2.690622 39.644501 2.699563
v -2.070858 24.397032 -0.105058
v -2.141395 25.214552 0.139207
v -3.455332 25.239801 0.256399
v -3.314397 27.227272 0.856189
v 1.285887 26.269661 0.128840
v 3.314394 27.227272 0.856187
v 2.141392 25.214552 0.139205
v 3.455328 25.239801 0.256395
v -4.969276 24.037722 2.673537
v -4.953752 23.871582 2.661238
v -5.302039 24.939362 1.102921
v -5.295759 26.624241 0.673664
v -5.274061 26.561842 0.880813
v -1.285887 26.269661 0.128840
v 0.000000 26.608761 0.196073
v 1.067877 25.542631 0.387107
v -1.236969 24.849512 2.440706
v -0.554172 24.850962 2.846159
v -0.826014 24.657181 1.777500
v -1.068094 24.233391 0.302710
v -0.000001 24.609341 1.777500
v -0.000002 24.151081 0.404316
v 0.826012 24.657181 1.777499
v 1.766434 24.796003 1.777499
v 0.554170 24.850962 2.846159
v 1.236967 24.849522 2.440705
v -0.000001 24.823521 2.858464
v -3.952632 24.955070 2.707035
v -3.431947 24.120041 3.203292
v -2.911261 24.832901 3.699547
v -2.911261 24.059261 3.699547
v -2.181842 24.832901 4.043435
v -2.181842 24.060781 4.043434
v -0.726210 24.832901 4.523387
v -0.726210 24.062302 4.523386
v 0.000000 24.832901 4.659452
v 0.000000 24.062302 4.659452
v 0.726214 24.062302 4.523386
v 0.726214 24.832901 4.523386
v 1.452429 24.062302 4.387321
v 1.452429 24.832901 4.387320
v 2.181847 24.060781 4.043433
v 2.181847 24.832901 4.043433
v 2.911264 24.059261 3.699545
v 3.431948 24.121861 3.203290
v 3.952633 24.184471 2.707033
v 3.952633 24.955070 2.707033
v -3.834442 24.184471 2.494867
v -2.399874 27.362251 3.617620
v -1.766341 27.361570 4.005299
v -3.033408 27.362921 3.229943
v -3.642359 27.363932 2.558337
v 0.000000 27.165321 2.007271
v -0.883170 27.363232 4.157979
v 0.000002 27.364882 4.310660
v 0.883173 27.363232 4.157978
v 1.766345 27.361570 4.005298
v 3.033410 27.362921 3.229939
v 3.642359 27.363932 2.558333
v -3.902292 26.563131 2.731484
v -3.642358 26.563501 2.558336
v -3.239452 26.562820 3.457601
v -3.033408 26.563242 3.229943
v -2.502618 26.562771 3.907655
v -2.399874 26.563372 3.617621
v -1.765783 26.562721 4.357708
v -1.766341 26.563492 4.005299
v -0.882891 26.563171 4.530100
v -0.883170 26.563551 4.157979
v 0.000002 26.563622 4.702491
v 0.883173 26.563560 4.157978
v 0.882894 26.563171 4.530098
v 1.766345 26.563492 4.005298
v 1.765787 26.562721 4.357705
v 2.399877 26.563372 3.617619
v 2.502620 26.562771 3.907652
v 3.033410 26.563242 3.229939
v 3.239453 26.562820 3.457597
v 3.642360 26.563652 2.558333
v 3.902294 26.563282 2.731482
v -3.902293 27.363602 2.731484
v -4.860641 25.719742 2.891394
v -4.450601 25.765732 3.458874
v -3.239452 27.362532 3.457601
v -3.217798 25.771172 4.354363
v -2.502618 27.361721 3.907655
v -1.765783 27.360901 4.357707
v -1.739137 25.772072 5.027323
v -0.882891 27.361240 4.530100
v 0.882894 27.361240 4.530098
v 1.739143 25.770802 5.027321
v 1.765786 27.360901 4.357705
v 2.502620 27.361721 3.907651
v 3.217802 25.770111 4.354361
v 3.239452 27.362532 3.457597
v 4.450599 25.764931 3.458870
v 4.860639 25.719381 2.891390
v 3.902293 27.363602 2.731481
v 0.000002 26.563622 4.310660
v 2.465856 27.362322 3.577244
v -5.069490 25.543131 2.181836
v -4.884271 25.507421 2.871037
v -4.450600 25.717041 3.456125
v -4.450598 25.549082 3.571923
v -3.217472 25.497541 4.500441
v -2.480152 25.481201 4.837585
v -1.742833 25.464861 5.174730
v 0.000004 25.464911 5.480270
v 1.739146 25.716061 5.041157
v 3.217475 25.497551 4.500439
v 4.450603 25.549082 3.571921
v 4.450603 25.717041 3.456122
v 4.860639 25.665352 2.887273
v 5.069488 25.543131 2.181833
v 0.000002 36.154499 5.505538
v -0.592394 35.904003 5.460779
v -0.548486 35.839630 5.521486
v -0.864797 35.085529 5.428036
v -0.689910 35.287239 5.518455
v -0.864797 33.918068 5.587950
v 0.000002 34.688881 5.872915
v -0.562477 33.614811 5.825531
v 0.000002 33.111351 5.929107
v -0.622627 33.108250 5.791924
v 0.562481 33.614811 5.825530
v 0.864800 33.917957 5.587948
v 0.554007 34.893688 5.662835
v 0.689913 35.286629 5.518451
v 0.548489 35.837700 5.521506
v 0.592397 35.904003 5.460779
v 2.524107 40.411190 2.238361
v 2.313685 40.338749 2.606728
v 2.136297 40.325661 3.279045
v 1.974333 40.604111 3.063897
v 1.152518 40.504829 2.560301
v 1.995123 40.386379 2.288518
v 1.171200 40.666630 3.338492
v 0.000000 40.714081 3.509418
v -0.000000 40.570969 2.721981
v 2.303408 40.236427 2.423664
v 2.170352 39.913967 2.657911
v 2.465809 39.864338 2.698130
v 2.720622 40.077061 2.525353
v 2.448337 39.968201 2.875234
v 4.969278 24.041401 2.673532
v 5.034351 23.739792 1.777741
v 5.092484 24.036312 1.826251
v 5.307250 24.696590 0.823803
v 5.302041 24.948471 1.102917
v 5.295757 26.624231 0.673659
v 5.274058 26.561831 0.880808
v 5.130457 27.697041 1.900103
v 3.834444 24.955070 2.494864
v -3.431947 24.893991 3.203292
v -3.834442 24.955070 2.494866
v -3.309219 24.893991 2.959452
v -2.783995 24.832901 3.424039
v -2.076195 24.832901 3.775563
v -1.452424 24.832901 4.387321
v -1.368394 24.832901 4.127087
v -0.684195 24.832901 4.262899
v -0.000000 24.832901 4.398711
v 0.684199 24.832901 4.262899
v 1.368399 24.832901 4.127085
v 2.076198 24.832901 3.775561
v 2.783999 24.832901 3.424037
v 2.911264 24.832901 3.699546
v 3.309221 24.893991 2.959450
v 3.431949 24.893991 3.203290
v 3.665462 33.477421 3.124170
v 3.227223 33.605114 4.476675
v -1.171201 40.666630 3.338494
v -1.766435 24.796003 1.777501
v -1.217982 25.248241 2.311034
v -0.554067 25.287411 2.650411
v -0.000001 25.238003 2.672572
v 0.554066 25.287411 2.650411
v 1.662771 25.278271 1.653889
v -1.067881 25.542631 0.387108
v -1.662772 25.278271 1.653890
v -0.825832 25.605371 1.777500
v -0.000001 25.367092 1.653889
v 0.825831 25.605371 1.777498
v 1.217981 25.248241 2.311033
v -0.000002 25.411430 0.403695
v 0.000001 27.361570 4.702491
v -3.309219 24.123392 2.959452
v -2.783995 24.062302 3.424039
v -2.076195 24.062302 3.775563
v -1.368394 24.062302 4.127087
v -0.684195 24.062302 4.262899
v 0.684199 24.062302 4.262899
v 1.368399 24.062302 4.127086
v 2.783999 24.062302 3.424037
v 3.309221 24.123381 2.959451
v -0.395004 35.447559 5.752532
v -0.004584 35.529049 5.833344
v 0.385825 35.447548 5.752532
v 0.685325 35.286629 5.619409
v -0.004585 36.154499 5.606494
v -0.817793 31.554869 5.740707
v 0.000002 32.865150 5.886772
v 0.000002 31.550388 5.739330
v -0.622219 30.632992 5.507078
v -1.493504 30.601191 5.168110
v -2.307572 32.916069 5.249770
v -3.237256 34.397461 3.606148
v -3.192386 32.737011 3.873991
v -2.560375 30.842751 4.427318
v -1.962938 31.519499 5.276069
v 0.000001 29.702122 5.225543
v 0.000002 30.632082 5.506244
v 0.622222 30.633003 5.507078
v 2.560378 30.842550 4.427217
v 2.307575 32.916080 5.249769
v 3.237257 34.397751 3.606237
v 2.104938 36.054218 4.901462
v 1.773330 37.872089 4.427491
v 2.634522 37.294270 3.313140
v 1.992302 38.345001 3.378234
v 1.332643 38.704868 4.025100
v 1.016726 39.146130 3.607528
v 0.000001 38.780479 4.361775
v 0.000001 39.371910 3.739875
v -1.016726 39.146130 3.607529
v -1.332642 38.704868 4.025101
v -2.104936 36.054230 4.901464
v -2.348947 34.475510 5.124497
v -1.773327 37.872089 4.427493
v -0.757668 37.676727 4.999078
v -0.602376 38.780479 4.361773
v 0.000001 37.677479 4.998807
v 0.602378 38.780479 4.361773
v 0.757671 37.676491 4.999167
v 2.348950 34.475510 5.124496
v 0.864800 35.083759 5.428024
v 1.493507 30.601191 5.168109
v 1.962941 31.519560 5.276085
v 0.817797 31.554869 5.740706
v 0.622631 33.108650 5.791935
v -1.688395 40.404778 -2.462752
v -1.599414 40.790878 -1.498073
v -0.000001 40.912830 -1.613752
v -0.000000 41.032188 -0.134614
v -1.599413 40.930611 -0.777960
v -4.076394 38.760460 -1.643192
v -2.468586 38.523079 -3.760039
v -0.000002 38.432400 -4.568604
v 1.688394 40.404789 -2.462753
v -0.000001 40.409019 -3.011741
v -0.000001 41.116077 0.795390
v -0.923622 40.968807 1.240278
v -1.202903 41.051929 0.223456
v -1.643384 40.906361 0.897202
v -2.570796 40.639408 0.526662
v -2.170352 39.913967 2.657912
v -3.055964 39.426727 2.125577
v -3.721511 36.224991 2.878479
v -4.076395 39.053890 0.973375
v -4.873640 36.068317 1.439285
v -3.016397 35.413891 -4.396574
v -0.000002 35.297741 -5.432293
v 2.468585 38.523079 -3.760040
v 2.722765 40.539040 -1.490767
v -1.970368 40.714920 1.454321
v -0.000000 40.796089 2.178225
v 0.977433 40.774368 1.984554
v 1.970367 40.714920 1.454321
v 3.185000 37.713551 2.768776
v 2.006231 39.464718 2.957407
v 1.138151 39.324150 3.525612
v 0.000001 39.534420 3.737633
v -1.138150 39.324158 3.525615
v -1.326577 39.631290 3.319802
v -2.838310 37.391159 3.190418
v -3.184999 37.713551 2.768780
v -0.977434 40.774368 1.984555
v -0.000001 41.006741 1.508691
v 0.923621 40.968807 1.240277
v 1.643382 40.906361 0.897201
v 1.202901 41.051929 0.223455
v 2.570794 40.639408 0.526659
v 3.055964 39.426739 2.125574
v 4.076395 39.053890 0.973371
v 3.721511 36.224991 2.878473
v 3.205667 36.267658 3.259235
v 2.838311 37.391159 3.190420
v 2.099046 38.604820 3.291499
v -1.992301 38.345009 3.378236
v -2.099045 38.604771 3.291435
v -2.634520 37.294270 3.313141
v -3.205666 36.267670 3.259238
v -2.964925 36.291771 3.431894
v -3.526814 34.488338 3.443576
v -3.951088 34.597439 3.073746
v -5.150037 32.831398 1.623184
v -5.243563 32.695858 -1.766976
v -4.962763 35.717960 -1.685026
v -3.119815 32.583031 -4.655755
v -0.000002 32.537357 -5.757075
v 2.722765 40.533630 -0.790295
v 4.076394 38.759930 -1.643837
v 2.964926 36.291771 3.431892
v 3.526814 34.488499 3.443628
v 3.527630 32.823418 3.707083
v 3.192386 32.737988 3.874453
v 1.554357 29.494282 5.126806
v -3.974076 32.837177 3.334548
v -3.527630 32.823368 3.707066
v -2.895587 30.597570 4.344630
v -3.265317 30.422550 4.076264
v -4.311406 30.545101 3.308882
v -1.501186 29.955662 4.952347
v -1.554355 29.494282 5.126807
v 0.000002 28.928011 5.401013
v -1.661342 29.053942 5.075806
v -1.738239 27.860222 5.184215
v -3.254095 27.818691 4.472244
v -3.227509 29.028511 4.396539
v -5.423886 27.590002 0.177172
v -5.287628 27.796162 -1.982074
v -5.199966 30.534681 1.641047
v -5.356399 30.458141 -1.856232
v -3.189615 30.393921 -4.734680
v -0.000002 30.366301 -5.830402
v 3.119811 32.583031 -4.655756
v 3.016393 35.413891 -4.396576
v 4.962762 35.717949 -1.685039
v 5.243560 32.695858 -1.766979
v 5.150037 32.831409 1.623181
v 4.873640 36.068317 1.439281
v 3.951087 34.597610 3.073807
v 3.974075 32.837269 3.334604
v 3.265319 30.422571 4.076272
v 2.895591 30.597570 4.344627
v 4.311408 30.545151 3.308926
v 1.661345 29.053942 5.075805
v 3.227511 29.028511 4.396535
v 3.254096 27.818691 4.472240
v 1.738242 27.860222 5.184213
v -3.739220 6.864105 -0.596644
v -2.831939 5.458343 -0.965890
v -2.844456 6.864105 -1.077012
v -2.840608 7.281665 -1.166244
v -2.890721 9.718320 -3.538495
v -4.533561 9.718324 -1.441410
v -3.824643 7.747998 -0.838696
v -3.738574 6.864105 0.595979
v -3.691809 5.458339 0.559225
v -3.691809 5.458339 -0.560113
v -2.033877 3.999130 -0.479423
v -1.934160 5.458343 -0.547572
v -1.934157 5.458343 0.546678
v -1.813189 6.864105 -0.660892
v -1.813186 6.864105 0.662358
v -0.860737 6.601408 -1.221541
v -2.219793 7.747997 -2.369098
v -3.106643 12.592619 -4.230004
v -5.060342 12.592620 -1.582946
v -4.533551 9.718324 1.595839
v -2.005530 7.747998 3.416316
v -3.824643 7.747998 0.840169
v -2.810694 7.256456 1.157631
v -2.815237 6.864105 1.085556
v -2.805800 5.458343 0.955818
v -3.592090 3.999129 -0.490388
v -2.829788 3.999130 -0.845195
v -2.828748 3.377476 -0.793191
v -2.082102 3.377477 -0.449852
v -2.082098 3.377477 0.447724
v -2.033875 3.999130 0.477377
v -2.807009 3.377477 0.783120
v -2.806616 3.999130 0.835123
v -0.860736 6.601408 1.907015
v -1.193400 6.577300 0.189772
v 0.000000 6.435107 0.189772
v 0.000001 6.601408 2.207546
v 0.860737 6.601408 1.907015
v 1.193400 6.577300 0.189771
v 0.860736 6.601408 -1.221541
v -0.000001 6.601408 -1.493867
v -0.000001 7.747997 -3.105139
v 2.219791 7.747997 -2.369100
v -0.000002 9.718320 -4.432119
v 3.106639 12.592619 -4.230006
v -0.000002 12.592619 -5.241086
v -3.160700 15.390859 -4.529296
v -5.210983 15.390860 1.695984
v -5.060332 12.592620 1.677160
v -3.201811 12.592621 4.390582
v -2.676457 9.718325 4.177682
v 0.000004 9.718325 5.163867
v 0.000002 7.747998 4.228579
v 2.005533 7.747998 3.416314
v -2.826432 1.779041 -0.677423
v -2.189457 1.779041 -0.384515
v -2.189455 1.779041 0.381221
v -3.436510 1.779037 0.390000
v -3.543865 3.377476 0.458015
v 2.840607 7.281665 -1.166246
v 4.533557 9.718321 -1.441413
v 2.890718 9.718320 -3.538497
v -3.543866 3.377476 -0.460139
v -3.592089 3.999129 0.488347
v -3.436511 1.779037 -0.393291
v -3.334908 0.506928 -0.329876
v -3.188668 0.109941 0.233262
v -3.188668 0.109941 -0.238684
v -2.821086 0.109943 -0.410160
v -2.824241 0.506930 -0.567857
v -2.807887 1.779041 0.667352
v -3.334907 0.506928 0.325778
v -2.808717 0.506930 0.557787
v -2.809912 0.109943 0.400089
v -2.437297 0.109943 0.227972
v -2.821086 -0.000000 -0.001588
v -2.437298 0.109943 -0.233396
v -2.291060 0.506930 -0.322530
v -2.291059 0.506930 0.318429
v 0.000005 12.592621 5.427026
v 2.676465 9.718326 4.177680
v 4.533552 9.718325 1.595836
v 3.824643 7.747998 0.840166
v 2.810695 7.256456 1.157629
v 2.815238 6.864105 1.085554
v 0.000004 15.390861 5.487945
v 3.201820 12.592621 4.390580
v 3.824643 7.747998 -0.838699
v 3.739220 6.864105 -0.596647
v 3.691809 5.458339 -0.560116
v 3.738574 6.864105 0.595976
v 3.691809 5.458339 0.559222
v 5.060332 12.592620 1.677156
v 5.060339 12.592620 -1.582950
v 5.210984 15.390860 1.695980
v 5.346264 18.280359 1.695979
v 5.210991 15.390860 -1.784536
v 5.346271 18.280350 -1.923902
v -0.000002 15.390859 -5.577699
v -3.221271 18.280350 -4.732576
v -5.210996 15.390860 -1.784531
v -5.346275 18.280359 -1.923899
v -5.346264 18.280359 1.695984
v -3.400342 18.280359 4.435082
v 0.000005 18.280359 5.482025
v -3.351037 15.390861 4.439866
v 3.351045 15.390861 4.439862
v 3.400350 18.280359 4.435080
v 3.413928 20.603920 4.394228
v 5.376472 20.603920 1.695979
v 5.376480 20.603920 -2.061893
v 3.221267 18.280350 -4.732578
v 3.160696 15.390859 -4.529299
v 2.805801 5.458343 0.955816
v 1.813186 6.864105 0.662357
v 1.934157 5.458343 0.546677
v 1.813189 6.864105 -0.660893
v 2.844455 6.864105 -1.077015
v 1.934160 5.458343 -0.547573
v 2.831939 5.458343 -0.965892
v 2.033877 3.999130 -0.479424
v 2.082102 3.377477 -0.449854
v 2.829788 3.999129 -0.845197
v 3.543866 3.377476 -0.460142
v 3.592090 3.999129 -0.490391
v 2.828748 3.377476 -0.793194
v 2.189457 1.779041 -0.384517
v 3.436510 1.779037 -0.393294
v 3.543866 3.377476 0.458013
v 3.592090 3.999129 0.488344
v 2.826432 1.779041 -0.677425
v 2.291060 0.506930 -0.322532
v 2.824241 0.506930 -0.567859
v 3.334907 0.506928 -0.329879
v 3.436510 1.779037 0.389998
v 2.033875 3.999130 0.477375
v 2.806616 3.999130 0.835121
v 2.082099 3.377477 0.447722
v 2.807009 3.377477 0.783118
v 2.807887 1.779041 0.667350
v 2.189455 1.779041 0.381219
v 2.808717 0.506930 0.557784
v 2.291059 0.506930 0.318427
v 2.809912 0.109943 0.400087
v 2.437297 0.109943 0.227970
v 2.821086 -0.000000 -0.001590
v 2.437298 0.109943 -0.233398
v 2.821086 0.109943 -0.410162
v 3.188668 0.109941 -0.238686
v 3.334907 0.506928 0.325775
v 3.188668 0.109941 0.233260
v -3.596538 48.447029 -1.998265
v -2.664967 48.789478 -1.402838
v -3.596539 48.791298 -1.995612
v -3.651994 51.903057 -2.005207
v -3.651994 52.245148 -2.002570
v -2.574192 56.195808 -1.290121
v -3.638722 56.206917 -1.942536
v -2.567708 56.490719 -1.283873
v -3.638722 56.507240 -1.940221
v -3.504638 60.096661 -1.830373
v -0.390418 35.447559 5.651575
v -0.554004 34.894279 5.662837
v 0.000002 35.529049 5.732387
v 0.390421 35.447548 5.651576
v 2.672659 48.765583 -1.407752
v 3.596536 49.107033 -1.993181
v 2.630090 52.223873 -1.354996
v 2.628610 52.554802 -0.766133
v 3.651992 52.565941 -2.000102
v 2.574191 56.015392 -1.291513
v 2.503202 59.764774 -1.219107
v 3.504636 60.074440 -1.830547
v -4.548377 26.580532 3.449090
v -3.258373 26.592522 4.478140
v -1.738445 26.601782 5.184215
v 0.000003 25.771851 5.331343
v 0.000002 26.604391 5.476353
v 1.738449 26.601782 5.184213
v 3.258377 26.592522 4.478136
v 4.548375 26.580532 3.449085
v 5.356442 26.455971 1.972316
v 5.358563 25.335011 1.889204
v 4.969631 25.173462 2.906695
v 4.884268 25.507401 2.871033
v 4.450601 25.084631 3.604948
v 3.215759 25.061811 4.500439
v 1.758928 25.086422 5.180517
v 1.742841 25.464851 5.174728
v 0.000005 25.091492 5.491060
v -1.758923 25.085802 5.180519
v -3.215755 25.061771 4.500441
v -4.450600 25.084831 3.604952
v -4.969634 25.181242 2.906699
v -5.235195 25.198481 2.397444
v -5.358565 25.335732 1.889208
v -5.356444 26.455462 1.972320
v -5.433411 26.495602 1.221120
v -5.030175 26.488241 2.327952
v -5.130458 27.697041 1.900108
v 4.662230 27.736671 3.314229
v 5.030173 26.488232 2.327948
v 5.433405 26.495041 1.221115
v 5.471742 25.150372 1.514730
v 5.201042 24.642872 2.297156
v 5.235192 25.198471 2.397440
v 4.964161 24.749882 2.876682
v 3.213366 24.464802 4.497166
v 1.778773 24.495762 5.169584
v -1.778768 24.495762 5.169586
v -3.213362 24.466032 4.497168
v -4.964159 24.749872 2.876686
v -5.471741 25.148661 1.514734
v -5.201040 24.642872 2.297160
v -5.092484 24.034161 1.826256
v -4.662229 27.736662 3.314235
v -4.769130 28.492620 2.852974
v -5.361333 25.470081 -2.112221
v -0.000002 27.797628 -6.027490
v 5.356396 30.458141 -1.856257
v 5.199967 30.534710 1.641104
v 4.769131 28.492632 2.852971
v -5.368165 24.769331 -0.631066
v -5.383936 22.631750 -2.011973
v -3.223321 22.631750 -4.881730
v -0.000002 22.631748 -5.965460
v -3.223322 25.470091 -4.949462
v -0.000002 25.470089 -6.033191
v -3.223246 27.797630 -4.909363
v 3.189610 30.393921 -4.734682
v 3.223242 27.797630 -4.909366
v 5.423884 27.590002 0.177168
v 0.000002 27.873701 5.470392
v 1.501189 29.955662 4.952346
v 0.000002 29.335861 5.527575
v 5.368166 24.769331 -0.631070
v 5.360435 22.631750 0.839961
v 5.077761 22.640810 2.262973
v 4.953754 23.877541 2.661234
v 4.770671 24.312120 3.180284
v 3.389335 22.628340 4.430518
v 1.761913 22.629629 5.165356
v 0.000005 24.506792 5.486153
v 0.000005 22.630259 5.486153
v -3.389331 22.628340 4.430521
v -4.770669 24.313732 3.180288
v -5.034351 23.737841 1.777746
v -5.307254 24.687571 0.823808
v -5.077759 22.640810 2.262977
v -5.360438 22.631750 0.839965
v -5.376484 20.603920 -2.061888
v -3.223322 20.603920 -4.873997
v 3.223318 22.631750 -4.881732
v 3.223318 25.470091 -4.949464
v 5.287626 27.796162 -1.982080
v -5.376472 20.603920 1.695984
v -1.761908 22.629629 5.165357
v -3.413919 20.603920 4.394231
v 0.000005 20.602430 5.486154
v 5.383932 22.631750 -2.011977
v 3.223318 20.603920 -4.874000
v -0.000002 18.280350 -5.806108
v -0.000002 20.603918 -5.948343
v 5.361329 25.470081 -2.112225
v -0.000000 24.062302 4.398711
v 1.068091 24.233391 0.302709
v 2.039119 24.062302 3.793976
v 2.070855 24.397032 -0.105059
v 3.834444 24.184471 2.494864
v 3.217804 25.716061 4.368197
v 0.000004 25.716061 5.345170
v -1.739139 25.716061 5.041159
v -1.452424 24.062302 4.387321
v -3.217798 25.716061 4.368200
v -4.860641 25.665361 2.887277
v -3.952632 24.180811 2.707036
v 18.441149 19.321560 -0.352403
v 17.940680 19.456600 -0.411371
v 17.940580 19.454239 0.173731
v 18.443779 19.318949 0.111698
v 18.790169 19.585419 0.181968
v 18.722349 20.020039 0.087251
v 18.684719 20.016479 -0.392781
v 18.784840 19.587339 -0.431048
v 17.997400 20.010359 -0.543218
v 17.145580 20.125170 -0.505985
v 17.142839 19.596470 -0.386349
v 17.142870 19.594229 0.144569
v 18.035940 20.532070 0.164759
v 17.143299 20.678680 0.136427
v 18.032330 20.504469 -0.490947
v 17.142910 20.652239 -0.458555
v 16.368631 19.310942 -0.516151
v 16.381651 19.308252 0.178934
v 17.145649 20.125170 0.253825
v 17.997589 20.010340 0.294138
v 16.383532 19.824541 0.226722
v 16.251572 20.613121 0.225951
v 16.250551 20.585222 -0.573165
v 15.322872 20.444822 -0.096512
v 15.387652 20.195812 -1.055418
v 16.258921 20.426601 -1.192288
v 16.947079 20.536249 -1.239825
v 16.386061 19.824541 -0.525450
v 17.002329 20.124830 -0.615067
v 16.304981 19.392082 -1.191374
v 15.515062 18.499781 -0.160198
v 15.921653 18.596981 0.731093
v 16.983919 19.694050 0.913901
v 14.463962 20.109142 -0.395039
v 13.473920 20.165850 -0.429622
v 14.463961 19.426670 -0.670788
v 16.239981 19.824541 -1.413790
v 16.941830 20.124830 -1.384818
v 15.386891 19.397751 -1.242516
v 14.463961 18.813349 -0.373816
v 15.567203 18.773592 -1.000944
v 17.697790 19.577299 -1.314932
v 18.049839 19.470860 -1.306840
v 17.719179 20.038479 -1.479017
v 17.764259 20.422850 -1.314931
v 16.947079 19.698740 -1.239825
v 17.747810 19.559450 -0.744496
v 18.126230 19.452570 -0.910010
v 18.318359 19.698130 -1.385726
v 18.415001 19.748020 -0.887541
v 18.248779 20.045420 -1.306840
v 17.813480 20.447409 -0.789821
v 16.997389 20.565039 -0.729328
v 17.794519 20.028080 -0.660517
v 16.998850 19.688690 -0.689275
v 14.463961 18.813349 0.447452
v 14.463961 19.426670 0.732457
v 16.291601 18.580412 0.953550
v 16.226122 19.391411 0.908676
v 16.457981 19.368711 1.090436
v 16.286392 19.832792 0.988741
v 16.974730 20.172779 1.051211
v 17.729589 19.563280 1.018239
v 17.821539 19.545919 0.416490
v 17.015970 19.689880 0.377547
v 17.021240 20.126160 0.327336
v 14.463962 20.109142 0.445112
v 15.419152 20.022802 1.200592
v 15.342693 19.182331 1.386626
v 16.332611 19.388741 1.530766
v 15.308923 18.511152 1.077550
v 16.061171 18.875971 1.607196
v 16.074791 18.482882 1.395631
v 16.616781 18.304031 1.599755
v 16.650511 18.463842 1.031186
v 16.876671 19.123682 1.176320
v 16.266211 20.407801 0.899361
v 17.020090 20.588240 0.373210
v 16.983919 20.537840 0.913901
v 17.798700 20.442440 0.996504
v 18.312010 20.050549 0.927375
v 17.749050 20.085659 1.145253
v 18.385340 19.684580 1.045766
v 18.185539 19.433060 0.535020
v 17.874680 20.026720 0.358122
v 17.907270 20.483849 0.411448
v 18.416590 20.071280 0.586335
v 18.102369 19.445080 0.927375
v 18.483589 19.689140 0.533129
v 18.346479 20.069609 -0.978150
v 16.796511 19.171501 1.734427
v 17.175692 18.739311 1.680652
v 16.663902 18.644451 1.874159
v 17.111952 18.467062 1.802760
v 17.058992 18.240801 1.572876
v 17.154781 18.600512 1.368287
v 13.473920 18.756649 -0.406541
v 13.473920 18.756649 0.419750
v 13.473920 19.424740 0.729699
v 12.431410 19.425589 0.778313
v 13.473920 20.165850 0.417205
v 12.431410 20.212799 0.444998
v 13.473920 19.424730 -0.729505
v 12.431410 19.425579 -0.778118
v 12.431410 18.709700 -0.433635
v 12.431410 18.709700 0.447712
v 11.476660 19.426569 0.805682
v 11.476660 20.239229 0.460645
v 12.431410 20.212799 -0.458254
v 11.476660 18.683270 -0.448888
v 10.883690 18.666250 -0.458710
v 11.476660 18.683270 0.463454
v 10.883690 18.666260 0.473591
v 10.883690 19.426569 0.823305
v 10.883690 20.256250 0.470720
v 11.476660 20.239229 -0.474373
v 11.476660 19.426550 -0.805486
v 10.883690 19.426559 -0.823109
v 10.215569 19.426550 -0.840549
v 10.215569 18.649399 -0.468429
v 10.215569 18.649410 0.483623
v 10.215569 19.426569 0.840748
v 10.215569 20.273100 0.480692
v 10.215569 20.273100 -0.495027
v 10.883690 20.256250 -0.484752
v 8.441029 19.425800 -0.871303
v 8.441029 18.613380 -0.485570
v 8.441026 18.613390 0.501314
v 8.441026 19.425810 0.871505
v 8.441026 20.309120 0.498276
v 6.803474 20.360600 0.524882
v 8.441026 20.309120 -0.513140
v 6.803474 20.360600 -0.540548
v 6.803476 19.424400 -0.917838
v 6.803476 18.561899 -0.511505
v 6.803474 18.561909 0.528082
v 6.803475 19.424410 0.918042
v 5.234296 20.397039 0.546149
v 5.234296 20.397039 -0.562456
v 5.234298 19.423670 -0.955036
v 5.234299 18.525459 -0.532237
v 5.234296 18.525459 0.549478
v 5.234297 19.423670 0.955242
v 4.355557 19.423670 0.891717
v 4.355556 20.334810 0.509831
v 4.355563 20.334810 -0.525041
v 4.355564 19.423660 -0.891511
v 4.355563 18.587700 -0.496830
v 4.045835 18.834909 -0.356202
v 4.355556 18.587700 0.512938
v 4.045831 20.035080 0.365583
v 4.045835 20.035080 -0.376430
v 4.045838 19.423670 -0.639192
v 4.045831 18.834909 0.367811
v 4.045831 19.423670 0.639399
v 3.863189 19.423670 0.000192
v -18.441151 19.321560 -0.352389
v -18.784842 19.587339 -0.431034
v -18.032331 20.504469 -0.490933
v -18.722351 20.020039 0.087266
v -18.790171 19.585419 0.181983
v -18.443781 19.318949 0.111712
v -17.940681 19.456600 -0.411357
v -17.997402 20.010359 -0.543204
v -17.142912 20.652239 -0.458541
v -18.035942 20.532070 0.164773
v -18.684721 20.016479 -0.392766
v -17.940582 19.454239 0.173745
v -17.142841 19.596470 -0.386335
v -17.145582 20.125170 -0.505972
v -16.386063 19.824539 -0.525437
v -17.143301 20.678680 0.136441
v -17.145651 20.125170 0.253838
v -17.997591 20.010340 0.294152
v -16.381653 19.308250 0.178946
v -17.142872 19.594229 0.144582
v -16.368633 19.310940 -0.516138
v -16.997391 20.565039 -0.729315
v -16.947081 20.536249 -1.239812
v -16.258923 20.426600 -1.192275
v -16.250553 20.585220 -0.573152
v -16.251572 20.613119 0.225964
v -17.021242 20.126160 0.327349
v -16.383533 19.824539 0.226734
v -15.322872 20.444820 -0.096500
v -15.419152 20.022800 1.200604
v -16.286392 19.832790 0.988754
v -16.266212 20.407799 0.899374
v -16.983921 20.537840 0.913914
v -17.907272 20.483849 0.411462
v -17.020092 20.588240 0.373223
v -17.874681 20.026720 0.358136
v -17.821541 19.545919 0.416504
v -17.015972 19.689880 0.377561
v -17.729591 19.563280 1.018253
v -16.226124 19.391409 0.908689
v -15.921653 18.596979 0.731105
v -16.998852 19.688690 -0.689262
v -17.002331 20.124830 -0.615054
v -17.813482 20.447409 -0.789807
v -17.764261 20.422850 -1.314918
v -17.719181 20.038479 -1.479004
v -16.941832 20.124830 -1.384805
v -16.239983 19.824539 -1.413777
v -15.387652 20.195810 -1.055406
v -14.463960 20.109138 -0.395028
v -14.463960 19.426668 -0.670777
v -13.473920 20.165848 -0.429611
v -13.473920 20.165848 0.417216
v -14.463962 20.109140 0.445124
v -13.473920 19.424738 0.729710
v -14.463962 19.426670 0.732468
v -15.342691 19.182329 1.386638
v -16.332611 19.388739 1.530779
v -16.983921 19.694050 0.913915
v -16.974731 20.172779 1.051224
v -17.798702 20.442440 0.996518
v -18.483591 19.689140 0.533144
v -18.185541 19.433060 0.535034
v -18.102371 19.445080 0.927389
v -18.416592 20.071280 0.586350
v -18.385342 19.684580 1.045780
v -18.312012 20.050549 0.927389
v -17.749052 20.085659 1.145267
v -15.386893 19.397749 -1.242504
v -15.567203 18.773590 -1.000932
v -14.463963 18.813349 -0.373804
v -15.515062 18.499779 -0.160186
v -14.463962 18.813349 0.447463
v -13.473920 19.424728 -0.729494
v -12.431399 20.212797 0.445008
v -12.431399 19.425587 0.778323
v -12.431399 18.709698 0.447722
v -15.308923 18.511150 1.077562
v -16.061172 18.875969 1.607208
v -16.796513 19.171499 1.734440
v -16.650513 18.463840 1.031198
v -16.457981 19.368710 1.090449
v -16.291603 18.580410 0.953563
v -16.074791 18.482880 1.395643
v -16.663902 18.644449 1.874172
v -17.175694 18.739309 1.680665
v -17.154781 18.600510 1.368301
v -16.876671 19.123680 1.176333
v -17.058994 18.240799 1.572890
v -16.616783 18.304029 1.599767
v -17.111954 18.467060 1.802773
v -16.304981 19.392080 -1.191361
v -16.947081 19.698740 -1.239812
v -17.747812 19.559450 -0.744482
v -18.415003 19.748020 -0.887527
v -17.794521 20.028080 -0.660503
v -18.346481 20.069609 -0.978136
v -18.248781 20.045420 -1.306826
v -18.318361 19.698130 -1.385712
v -17.697792 19.577299 -1.314918
v -18.126232 19.452570 -0.909996
v -18.049841 19.470860 -1.306826
v -13.473920 18.756647 -0.406530
v -13.473920 18.756647 0.419761
v -12.431410 18.709698 -0.433625
v -12.431410 19.425577 -0.778108
v -12.431399 20.212797 -0.458244
v -11.476660 20.239227 -0.474364
v -11.476660 20.239227 0.460654
v -11.476660 19.426567 0.805691
v -11.476660 18.683268 0.463463
v -11.476660 19.426548 -0.805477
v -10.883690 20.256248 -0.484744
v -10.883690 20.256248 0.470728
v -10.883690 19.426567 0.823314
v -10.883690 18.666248 0.473599
v -10.883690 18.666248 -0.458701
v -11.476660 18.683268 -0.448879
v -10.215569 20.273088 0.480700
v -10.215569 18.649397 0.483631
v -10.215569 19.426548 -0.840541
v -10.883690 19.426558 -0.823100
v -8.441027 20.309107 -0.513134
v -10.215569 20.273088 -0.495019
v -8.441027 20.309107 0.498283
v -10.215569 18.649397 -0.468421
v -8.441031 18.613379 -0.485563
v -8.441031 19.425798 -0.871297
v -6.803477 19.424400 -0.917832
v -6.803475 20.360600 -0.540542
v -6.803475 20.360600 0.524887
v -6.803474 19.424410 0.918048
v -6.803475 18.561909 0.528087
v -8.441027 19.425798 0.871512
v -10.215569 19.426567 0.840756
v -8.441027 18.613379 0.501321
v -6.803477 18.561899 -0.511500
v -5.234297 20.397039 -0.562452
v -5.234297 20.397039 0.546153
v -5.234296 19.423670 0.955246
v -5.234297 18.525459 0.549482
v -5.234299 18.525459 -0.532233
v -5.234300 19.423670 -0.955032
v -4.355563 20.334810 -0.525037
v -4.355557 20.334810 0.509834
v -4.355556 19.423670 0.891720
v -4.355557 18.587700 0.512942
v -4.045839 19.423670 -0.639189
v -4.355566 19.423660 -0.891507
v -4.045837 20.035080 -0.376427
v -4.045831 18.834909 0.367814
v -4.045837 18.834900 -0.356199
v -4.355565 18.587700 -0.496827
v -4.045831 20.035080 0.365586
v -3.863189 19.423670 0.000195
v -4.045831 19.423670 0.639402
v -3.604517 33.477432 3.124173
v -3.166276 33.605122 4.476677
v -2.499566 33.734562 5.559907
v -1.033436 33.816051 6.537845
v 1.094384 33.816051 6.537844
v 2.560513 33.734562 5.559905
v -3.549368 32.928291 3.271945
v -3.426607 32.340481 3.361954
v -3.117778 33.045631 4.530136
v -3.009816 32.506474 4.584883
v -3.003278 31.075762 3.661056
v -2.400987 29.952913 3.983950
v -2.057227 30.136713 4.759377
v -1.247817 29.183453 4.325726
v -0.838187 29.406092 5.092186
v 0.030473 28.977333 4.730609
v -0.334807 29.418793 5.311201
v 0.395753 29.418793 5.311201
v 0.899133 29.406092 5.092185
v 1.308773 29.183453 4.325725
v 1.128043 29.352201 4.621500
v 2.461933 29.952913 3.983948
v 2.118173 30.136713 4.759375
v 3.064232 31.075762 3.661053
v 2.698483 31.255932 4.755855
v 3.487552 32.340481 3.361951
v 3.070762 32.506474 4.584881
v 3.610312 32.928291 3.271948
v 2.436683 32.624290 5.562226
v 2.522124 33.166294 5.533254
v 1.042313 32.695423 6.396458
v 1.078244 33.240242 6.442410
v -1.017296 33.240242 6.442410
v -2.461177 33.166294 5.533256
v -2.375737 32.624290 5.562228
v -2.637527 31.255932 4.755855
v -1.067098 29.352201 4.621500
v -1.621817 30.212542 5.230700
v -0.664337 30.245802 5.836525
v 0.725283 30.245802 5.836524
v 1.682763 30.212542 5.230700
v -0.981367 32.695423 6.396459
v -2.081086 31.354733 5.436659
v -0.857466 31.408785 6.231984
v 0.918414 31.408785 6.231984
v 2.142043 31.354742 5.436658
v 3.178723 33.045631 4.530133
v 3.916912 33.275063 3.104477
v 3.448363 33.407494 4.500276
v 3.665462 33.477421 3.124170
v 3.227223 33.605114 4.476675
v 2.735533 33.539902 5.610488
v 1.167984 33.624672 6.618334
v -1.107037 33.624672 6.618329
v -2.674577 33.539902 5.610488
v -3.387407 33.407501 4.500277
v -3.855968 33.275051 3.104480
vt -0.805965 0.832672
vt -0.801153 0.824922
vt -0.803363 0.835137
vt -0.798373 0.827562
vt -0.806435 0.819072
vt -0.803850 0.821526
vt -0.818999 0.830187
vt -0.823024 0.824014
vt -0.852125 0.831887
vt -0.853818 0.825580
vt -0.900203 0.831887
vt -0.898510 0.825580
vt -0.933329 0.830187
vt -0.929304 0.824014
vt -0.953955 0.827562
vt -0.948477 0.821526
vt -0.951175 0.824922
vt -0.945893 0.819072
vt -0.822665 0.837635
vt -0.853667 0.839215
vt -0.898661 0.839215
vt -0.929662 0.837635
vt -0.948965 0.835137
vt -0.946363 0.832672
vt -0.942395 0.862863
vt -0.944850 0.865320
vt -0.932955 0.891201
vt -0.933666 0.893458
vt -0.919892 0.911756
vt -0.920439 0.913447
vt -0.900013 0.926580
vt -0.900311 0.927558
vt -0.876164 0.932420
vt -0.893909 0.928763
vt -0.883626 0.929128
vt -0.868702 0.929128
vt -0.858419 0.928763
vt -0.852017 0.927558
vt -0.852315 0.926580
vt -0.832435 0.911756
vt -0.831888 0.913447
vt -0.819373 0.891201
vt -0.818662 0.893458
vt -0.809933 0.862863
vt -0.807478 0.865320
vt -0.824380 0.867716
vt -0.854388 0.869197
vt -0.897940 0.869197
vt -0.927948 0.867716
vt -0.843628 0.915170
vt -0.833908 0.895591
vt -0.858395 0.896825
vt -0.893933 0.896825
vt -0.918419 0.895591
vt -0.862482 0.916019
vt -0.889846 0.916019
vt -0.908700 0.915170
vt 0.854090 0.952829
vt 0.898925 0.939155
vt 0.895602 0.935713
vt 0.919542 0.895177
vt 0.906306 0.906113
vt 0.896020 0.884981
vt 0.919542 0.832358
vt 0.896661 0.816153
vt 0.901213 0.788775
vt 0.854090 0.789060
vt 0.854090 0.775764
vt 0.901213 0.788775
vt 0.896661 0.816153
vt 0.919542 0.832358
vt 0.896020 0.884981
vt 0.919542 0.895177
vt 0.906306 0.906113
vt 0.895602 0.935713
vt 0.898925 0.939155
vt 0.854090 0.873960
vt 0.136132 0.576454
vt 0.136132 0.566352
vt 0.136132 0.576454
vt 0.136132 0.566352
vt 0.136132 0.550808
vt 0.136132 0.550808
vt 0.136244 0.536769
vt 0.136244 0.536769
vt 0.136550 0.522857
vt 0.136550 0.522857
vt 0.136769 0.515132
vt 0.136769 0.515132
vt 0.137344 0.507200
vt 0.137344 0.507200
vt 0.111293 0.576454
vt 0.111293 0.566352
vt 0.123028 0.576454
vt 0.123028 0.566352
vt 0.111293 0.550808
vt 0.123028 0.550808
vt 0.111181 0.536769
vt 0.123022 0.536769
vt 0.110876 0.522857
vt 0.123016 0.522857
vt 0.110656 0.515132
vt 0.123028 0.515132
vt 0.110171 0.509393
vt 0.121393 0.508401
vt 0.111293 0.576454
vt 0.111293 0.566352
vt 0.111293 0.550808
vt 0.111181 0.536769
vt 0.110876 0.522857
vt 0.110656 0.515132
vt 0.110171 0.510658
vt 0.123028 0.576454
vt 0.123028 0.566352
vt 0.123028 0.550808
vt 0.123021 0.536769
vt 0.123016 0.522857
vt 0.123028 0.515132
vt 0.123028 0.509675
vt 0.206364 0.428722
vt 0.206364 0.428722
vt 0.206364 0.318532
vt 0.206364 0.318532
vt 0.043885 0.430178
vt 0.043885 0.430178
vt 0.123189 0.471668
vt 0.123189 0.471668
vt 0.043885 0.317074
vt 0.043885 0.317074
vt 0.123189 0.277323
vt 0.123189 0.277323
vt 0.135102 0.607714
vt 0.135256 0.592872
vt 0.135102 0.607714
vt 0.135256 0.592872
vt 0.135946 0.579083
vt 0.135946 0.579083
vt 0.112323 0.607714
vt 0.112169 0.592872
vt 0.123075 0.607714
vt 0.123066 0.592872
vt 0.111479 0.579083
vt 0.123028 0.579083
vt 0.112323 0.607714
vt 0.112169 0.592872
vt 0.111479 0.579083
vt 0.123075 0.607714
vt 0.123066 0.592872
vt 0.123028 0.579083
vt 0.209498 0.430739
vt 0.209498 0.430739
vt 0.209498 0.316297
vt 0.209498 0.316297
vt 0.040750 0.432251
vt 0.040750 0.432251
vt 0.123323 0.475417
vt 0.123323 0.475417
vt 0.040750 0.314784
vt 0.040750 0.314784
vt 0.123322 0.273574
vt 0.123322 0.273574
vt 0.133750 0.642623
vt 0.134102 0.626650
vt 0.133750 0.642623
vt 0.134102 0.626650
vt 0.135066 0.609904
vt 0.135066 0.609904
vt 0.113675 0.642623
vt 0.113322 0.626650
vt 0.123149 0.642623
vt 0.123129 0.626650
vt 0.112359 0.609904
vt 0.123075 0.609904
vt 0.113675 0.642623
vt 0.113322 0.626650
vt 0.112359 0.609904
vt 0.123149 0.642623
vt 0.123129 0.626650
vt 0.123075 0.609904
vt 0.208748 0.428967
vt 0.208748 0.428967
vt 0.208748 0.318131
vt 0.208748 0.318131
vt 0.041500 0.430431
vt 0.041501 0.430431
vt 0.120429 0.472237
vt 0.120429 0.472237
vt 0.041500 0.316665
vt 0.041501 0.316665
vt 0.120428 0.276754
vt 0.120428 0.276754
vt 0.132033 0.673506
vt 0.133391 0.661885
vt 0.132033 0.673506
vt 0.133391 0.661885
vt 0.133593 0.644906
vt 0.133593 0.644906
vt 0.115392 0.673506
vt 0.114034 0.661885
vt 0.123245 0.673506
vt 0.123169 0.661885
vt 0.113832 0.644906
vt 0.123158 0.644906
vt 0.115392 0.673506
vt 0.114034 0.661885
vt 0.113832 0.644906
vt 0.123245 0.673506
vt 0.123169 0.661885
vt 0.123158 0.644906
vt 0.201170 0.424030
vt 0.201170 0.424030
vt 0.201170 0.323239
vt 0.201170 0.323239
vt 0.049079 0.425362
vt 0.049079 0.425362
vt 0.120854 0.463379
vt 0.120854 0.463379
vt 0.049079 0.321906
vt 0.049079 0.321906
vt 0.120854 0.285612
vt 0.120854 0.285612
vt 0.126439 0.715435
vt 0.128408 0.704413
vt 0.126439 0.715435
vt 0.128408 0.704413
vt 0.130504 0.689471
vt 0.130504 0.689471
vt 0.131542 0.675743
vt 0.131542 0.675743
vt 0.120986 0.715435
vt 0.119017 0.704413
vt 0.123559 0.715435
vt 0.123449 0.704413
vt 0.116921 0.689471
vt 0.123331 0.689471
vt 0.115883 0.675743
vt 0.123273 0.675743
vt 0.120986 0.715435
vt 0.119017 0.704413
vt 0.116921 0.689471
vt 0.115883 0.675743
vt 0.123559 0.715435
vt 0.123449 0.704413
vt 0.123331 0.689471
vt 0.123273 0.675743
vt 0.136132 0.576454
vt 0.136132 0.576454
vt 0.136132 0.566352
vt 0.136132 0.566352
vt 0.136132 0.550808
vt 0.136132 0.550808
vt 0.136244 0.536769
vt 0.136244 0.536769
vt 0.136550 0.522857
vt 0.136550 0.522857
vt 0.136769 0.515132
vt 0.136769 0.515132
vt 0.137344 0.507200
vt 0.137344 0.507200
vt 0.111293 0.576454
vt 0.123028 0.576454
vt 0.111293 0.566352
vt 0.123028 0.566352
vt 0.123028 0.550808
vt 0.123022 0.536769
vt 0.123016 0.522857
vt 0.123028 0.515132
vt 0.121393 0.508401
vt 0.111293 0.550808
vt 0.111181 0.536769
vt 0.110876 0.522857
vt 0.110656 0.515132
vt 0.110171 0.509393
vt 0.111293 0.576454
vt 0.111293 0.566352
vt 0.111293 0.550808
vt 0.111181 0.536769
vt 0.110876 0.522857
vt 0.110656 0.515132
vt 0.110171 0.510658
vt 0.123028 0.576454
vt 0.123028 0.566352
vt 0.123028 0.550808
vt 0.123021 0.536769
vt 0.123016 0.522857
vt 0.123028 0.515132
vt 0.123028 0.509675
vt 0.206364 0.428722
vt 0.206364 0.318532
vt 0.206364 0.428722
vt 0.206364 0.318532
vt 0.043885 0.430178
vt 0.123189 0.471668
vt 0.043885 0.430178
vt 0.123189 0.471668
vt 0.043885 0.317074
vt 0.043885 0.317074
vt 0.123189 0.277323
vt 0.123189 0.277323
vt 0.135102 0.607714
vt 0.135102 0.607714
vt 0.135256 0.592872
vt 0.135256 0.592872
vt 0.135946 0.579083
vt 0.135946 0.579083
vt 0.112323 0.607714
vt 0.123075 0.607714
vt 0.112169 0.592872
vt 0.123066 0.592872
vt 0.123028 0.579083
vt 0.111479 0.579083
vt 0.112323 0.607714
vt 0.112169 0.592872
vt 0.111479 0.579083
vt 0.123075 0.607714
vt 0.123066 0.592872
vt 0.123028 0.579083
vt 0.209498 0.430739
vt 0.209498 0.316297
vt 0.209498 0.430739
vt 0.209498 0.316297
vt 0.040750 0.432251
vt 0.123323 0.475417
vt 0.040750 0.432251
vt 0.123323 0.475417
vt 0.040750 0.314784
vt 0.040750 0.314784
vt 0.123322 0.273574
vt 0.123322 0.273574
vt 0.133750 0.642623
vt 0.133750 0.642623
vt 0.134102 0.626650
vt 0.134102 0.626650
vt 0.135066 0.609904
vt 0.135066 0.609904
vt 0.113675 0.642623
vt 0.123149 0.642623
vt 0.113322 0.626650
vt 0.123129 0.626650
vt 0.123075 0.609904
vt 0.112359 0.609904
vt 0.113675 0.642623
vt 0.113322 0.626650
vt 0.112359 0.609904
vt 0.123149 0.642623
vt 0.123129 0.626650
vt 0.123075 0.609904
vt 0.208748 0.428967
vt 0.208748 0.318131
vt 0.208748 0.428967
vt 0.208748 0.318131
vt 0.041500 0.430431
vt 0.120429 0.472237
vt 0.041501 0.430431
vt 0.120429 0.472237
vt 0.041500 0.316665
vt 0.041501 0.316665
vt 0.120428 0.276754
vt 0.120428 0.276754
vt 0.132033 0.673506
vt 0.132033 0.673506
vt 0.133391 0.661885
vt 0.133391 0.661885
vt 0.133593 0.644906
vt 0.133593 0.644906
vt 0.115392 0.673506
vt 0.123245 0.673506
vt 0.114034 0.661885
vt 0.123169 0.661885
vt 0.123158 0.644906
vt 0.113832 0.644906
vt 0.115392 0.673506
vt 0.114034 0.661885
vt 0.113832 0.644906
vt 0.123245 0.673506
vt 0.123169 0.661885
vt 0.123158 0.644906
vt 0.201170 0.424030
vt 0.201170 0.323239
vt 0.201170 0.424030
vt 0.201170 0.323239
vt 0.049079 0.425362
vt 0.120854 0.463379
vt 0.049079 0.425362
vt 0.120854 0.463379
vt 0.049079 0.321906
vt 0.049079 0.321906
vt 0.120854 0.285612
vt 0.120854 0.285612
vt 0.126439 0.715435
vt 0.126439 0.715435
vt 0.128408 0.704413
vt 0.128408 0.704413
vt 0.130504 0.689471
vt 0.130504 0.689471
vt 0.131542 0.675743
vt 0.131542 0.675743
vt 0.120986 0.715435
vt 0.123559 0.715435
vt 0.119017 0.704413
vt 0.123449 0.704413
vt 0.123331 0.689471
vt 0.123273 0.675743
vt 0.116921 0.689471
vt 0.115883 0.675743
vt 0.120986 0.715435
vt 0.119017 0.704413
vt 0.116921 0.689471
vt 0.115883 0.675743
vt 0.123559 0.715435
vt 0.123449 0.704413
vt 0.123331 0.689471
vt 0.123273 0.675743
vt -0.072134 0.593031
vt -0.071665 0.595785
vt -0.062056 0.599602
vt -0.087161 0.602980
vt -0.079765 0.592817
vt -0.053082 0.587295
vt -0.086212 0.598577
vt -0.078210 0.581308
vt -0.064718 0.579492
vt -0.054452 0.572096
vt -0.085704 0.565068
vt -0.050909 0.567099
vt -0.124689 0.601538
vt -0.123836 0.604045
vt -0.121036 0.595416
vt -0.073645 0.575455
vt -0.065516 0.582323
vt -0.117703 0.577579
vt -0.116740 0.569312
vt -0.177318 0.578921
vt -0.177318 0.571095
vt -0.116740 0.569312
vt -0.117703 0.577579
vt -0.085704 0.565068
vt -0.073645 0.575455
vt -0.050909 0.567099
vt -0.177318 0.596971
vt -0.121036 0.595416
vt -0.079765 0.592817
vt -0.054452 0.572096
vt 0.626793 0.706767
vt 0.628885 0.698535
vt 0.667842 0.694585
vt 0.663663 0.674372
vt 0.603519 0.698884
vt 0.565394 0.635580
vt 0.565394 0.696618
vt 0.603519 0.698884
vt 0.663663 0.674372
vt 0.628885 0.698535
vt 0.667842 0.694585
vt 0.626793 0.706767
vt 0.355653 0.834372
vt 0.379527 0.811209
vt 0.379951 0.805883
vt 0.398849 0.798416
vt 0.398259 0.792146
vt 0.432835 0.809962
vt 0.429558 0.815374
vt 0.440212 0.862736
vt 0.436466 0.863013
vt 0.413752 0.953223
vt -0.079532 0.093924
vt -0.128554 0.105013
vt -0.118598 0.129586
vt -0.177318 0.141047
vt -0.177318 0.100579
vt -0.128554 0.105013
vt -0.118598 0.129586
vt -0.079532 0.093924
vt 0.391484 0.554253
vt 0.434867 0.594004
vt 0.335539 0.529950
vt 0.357812 0.594004
vt 0.459810 0.706843
vt 0.377648 0.682401
vt 0.290132 0.594004
vt 0.290132 0.676311
vt 0.377648 0.682401
vt 0.357812 0.594004
vt 0.459810 0.706843
vt 0.434867 0.594004
vt 0.335539 0.529950
vt 0.391484 0.554253
vt 0.290132 0.529213
vt 0.686103 0.076477
vt 0.686103 0.047125
vt 0.669315 0.074150
vt 0.669315 0.044798
vt 0.652527 0.071823
vt 0.652527 0.042471
vt 0.629009 0.071823
vt 0.629009 0.042471
vt 0.605491 0.071823
vt 0.605491 0.042471
vt 0.582076 0.071823
vt 0.582076 0.042471
vt 0.558661 0.071823
vt 0.558661 0.042471
vt 0.582076 0.042471
vt 0.582076 0.071823
vt 0.605491 0.042471
vt 0.605491 0.071823
vt 0.629009 0.042471
vt 0.629009 0.071823
vt 0.652527 0.042471
vt 0.652527 0.071823
vt 0.669315 0.044798
vt 0.669315 0.074150
vt 0.686103 0.047125
vt 0.686103 0.076477
vt 0.682293 0.076477
vt 0.682293 0.047125
vt 0.650760 0.581309
vt 0.673295 0.594375
vt 0.628224 0.568244
vt 0.694956 0.617008
vt 0.596809 0.563099
vt 0.565394 0.557953
vt 0.596809 0.563099
vt 0.628224 0.568244
vt 0.673295 0.594375
vt 0.694956 0.617008
vt 0.689598 0.165279
vt 0.680876 0.165279
vt 0.667357 0.165279
vt 0.660443 0.165279
vt 0.642633 0.165279
vt 0.639186 0.165279
vt 0.617910 0.165279
vt 0.617929 0.165279
vt 0.588286 0.165279
vt 0.588295 0.165279
vt 0.558661 0.165279
vt 0.558661 0.165279
vt 0.588295 0.165279
vt 0.588286 0.165279
vt 0.617929 0.165279
vt 0.617910 0.165279
vt 0.639186 0.165279
vt 0.642633 0.165279
vt 0.660443 0.165279
vt 0.667357 0.165279
vt 0.680876 0.165279
vt 0.689598 0.165279
vt 0.711559 0.615658
vt 0.704202 0.611173
vt 0.680624 0.586703
vt 0.697351 0.583883
vt 0.662140 0.552094
vt 0.654414 0.571535
vt 0.616947 0.528514
vt 0.628205 0.556368
vt 0.596799 0.550558
vt 0.565394 0.518344
vt 0.565394 0.544749
vt 0.596799 0.550558
vt 0.616947 0.528514
vt 0.628205 0.556368
vt 0.654414 0.571535
vt 0.662140 0.552094
vt 0.680624 0.586703
vt 0.697351 0.583883
vt 0.711559 0.615658
vt 0.704202 0.611173
vt 0.680876 0.195764
vt 0.660443 0.195764
vt 0.639186 0.195764
vt 0.617929 0.195764
vt 0.588295 0.195764
vt 0.558661 0.195764
vt 0.588295 0.195764
vt 0.617929 0.195764
vt 0.641400 0.195764
vt 0.660443 0.195764
vt 0.680876 0.195764
vt 0.689598 0.195764
vt 0.402849 0.850534
vt 0.380258 0.875272
vt 0.380598 0.881557
vt 0.354940 0.904509
vt 0.354940 0.897589
vt 0.324048 0.911735
vt 0.324048 0.917582
vt 0.312418 0.914768
vt 0.300833 0.924766
vt 0.300788 0.917800
vt 0.290346 0.926549
vt 0.290247 0.918889
vt 0.300788 0.917800
vt 0.300833 0.924766
vt 0.324048 0.917582
vt 0.324048 0.911735
vt 0.354940 0.904509
vt 0.354940 0.897589
vt 0.380258 0.875272
vt 0.380598 0.881557
vt 0.402849 0.850534
vt 0.585285 0.956615
vt 0.630120 0.942940
vt 0.626797 0.939499
vt 0.650737 0.898963
vt 0.637501 0.909899
vt 0.627215 0.888767
vt 0.650737 0.836144
vt 0.627856 0.819939
vt 0.632408 0.792561
vt 0.585285 0.877746
vt 0.585285 0.792846
vt 0.585285 0.779549
vt 0.632408 0.792561
vt 0.627856 0.819939
vt 0.627215 0.888767
vt 0.650737 0.836144
vt 0.650737 0.898963
vt 0.637501 0.909899
vt 0.626797 0.939499
vt 0.630120 0.942940
vt -0.072134 0.593031
vt -0.062056 0.599602
vt -0.071665 0.595785
vt -0.087161 0.602980
vt -0.123836 0.604045
vt -0.124689 0.601538
vt -0.086212 0.598577
vt -0.177318 0.604995
vt -0.177318 0.603154
vt -0.078210 0.581308
vt -0.064718 0.579492
vt -0.053082 0.587295
vt -0.065516 0.582323
vt 0.355653 0.834372
vt 0.379951 0.805883
vt 0.379527 0.811209
vt 0.398849 0.798416
vt 0.398259 0.792146
vt 0.432835 0.809962
vt 0.429558 0.815374
vt 0.440212 0.862736
vt 0.436466 0.863013
vt 0.413752 0.953223
vt 0.682293 0.076477
vt 0.682293 0.047125
vt 0.689598 0.195764
vt 0.665358 0.074150
vt 0.648424 0.071823
vt 0.625603 0.071823
vt 0.602782 0.071823
vt 0.580721 0.071823
vt 0.558661 0.071823
vt 0.580721 0.071823
vt 0.602782 0.071823
vt 0.625603 0.071823
vt 0.648424 0.071823
vt 0.665358 0.074150
vt 0.465589 0.692202
vt 0.426373 0.594004
vt 0.389929 0.562025
vt 0.335530 0.541683
vt 0.290132 0.540355
vt 0.335530 0.541683
vt 0.389929 0.562025
vt 0.426373 0.594004
vt 0.465589 0.692202
vt 0.377630 0.677343
vt 0.357798 0.594004
vt 0.290132 0.594004
vt 0.357798 0.594004
vt 0.377630 0.677343
vt 0.290132 0.676349
vt 0.667357 0.195764
vt 0.642633 0.195764
vt 0.617910 0.195764
vt 0.588286 0.195764
vt 0.558661 0.195764
vt 0.588286 0.195764
vt 0.617910 0.195764
vt 0.642633 0.195764
vt 0.667357 0.195764
vt 0.665358 0.044798
vt 0.648424 0.042471
vt 0.625603 0.042471
vt 0.602782 0.042471
vt 0.580721 0.042471
vt 0.558661 0.042471
vt 0.580721 0.042471
vt 0.602782 0.042471
vt 0.624407 0.042471
vt 0.648424 0.042471
vt 0.665358 0.044798
vt 0.346887 0.368783
vt 0.350842 0.347832
vt 0.342466 0.353972
vt 0.347041 0.332874
vt 0.331547 0.325074
vt 0.331547 0.357076
vt 0.342466 0.353972
vt 0.347041 0.332874
vt 0.350842 0.347832
vt 0.346887 0.368783
vt 0.331547 0.380898
vt 0.603548 0.841821
vt 0.608334 0.812392
vt 0.588279 0.837303
vt 0.588279 0.812392
vt 0.603538 0.794973
vt 0.624904 0.794270
vt 0.636417 0.811425
vt 0.644868 0.837817
vt 0.609486 0.856951
vt 0.645883 0.866864
vt 0.609486 0.878760
vt 0.602806 0.894027
vt 0.667667 0.863988
vt 0.666567 0.833798
vt 0.651068 0.798696
vt 0.625093 0.782489
vt 0.588279 0.777752
vt 0.588279 0.794973
vt 0.603538 0.794973
vt 0.625093 0.782489
vt 0.624904 0.794270
vt 0.651068 0.798696
vt 0.636417 0.811425
vt 0.644868 0.837817
vt 0.666567 0.833798
vt 0.645883 0.866864
vt 0.667667 0.863988
vt 0.639899 0.895721
vt 0.660989 0.894297
vt 0.631767 0.921564
vt 0.652886 0.913156
vt 0.620960 0.937863
vt 0.637137 0.932528
vt 0.613212 0.946924
vt 0.603051 0.938565
vt 0.587664 0.938565
vt 0.588279 0.950841
vt 0.613212 0.946924
vt 0.603051 0.938565
vt 0.620960 0.937863
vt 0.637137 0.932528
vt 0.652886 0.913156
vt 0.631767 0.921564
vt 0.660989 0.894297
vt 0.639899 0.895721
vt 0.606859 0.922531
vt 0.587664 0.922531
vt 0.588279 0.898775
vt 0.606859 0.922531
vt 0.602806 0.894027
vt 0.609486 0.878760
vt 0.609486 0.856951
vt 0.603548 0.841821
vt 0.608334 0.812392
vt 0.133808 0.879943
vt 0.124170 0.880333
vt 0.118691 0.879542
vt 0.117390 0.880656
vt 0.094015 0.879542
vt 0.094015 0.881000
vt 0.117390 0.881067
vt 0.094015 0.881373
vt 0.111595 0.881000
vt 0.125158 0.880747
vt 0.131587 0.879743
vt 0.133808 0.879943
vt 0.153591 0.875137
vt 0.153591 0.875137
vt 0.130093 0.875137
vt 0.094015 0.875137
vt 0.118691 0.879542
vt 0.117390 0.880656
vt 0.117390 0.881067
vt 0.111595 0.881000
vt 0.094015 0.881000
vt 0.107514 0.880450
vt 0.118033 0.880383
vt 0.122812 0.879673
vt 0.123173 0.878496
vt 0.125734 0.877049
vt 0.138677 0.875823
vt 0.140563 0.870817
vt 0.148404 0.866592
vt 0.165242 0.866592
vt 0.166545 0.866592
vt 0.138099 0.866592
vt 0.094015 0.866592
vt 0.130093 0.875137
vt 0.133808 0.879943
vt 0.124170 0.880333
vt 0.110859 0.878744
vt 0.108300 0.879673
vt 0.094015 0.879673
vt 0.094015 0.878879
vt 0.110859 0.878744
vt 0.108300 0.879673
vt 0.122812 0.879673
vt 0.123173 0.878496
vt 0.131587 0.879743
vt 0.125734 0.877049
vt 0.138677 0.875823
vt 0.123336 0.875689
vt 0.140563 0.870817
vt 0.135496 0.869776
vt 0.124692 0.873161
vt 0.110649 0.875114
vt 0.113403 0.876045
vt 0.094015 0.876194
vt 0.094015 0.875640
vt 0.110649 0.875114
vt 0.113403 0.876045
vt 0.123336 0.875689
vt 0.124692 0.873161
vt 0.135496 0.869776
vt 0.094015 0.880472
vt 0.107514 0.880450
vt 0.118033 0.880383
vt 0.125158 0.880747
vt 0.133808 0.879943
vt 0.153591 0.875137
vt 0.148404 0.866592
vt 0.140865 0.866592
vt 0.132518 0.869450
vt 0.123132 0.872385
vt 0.108874 0.874566
vt 0.094015 0.875159
vt 0.108874 0.874566
vt 0.123132 0.872385
vt 0.132518 0.869450
vt 0.140865 0.866592
vt 0.137347 0.866592
vt 0.145559 0.862213
vt 0.151759 0.862472
vt 0.169282 0.857635
vt 0.170649 0.857635
vt 0.139610 0.857635
vt 0.094015 0.857635
vt 0.138099 0.866592
vt 0.153591 0.875137
vt 0.166545 0.866592
vt 0.165242 0.866592
vt 0.137347 0.866592
vt 0.145559 0.862213
vt 0.141327 0.862000
vt 0.145571 0.857635
vt 0.140671 0.857426
vt 0.131434 0.852107
vt 0.136333 0.851399
vt 0.115955 0.849652
vt 0.116732 0.848349
vt 0.141327 0.862000
vt 0.145571 0.857635
vt 0.152095 0.857635
vt 0.141737 0.850892
vt 0.140671 0.857426
vt 0.131434 0.852107
vt 0.136333 0.851399
vt 0.118295 0.847102
vt 0.157025 0.851204
vt 0.170012 0.851204
vt 0.115955 0.849652
vt 0.116732 0.848349
vt 0.094015 0.846746
vt 0.094015 0.845012
vt 0.119419 0.844839
vt 0.141573 0.844308
vt 0.141185 0.847043
vt 0.163715 0.845527
vt 0.173284 0.841894
vt 0.171293 0.841542
vt 0.172298 0.851204
vt 0.140631 0.851204
vt 0.094015 0.851204
vt 0.139610 0.857635
vt 0.170649 0.857635
vt 0.169282 0.857635
vt 0.151759 0.862472
vt 0.152095 0.857635
vt 0.141737 0.850892
vt 0.118295 0.847102
vt 0.157025 0.851204
vt 0.141185 0.847043
vt 0.141573 0.844308
vt 0.119419 0.844839
vt 0.149912 0.786791
vt 0.135586 0.784289
vt 0.148663 0.784289
vt 0.135403 0.780310
vt 0.122282 0.780310
vt 0.120514 0.784289
vt 0.135530 0.785471
vt 0.126457 0.786791
vt 0.136262 0.792368
vt 0.160272 0.792368
vt 0.149912 0.786791
vt 0.148654 0.784289
vt 0.147970 0.780310
vt 0.147970 0.780310
vt 0.146513 0.776179
vt 0.146513 0.776179
vt 0.135372 0.776179
vt 0.123740 0.776179
vt 0.123740 0.776179
vt 0.122282 0.780310
vt 0.120514 0.784289
vt 0.111456 0.783477
vt 0.106595 0.783545
vt 0.094015 0.783545
vt 0.094015 0.786791
vt 0.094015 0.792368
vt 0.139418 0.800504
vt 0.167971 0.800504
vt 0.167971 0.800504
vt 0.160272 0.792368
vt 0.123325 0.786791
vt 0.135093 0.785399
vt 0.135159 0.784289
vt 0.135021 0.780310
vt 0.135357 0.774419
vt 0.124444 0.774419
vt 0.124444 0.774419
vt 0.135039 0.774419
vt 0.135033 0.776179
vt 0.106595 0.783545
vt 0.094015 0.783545
vt 0.094015 0.783074
vt 0.094015 0.786791
vt 0.106595 0.783545
vt 0.111456 0.783477
vt 0.106595 0.783545
vt 0.126457 0.786791
vt 0.136262 0.792368
vt 0.139418 0.800504
vt 0.094015 0.800504
vt 0.140208 0.808424
vt 0.170173 0.808424
vt 0.170173 0.808424
vt 0.142990 0.808424
vt 0.140809 0.800504
vt 0.133131 0.792368
vt 0.094015 0.792368
vt 0.133131 0.792368
vt 0.123325 0.786791
vt 0.135093 0.785399
vt 0.120514 0.784289
vt 0.145808 0.774419
vt 0.135323 0.769895
vt 0.126014 0.769895
vt 0.126014 0.769895
vt 0.135052 0.769895
vt 0.144239 0.769895
vt 0.145808 0.774419
vt 0.120514 0.784289
vt 0.135530 0.785471
vt 0.149912 0.786791
vt 0.160272 0.792368
vt 0.167971 0.800504
vt 0.170173 0.808424
vt 0.144239 0.769895
vt 0.142754 0.766294
vt 0.142754 0.766294
vt 0.140617 0.765170
vt 0.140617 0.765170
vt 0.135245 0.764859
vt 0.135245 0.765170
vt 0.135291 0.766294
vt 0.135064 0.766294
vt 0.135081 0.765170
vt 0.129636 0.765170
vt 0.129636 0.765170
vt 0.127498 0.766294
vt 0.127498 0.766294
vt 0.094015 0.800504
vt 0.140809 0.800504
vt 0.160272 0.792368
vt 0.149912 0.786791
vt 0.148654 0.784289
vt 0.135159 0.784289
vt 0.094015 0.808424
vt 0.142990 0.808424
vt 0.167971 0.800504
vt 0.148663 0.784289
vt 0.147970 0.780310
vt 0.147970 0.780310
vt 0.135021 0.780310
vt 0.170173 0.808424
vt 0.172150 0.816603
vt 0.172150 0.816603
vt 0.140208 0.808424
vt 0.094015 0.808424
vt 0.141093 0.816603
vt 0.172150 0.816603
vt 0.172150 0.816603
vt 0.143710 0.816603
vt 0.094015 0.816603
vt 0.143710 0.816603
vt 0.143909 0.823181
vt 0.172591 0.823181
vt 0.172591 0.823181
vt 0.141093 0.816603
vt 0.094015 0.816603
vt 0.122282 0.780310
vt 0.122282 0.780310
vt 0.135586 0.784289
vt 0.135403 0.780310
vt 0.135372 0.776179
vt 0.146513 0.776179
vt 0.123740 0.776179
vt 0.124444 0.774419
vt 0.135357 0.774419
vt 0.145808 0.774419
vt 0.146513 0.776179
vt 0.126014 0.769895
vt 0.135323 0.769895
vt 0.144239 0.769895
vt 0.145808 0.774419
vt 0.135033 0.776179
vt 0.127498 0.766294
vt 0.135291 0.766294
vt 0.142754 0.766294
vt 0.144239 0.769895
vt 0.135039 0.774419
vt 0.123740 0.776179
vt 0.124444 0.774419
vt 0.135052 0.769895
vt 0.126014 0.769895
vt 0.135064 0.766294
vt 0.127498 0.766294
vt 0.135081 0.765170
vt 0.129636 0.765170
vt 0.135245 0.764859
vt 0.129636 0.765170
vt 0.135245 0.765170
vt 0.140617 0.765170
vt 0.142754 0.766294
vt 0.140617 0.765170
vt 0.156210 0.394745
vt 0.123411 0.410829
vt 0.094039 0.395289
vt 0.094039 0.352999
vt 0.123410 0.338162
vt 0.156210 0.353543
vt 0.155744 0.353857
vt 0.155744 0.394441
vt 0.123411 0.410285
vt 0.094504 0.394977
vt 0.094504 0.353320
vt 0.123410 0.338706
vt 0.153633 0.393066
vt 0.123529 0.407817
vt 0.096616 0.393565
vt 0.096616 0.354780
vt 0.123529 0.341174
vt 0.153633 0.355280
vt 0.153543 0.355340
vt 0.153543 0.393007
vt 0.123529 0.407712
vt 0.096706 0.393505
vt 0.096706 0.354842
vt 0.123529 0.341279
vt 0.150248 0.390861
vt 0.123714 0.403861
vt 0.100000 0.391301
vt 0.100000 0.357121
vt 0.123714 0.345130
vt 0.150248 0.357561
vt 0.149856 0.357826
vt 0.149856 0.390605
vt 0.123736 0.403402
vt 0.100393 0.391038
vt 0.100393 0.357392
vt 0.123736 0.345589
vt 0.145950 0.388061
vt 0.123955 0.398837
vt 0.104298 0.388426
vt 0.104298 0.360093
vt 0.123955 0.350154
vt 0.145950 0.360458
vt 0.144721 0.361287
vt 0.144721 0.387261
vt 0.124024 0.397401
vt 0.105527 0.387604
vt 0.105527 0.360943
vt 0.124024 0.351590
vt 0.638408 0.868533
vt 0.642363 0.847582
vt 0.633987 0.853722
vt 0.638562 0.832625
vt 0.623068 0.824824
vt 0.623068 0.856826
vt 0.633987 0.853722
vt 0.638562 0.832625
vt 0.642363 0.847582
vt 0.638408 0.868533
vt 0.623068 0.880648
vt 0.156210 0.394745
vt 0.156210 0.353543
vt 0.123410 0.338162
vt 0.094039 0.352999
vt 0.094039 0.395289
vt 0.123411 0.410829
vt 0.155744 0.394441
vt 0.155744 0.353857
vt 0.123410 0.338706
vt 0.094504 0.353320
vt 0.094504 0.394977
vt 0.123411 0.410285
vt 0.153633 0.393066
vt 0.153633 0.355280
vt 0.123529 0.341174
vt 0.096616 0.354780
vt 0.096616 0.393565
vt 0.123529 0.407817
vt 0.153543 0.393007
vt 0.153543 0.355340
vt 0.123529 0.341279
vt 0.096706 0.354842
vt 0.096706 0.393505
vt 0.123529 0.407712
vt 0.150248 0.390861
vt 0.150248 0.357561
vt 0.123714 0.345130
vt 0.100000 0.357121
vt 0.100000 0.391301
vt 0.123714 0.403861
vt 0.149856 0.390605
vt 0.149856 0.357826
vt 0.123736 0.345589
vt 0.100393 0.357392
vt 0.100393 0.391038
vt 0.123736 0.403402
vt 0.145950 0.388061
vt 0.145950 0.360458
vt 0.123955 0.350154
vt 0.104298 0.360093
vt 0.104298 0.388426
vt 0.123955 0.398837
vt 0.144721 0.387261
vt 0.144721 0.361287
vt 0.124024 0.351590
vt 0.105527 0.360943
vt 0.105527 0.387604
vt 0.124024 0.397401
vt 0.168105 0.834627
vt 0.166064 0.838035
vt 0.167530 0.839096
vt 0.160489 0.841906
vt 0.159060 0.840554
vt 0.141636 0.842878
vt 0.141704 0.841325
vt 0.119422 0.843630
vt 0.119427 0.841855
vt 0.094015 0.843842
vt 0.094015 0.841951
vt 0.119427 0.841855
vt 0.119422 0.843630
vt 0.141704 0.841325
vt 0.141636 0.842878
vt 0.159060 0.840554
vt 0.160489 0.841906
vt 0.166064 0.838035
vt 0.167530 0.839096
vt 0.168105 0.834627
vt 0.172299 0.834967
vt 0.172330 0.834154
vt 0.170527 0.833780
vt 0.165398 0.835989
vt 0.166645 0.834739
vt 0.159060 0.835589
vt 0.159060 0.837217
vt 0.141013 0.836305
vt 0.141038 0.837996
vt 0.119721 0.836660
vt 0.119486 0.838330
vt 0.094015 0.838390
vt 0.094015 0.836738
vt 0.119721 0.836660
vt 0.119486 0.838330
vt 0.130262 0.838163
vt 0.141013 0.836305
vt 0.141038 0.837996
vt 0.159060 0.837217
vt 0.159060 0.835589
vt 0.165398 0.835989
vt 0.166645 0.834739
vt 0.170527 0.833780
vt 0.172330 0.834154
vt 0.172299 0.834967
vt 0.173423 0.835187
vt 0.168996 0.840280
vt 0.162153 0.843263
vt 0.162153 0.843263
vt 0.168996 0.840280
vt 0.173423 0.835187
vt 0.173984 0.833202
vt 0.170027 0.832394
vt 0.166565 0.833134
vt 0.158735 0.833738
vt 0.140978 0.834397
vt 0.120011 0.834632
vt 0.094015 0.834710
vt 0.120011 0.834632
vt 0.140978 0.834397
vt 0.158735 0.833738
vt 0.166565 0.833134
vt 0.170027 0.832394
vt 0.173984 0.833202
vt 0.171094 0.835314
vt 0.171503 0.832692
vt 0.168441 0.831758
vt 0.165455 0.832463
vt 0.171412 0.835299
vt 0.172470 0.834971
vt 0.172370 0.834132
vt 0.141123 0.834132
vt 0.141122 0.841542
vt 0.094015 0.841542
vt 0.140631 0.851204
vt 0.172298 0.851204
vt 0.170012 0.851204
vt 0.163715 0.845527
vt 0.171579 0.832394
vt 0.172357 0.828921
vt 0.172700 0.828921
vt 0.141123 0.828921
vt 0.094015 0.828921
vt 0.094015 0.834132
vt 0.141122 0.841542
vt 0.171293 0.841542
vt 0.173284 0.841894
vt 0.094015 0.847897
vt 0.094015 0.848934
vt 0.171094 0.835314
vt 0.171503 0.832692
vt 0.168441 0.831758
vt 0.165455 0.832463
vt 0.171412 0.835299
vt 0.172470 0.834971
vt 0.171579 0.832394
vt 0.172357 0.828921
vt 0.164425 0.828921
vt 0.167591 0.831413
vt 0.165232 0.832170
vt 0.143550 0.828921
vt 0.119765 0.828921
vt 0.094015 0.828921
vt 0.119765 0.828921
vt 0.143550 0.828921
vt 0.164425 0.828921
vt 0.165232 0.832170
vt 0.167591 0.831413
vt 0.172591 0.823181
vt 0.172591 0.823181
vt 0.141123 0.823181
vt 0.094015 0.823181
vt 0.141123 0.828921
vt 0.141123 0.834132
vt 0.172370 0.834132
vt 0.143909 0.823181
vt 0.094015 0.823181
vt 0.172700 0.828921
vt 0.141123 0.823181
vt 0.678505 0.603490
vt 0.660553 0.587834
vt 0.597062 0.693025
vt 0.636360 0.575987
vt 0.612167 0.564140
vt 0.588780 0.559563
vt 0.565394 0.689600
vt 0.565394 0.554986
vt 0.588780 0.559563
vt 0.597062 0.693025
vt 0.612167 0.564140
vt 0.635092 0.575366
vt 0.660553 0.587834
vt 0.678505 0.603490
vt 0.696458 0.619147
vt 0.715700 0.628539
vt 0.700498 0.611997
vt 0.709508 0.606803
vt 0.697351 0.581737
vt 0.682700 0.595273
vt 0.660799 0.551558
vt 0.664903 0.578549
vt 0.639971 0.566959
vt 0.616958 0.528879
vt 0.615039 0.555370
vt 0.590216 0.550785
vt 0.565394 0.518633
vt 0.565394 0.546199
vt 0.590216 0.550785
vt 0.616958 0.528879
vt 0.615039 0.555370
vt 0.639971 0.566959
vt 0.660799 0.551558
vt 0.664903 0.578549
vt 0.682700 0.595273
vt 0.697351 0.581737
vt 0.700498 0.611997
vt 0.709508 0.606803
vt 0.715700 0.628539
vt 0.696458 0.619147
vt 1.207234 0.826792
vt 1.203379 0.814583
vt 1.203349 0.814701
vt 1.197692 0.820845
vt 1.197690 0.820737
vt 1.207295 0.826705
vt 1.206528 0.846476
vt 1.206103 0.846314
vt 1.198728 0.868513
vt 1.198333 0.846036
vt 1.188704 0.851258
vt 1.188673 0.827208
vt 1.188673 0.827106
vt 1.198335 0.846035
vt 1.198769 0.869769
vt 1.188678 0.876438
vt 1.188673 0.875235
vt 1.178586 0.872187
vt 1.180118 0.837583
vt 1.179921 0.814219
vt 1.180068 0.814096
vt 1.188704 0.851258
vt 1.180089 0.837583
vt 1.178597 0.873456
vt 1.168099 0.865800
vt 1.168831 0.854472
vt 1.178680 0.864971
vt 1.186460 0.869959
vt 1.187028 0.871269
vt 1.187084 0.851243
vt 1.187045 0.831403
vt 1.179201 0.817910
vt 1.170272 0.777318
vt 1.174868 0.781740
vt 1.178310 0.817879
vt 1.186876 0.831647
vt 1.187238 0.831457
vt 1.158389 0.850529
vt 1.158389 0.850529
vt 1.147198 0.853109
vt 1.147198 0.853109
vt 1.158389 0.819483
vt 1.168823 0.818168
vt 1.178466 0.837583
vt 1.186400 0.851243
vt 1.195188 0.847315
vt 1.158389 0.791583
vt 1.170861 0.789774
vt 1.186460 0.831860
vt 1.194946 0.826336
vt 1.198926 0.821493
vt 1.201961 0.831832
vt 1.195697 0.864800
vt 1.195511 0.825523
vt 1.199789 0.820661
vt 1.203054 0.834102
vt 1.201175 0.847631
vt 1.196254 0.865918
vt 1.196039 0.846842
vt 1.158389 0.791583
vt 1.158389 0.819483
vt 1.167941 0.777836
vt 1.176599 0.776550
vt 1.179050 0.780986
vt 1.180931 0.816846
vt 1.178991 0.837958
vt 1.186772 0.853424
vt 1.195525 0.849461
vt 1.195305 0.825698
vt 1.196345 0.824908
vt 1.187298 0.851303
vt 1.168323 0.808368
vt 1.169187 0.846602
vt 1.179513 0.817758
vt 1.176445 0.794431
vt 1.183259 0.783899
vt 1.182726 0.768413
vt 1.183107 0.775683
vt 1.185664 0.805700
vt 1.178763 0.864116
vt 1.186876 0.870031
vt 1.187285 0.872324
vt 1.197314 0.867575
vt 1.196087 0.865691
vt 1.201889 0.847864
vt 1.202718 0.831216
vt 1.199519 0.820321
vt 1.200460 0.819774
vt 1.196946 0.846780
vt 1.203829 0.831423
vt 1.203071 0.848807
vt 1.202279 0.848731
vt 1.184758 0.807876
vt 1.189044 0.788215
vt 1.188323 0.775830
vt 1.187725 0.765537
vt 1.188807 0.781901
vt 1.147198 0.789003
vt 1.147198 0.789003
vt 1.147198 0.819395
vt 1.135413 0.819434
vt 1.135413 0.855245
vt 1.135413 0.855245
vt 1.147198 0.819395
vt 1.135413 0.819434
vt 1.135413 0.786868
vt 1.135413 0.786868
vt 1.124620 0.785665
vt 1.124620 0.819479
vt 1.124620 0.856447
vt 1.124620 0.856447
vt 1.124620 0.785665
vt 1.117917 0.784891
vt 1.117917 0.784891
vt 1.117917 0.819479
vt 1.117917 0.857221
vt 1.117917 0.857221
vt 1.124620 0.819478
vt 1.117917 0.819478
vt 1.110364 0.819478
vt 1.110364 0.784125
vt 1.110364 0.784125
vt 1.110364 0.819479
vt 1.110364 0.857988
vt 1.110364 0.857988
vt 1.090304 0.859626
vt 1.090304 0.819443
vt 1.090304 0.782486
vt 1.090304 0.782486
vt 1.090304 0.819444
vt 1.090304 0.859626
vt 1.071792 0.861968
vt 1.071792 0.861968
vt 1.071792 0.819380
vt 1.071792 0.780144
vt 1.071792 0.780144
vt 1.071792 0.819380
vt 1.054053 0.819346
vt 1.054053 0.863626
vt 1.054053 0.863626
vt 1.054053 0.819346
vt 1.054053 0.778486
vt 1.054053 0.778486
vt 1.044120 0.781318
vt 1.044120 0.819346
vt 1.044120 0.860795
vt 1.044120 0.860795
vt 1.044120 0.819346
vt 1.044120 0.781318
vt 1.040619 0.792563
vt 1.040619 0.792563
vt 1.040619 0.819346
vt 1.040619 0.847160
vt 1.040619 0.847160
vt 1.040619 0.819346
vt 1.038554 0.819346
vt 1.203379 0.814583
vt 1.207234 0.826792
vt 1.203349 0.814701
vt 1.198333 0.846036
vt 1.198728 0.868513
vt 1.206103 0.846314
vt 1.206528 0.846476
vt 1.207295 0.826705
vt 1.197690 0.820737
vt 1.197692 0.820845
vt 1.188704 0.851258
vt 1.188673 0.875235
vt 1.188678 0.876438
vt 1.198769 0.869769
vt 1.198335 0.846035
vt 1.188673 0.827106
vt 1.188673 0.827208
vt 1.180118 0.837583
vt 1.178586 0.872187
vt 1.178597 0.873456
vt 1.180089 0.837583
vt 1.188704 0.851258
vt 1.180068 0.814096
vt 1.179921 0.814219
vt 1.187084 0.851243
vt 1.187028 0.871269
vt 1.186460 0.869959
vt 1.178680 0.864971
vt 1.168831 0.854472
vt 1.168099 0.865800
vt 1.178763 0.864116
vt 1.187285 0.872324
vt 1.187298 0.851303
vt 1.187238 0.831457
vt 1.158389 0.850529
vt 1.158389 0.850529
vt 1.169187 0.846602
vt 1.178991 0.837958
vt 1.186772 0.853424
vt 1.186876 0.870031
vt 1.197314 0.867575
vt 1.196946 0.846780
vt 1.196345 0.824908
vt 1.195305 0.825698
vt 1.186876 0.831647
vt 1.178310 0.817879
vt 1.174868 0.781740
vt 1.170272 0.777318
vt 1.179201 0.817910
vt 1.187045 0.831403
vt 1.196039 0.846842
vt 1.196254 0.865918
vt 1.195697 0.864800
vt 1.195188 0.847315
vt 1.186400 0.851243
vt 1.178466 0.837583
vt 1.168823 0.818168
vt 1.158389 0.819483
vt 1.147198 0.853109
vt 1.147198 0.853109
vt 1.147198 0.819395
vt 1.158389 0.819483
vt 1.168323 0.808368
vt 1.179513 0.817758
vt 1.180931 0.816846
vt 1.195525 0.849461
vt 1.196087 0.865691
vt 1.203071 0.848807
vt 1.203829 0.831423
vt 1.200460 0.819774
vt 1.199519 0.820321
vt 1.202718 0.831216
vt 1.201889 0.847864
vt 1.158389 0.791583
vt 1.170861 0.789774
vt 1.158389 0.791583
vt 1.147198 0.789003
vt 1.147198 0.819395
vt 1.135413 0.855245
vt 1.135413 0.855245
vt 1.135413 0.819434
vt 1.135413 0.786868
vt 1.147198 0.789003
vt 1.167941 0.777836
vt 1.176445 0.794431
vt 1.184758 0.807876
vt 1.185664 0.805700
vt 1.183107 0.775683
vt 1.179050 0.780986
vt 1.176599 0.776550
vt 1.183259 0.783899
vt 1.189044 0.788215
vt 1.188807 0.781901
vt 1.187725 0.765537
vt 1.182726 0.768413
vt 1.188323 0.775830
vt 1.186460 0.831860
vt 1.195511 0.825523
vt 1.203054 0.834102
vt 1.202279 0.848731
vt 1.201175 0.847631
vt 1.201961 0.831832
vt 1.198926 0.821493
vt 1.194946 0.826336
vt 1.199789 0.820661
vt 1.135413 0.786868
vt 1.135413 0.819434
vt 1.124620 0.856447
vt 1.124620 0.856447
vt 1.124620 0.819479
vt 1.124620 0.785665
vt 1.124620 0.785665
vt 1.124620 0.819478
vt 1.117917 0.857221
vt 1.117917 0.857221
vt 1.117917 0.819479
vt 1.117917 0.784891
vt 1.117917 0.784891
vt 1.117917 0.819478
vt 1.110364 0.857988
vt 1.110364 0.857988
vt 1.110364 0.819479
vt 1.110364 0.784125
vt 1.110364 0.784125
vt 1.110364 0.819478
vt 1.090304 0.859626
vt 1.090304 0.859626
vt 1.090304 0.819444
vt 1.090304 0.819443
vt 1.090304 0.782486
vt 1.071792 0.819380
vt 1.071792 0.861968
vt 1.071792 0.861968
vt 1.071792 0.819380
vt 1.071792 0.780144
vt 1.090304 0.782486
vt 1.071792 0.780144
vt 1.054053 0.819346
vt 1.054053 0.863626
vt 1.054053 0.863626
vt 1.054053 0.819346
vt 1.054053 0.778486
vt 1.054053 0.778486
vt 1.044120 0.819346
vt 1.044120 0.860795
vt 1.044120 0.860795
vt 1.044120 0.819346
vt 1.044120 0.781318
vt 1.044120 0.781318
vt 1.040619 0.819346
vt 1.040619 0.847160
vt 1.040619 0.847160
vt 1.040619 0.819346
vt 1.040619 0.792563
vt 1.040619 0.792563
vt 1.038554 0.819346
vt 0.653107 0.582670
vt -0.798149 -0.124143
vt -0.801134 -0.137147
vt -0.794924 -0.121292
vt -0.798019 -0.134390
vt -0.811423 -0.167077
vt -0.808690 -0.164769
vt -0.826064 -0.191740
vt -0.825324 -0.189998
vt -0.854094 -0.205658
vt -0.853706 -0.204650
vt -0.885166 -0.210536
vt -0.862047 -0.203341
vt -0.875444 -0.203033
vt -0.894888 -0.203033
vt -0.908286 -0.203341
vt -0.916627 -0.204650
vt -0.916239 -0.205658
vt -0.944269 -0.191740
vt -0.945009 -0.189998
vt -0.958910 -0.167077
vt -0.961643 -0.164769
vt -0.969199 -0.137147
vt -0.972314 -0.134390
vt -0.972183 -0.124143
vt -0.975408 -0.121292
vt -0.949207 -0.131527
vt -0.951482 -0.118361
vt -0.912097 -0.129799
vt -0.913053 -0.116564
vt -0.858236 -0.129799
vt -0.857280 -0.116564
vt -0.821126 -0.131527
vt -0.818851 -0.118361
vt -0.828967 -0.162369
vt -0.841191 -0.188156
vt -0.866674 -0.187348
vt -0.903659 -0.187348
vt -0.929142 -0.188156
vt -0.861534 -0.161056
vt -0.908799 -0.161056
vt -0.941366 -0.162369
vt -0.979636 -0.115719
vt -0.983137 -0.112501
vt -0.973524 -0.110802
vt -0.976799 -0.107700
vt -0.957161 -0.109285
vt -0.952503 -0.104556
vt -0.915441 -0.107226
vt -0.913482 -0.102576
vt -0.854892 -0.107226
vt -0.856850 -0.102576
vt -0.813172 -0.109285
vt -0.817830 -0.104556
vt -0.787195 -0.112501
vt -0.793534 -0.107700
vt -0.790697 -0.115719
vt -0.796809 -0.110802
vn -0.9018 0.3470 0.2576
vn -0.9497 -0.0227 0.3122
vn -0.8708 0.3244 0.3694
vn -0.9117 -0.0313 0.4096
vn -0.7619 -0.5722 0.3034
vn -0.7374 -0.5304 0.4182
vn -0.7343 0.0103 0.6787
vn -0.6015 -0.4371 0.6686
vn -0.3044 0.0425 0.9516
vn -0.2438 -0.3419 0.9075
vn 0.3042 0.0439 0.9516
vn 0.2417 -0.3429 0.9077
vn 0.7345 0.0132 0.6785
vn 0.6008 -0.4398 0.6675
vn 0.9117 -0.0294 0.4098
vn 0.7366 -0.5329 0.4164
vn 0.9499 -0.0219 0.3116
vn 0.7612 -0.5745 0.3009
vn -0.6932 0.3042 0.6534
vn -0.2756 0.2936 0.9153
vn 0.2777 0.2944 0.9144
vn 0.6948 0.3094 0.6492
vn 0.8675 0.3299 0.3724
vn 0.9003 0.3489 0.2602
vn 0.9345 0.2257 0.2752
vn 0.9009 0.2305 0.3677
vn 0.8790 0.3928 0.2703
vn 0.8259 0.4281 0.3668
vn 0.7530 0.5966 0.2775
vn 0.6943 0.6377 0.3334
vn 0.4993 0.7972 0.3392
vn 0.4693 0.8364 0.2832
vn 0.0041 0.9669 0.2550
vn 0.4384 0.8584 0.2661
vn 0.2160 0.8350 0.5061
vn -0.2010 0.8401 0.5038
vn -0.4194 0.8614 0.2864
vn -0.4904 0.8244 0.2824
vn -0.5202 0.8057 0.2830
vn -0.7581 0.5767 0.3045
vn -0.7064 0.6287 0.3250
vn -0.8732 0.3925 0.2887
vn -0.8280 0.4220 0.3691
vn -0.9314 0.2350 0.2778
vn -0.8983 0.2479 0.3627
vn -0.7305 0.2613 0.6309
vn -0.2934 0.2470 0.9235
vn 0.2997 0.2514 0.9203
vn 0.7270 0.2517 0.6389
vn -0.5965 0.6484 0.4729
vn -0.6783 0.4533 0.5782
vn -0.2841 0.4520 0.8455
vn 0.2928 0.4471 0.8451
vn 0.6665 0.4557 0.5900
vn -0.2658 0.6400 0.7209
vn 0.2706 0.6436 0.7159
vn 0.5904 0.6542 0.4726
vn 0.0002 0.3369 0.9415
vn -0.4811 0.4050 0.7775
vn -0.4125 0.3106 0.8563
vn -0.5631 0.1198 0.8176
vn -0.5307 0.1366 0.8365
vn -0.4392 0.1199 0.8903
vn -0.5574 0.0931 0.8250
vn -0.3901 0.0360 0.9200
vn -0.3048 -0.0479 0.9512
vn 0.0000 -0.0833 0.9965
vn 0.0000 -0.1695 0.9855
vn 0.3049 -0.0479 0.9512
vn 0.3901 0.0360 0.9200
vn 0.5574 0.0932 0.8250
vn 0.4394 0.1199 0.8903
vn 0.5635 0.1198 0.8174
vn 0.5314 0.1368 0.8360
vn 0.4118 0.3072 0.8579
vn 0.4760 0.4014 0.7824
vn 0.0000 0.1168 0.9931
vn -0.4394 -0.8509 -0.2877
vn -0.8423 0.0042 -0.5390
vn -0.4341 -0.8574 0.2764
vn -0.8378 -0.0042 0.5460
vn -0.8423 0.0058 -0.5390
vn -0.8378 -0.0025 0.5460
vn -0.8423 0.0105 -0.5389
vn -0.8377 0.0022 0.5460
vn -0.8423 0.0149 -0.5387
vn -0.8378 0.0065 0.5459
vn -0.8390 0.0165 -0.5439
vn -0.8385 0.0201 0.5445
vn -0.7906 0.4278 -0.4380
vn -0.8353 0.5250 0.1629
vn 0.4488 -0.8471 -0.2846
vn 0.8502 0.0040 -0.5264
vn 0.0085 -0.8168 -0.5769
vn 0.0148 0.0077 -0.9998
vn 0.8502 0.0057 -0.5264
vn 0.0148 0.0093 -0.9998
vn 0.8502 0.0104 -0.5264
vn 0.0148 0.0136 -0.9998
vn 0.8500 0.0147 -0.5265
vn 0.0145 0.0177 -0.9997
vn 0.8482 0.0255 -0.5290
vn 0.0062 0.0165 -0.9998
vn 0.3513 0.7743 -0.5263
vn -0.1478 0.5946 -0.7903
vn 0.4431 -0.8537 0.2735
vn 0.8454 -0.0041 0.5342
vn 0.8454 -0.0024 0.5342
vn 0.8453 0.0023 0.5342
vn 0.8452 0.0066 0.5344
vn 0.8457 0.0299 0.5327
vn 0.3991 0.8862 0.2353
vn 0.0081 -0.8210 0.5708
vn 0.0140 -0.0077 0.9998
vn 0.0140 -0.0061 0.9999
vn 0.0140 -0.0018 0.9999
vn 0.0138 0.0022 0.9999
vn 0.0108 0.0232 0.9997
vn -0.2965 0.7565 0.5829
vn -0.6754 0.6074 -0.4181
vn -0.6737 -0.6036 -0.4263
vn -0.6727 0.5998 0.4332
vn -0.6710 -0.6090 0.4228
vn 0.6763 0.6078 -0.4162
vn 0.6746 -0.6040 -0.4244
vn 0.0020 0.6255 -0.7802
vn 0.0020 -0.6164 -0.7874
vn 0.6735 0.6001 0.4316
vn 0.6718 -0.6093 0.4212
vn 0.0017 0.6160 0.7877
vn 0.0017 -0.6310 0.7758
vn -0.4422 -0.8489 -0.2896
vn -0.8421 0.0172 -0.5390
vn -0.4368 -0.8554 0.2783
vn -0.8376 0.0089 0.5462
vn -0.4377 0.8565 -0.2734
vn -0.4323 0.8544 0.2884
vn 0.4519 -0.8449 -0.2862
vn 0.8502 0.0172 -0.5261
vn 0.0087 -0.8145 -0.5800
vn 0.0150 0.0199 -0.9997
vn 0.4471 0.8527 -0.2702
vn 0.0087 0.8271 -0.5620
vn 0.4461 -0.8516 0.2753
vn 0.8454 0.0091 0.5340
vn 0.4413 0.8508 0.2853
vn 0.0083 -0.8188 0.5740
vn 0.0143 0.0045 0.9999
vn 0.0084 0.8137 0.5812
vn -0.6749 0.6087 -0.4170
vn -0.6744 -0.6030 -0.4260
vn -0.6720 0.6009 0.4327
vn -0.6715 -0.6083 0.4230
vn 0.6755 0.6089 -0.4158
vn 0.6750 -0.6032 -0.4248
vn 0.0013 0.6266 -0.7793
vn 0.0013 -0.6154 -0.7882
vn 0.6725 0.6011 0.4318
vn 0.6720 -0.6084 0.4221
vn 0.0010 0.6173 0.7867
vn 0.0010 -0.6303 0.7763
vn -0.4480 -0.8445 -0.2934
vn -0.8421 0.0202 -0.5390
vn -0.4426 -0.8511 0.2821
vn -0.8375 0.0120 0.5462
vn -0.4350 0.8584 -0.2718
vn -0.4296 0.8563 0.2867
vn 0.4577 -0.8405 -0.2898
vn 0.8502 0.0202 -0.5260
vn 0.0087 -0.8098 -0.5866
vn 0.0151 0.0227 -0.9996
vn 0.4445 0.8545 -0.2686
vn 0.0087 0.8290 -0.5591
vn 0.4520 -0.8473 0.2789
vn 0.8454 0.0122 0.5340
vn 0.4387 0.8527 0.2837
vn 0.0084 -0.8141 0.5806
vn 0.0144 0.0073 0.9998
vn 0.0084 0.8158 0.5783
vn -0.6698 0.6095 -0.4241
vn -0.6724 -0.5988 -0.4351
vn -0.6670 0.6016 0.4395
vn -0.6695 -0.6043 0.4319
vn 0.6749 0.6115 -0.4130
vn 0.6775 -0.6010 -0.4240
vn 0.0118 0.6304 -0.7761
vn 0.0119 -0.6138 -0.7893
vn 0.6719 0.6037 0.4290
vn 0.6745 -0.6062 0.4213
vn 0.0112 0.6212 0.7836
vn 0.0113 -0.6287 0.7776
vn -0.4591 -0.8360 -0.3006
vn -0.8421 0.0252 -0.5387
vn -0.4537 -0.8427 0.2896
vn -0.8375 0.0170 0.5461
vn -0.4365 0.8574 -0.2727
vn -0.4311 0.8552 0.2876
vn 0.4691 -0.8318 -0.2966
vn 0.8501 0.0252 -0.5260
vn 0.0087 -0.8005 -0.5992
vn 0.0153 0.0275 -0.9995
vn 0.4461 0.8534 -0.2695
vn 0.0088 0.8279 -0.5608
vn 0.4633 -0.8387 0.2860
vn 0.8452 0.0173 0.5341
vn 0.4403 0.8515 0.2848
vn 0.0083 -0.8049 0.5933
vn 0.0146 0.0121 0.9998
vn 0.0084 0.8145 0.5800
vn -0.6690 0.6106 -0.4236
vn -0.6733 -0.5973 -0.4356
vn -0.6662 0.6028 0.4391
vn -0.6704 -0.6029 0.4324
vn 0.6741 0.6127 -0.4125
vn 0.6784 -0.5996 -0.4245
vn 0.0118 0.6317 -0.7750
vn 0.0120 -0.6123 -0.7905
vn 0.6711 0.6048 0.4285
vn 0.6753 -0.6048 0.4219
vn 0.0112 0.6225 0.7825
vn 0.0114 -0.6271 0.7788
vn -0.6527 0.6348 -0.4134
vn -0.8403 0.0711 -0.5374
vn -0.6498 0.6275 0.4288
vn -0.8357 0.0634 0.5454
vn -0.8411 0.0566 -0.5379
vn -0.8365 0.0487 0.5458
vn -0.4219 0.8676 -0.2630
vn -0.4165 0.8655 0.2780
vn 0.6576 0.6371 -0.4020
vn 0.8484 0.0715 -0.5245
vn 0.0110 0.6537 -0.7566
vn 0.0152 0.0706 -0.9974
vn 0.8491 0.0569 -0.5251
vn 0.0152 0.0569 -0.9983
vn 0.4311 0.8639 -0.2603
vn 0.0088 0.8391 -0.5439
vn 0.6547 0.6298 0.4180
vn 0.8435 0.0640 0.5333
vn 0.8442 0.0492 0.5336
vn 0.4253 0.8621 0.2756
vn 0.0104 0.6448 0.7643
vn 0.0145 0.0552 0.9984
vn 0.0145 0.0415 0.9990
vn 0.0085 0.8262 0.5633
vn 0.4394 -0.8509 -0.2878
vn 0.4341 -0.8574 0.2764
vn 0.8423 0.0042 -0.5390
vn 0.8378 -0.0042 0.5460
vn 0.8423 0.0058 -0.5390
vn 0.8378 -0.0025 0.5460
vn 0.8423 0.0105 -0.5389
vn 0.8377 0.0022 0.5460
vn 0.8423 0.0149 -0.5387
vn 0.8378 0.0065 0.5459
vn 0.8390 0.0165 -0.5439
vn 0.8385 0.0201 0.5445
vn 0.7906 0.4278 -0.4380
vn 0.8354 0.5249 0.1629
vn -0.4489 -0.8471 -0.2846
vn -0.0085 -0.8168 -0.5769
vn -0.8502 0.0040 -0.5264
vn -0.0148 0.0077 -0.9998
vn -0.0148 0.0093 -0.9998
vn -0.0148 0.0136 -0.9998
vn -0.0145 0.0177 -0.9997
vn -0.0062 0.0165 -0.9998
vn 0.1478 0.5947 -0.7903
vn -0.8502 0.0057 -0.5264
vn -0.8502 0.0104 -0.5264
vn -0.8500 0.0147 -0.5265
vn -0.8482 0.0255 -0.5290
vn -0.3513 0.7743 -0.5263
vn -0.4431 -0.8537 0.2735
vn -0.8454 -0.0041 0.5342
vn -0.8454 -0.0024 0.5342
vn -0.8453 0.0023 0.5342
vn -0.8452 0.0066 0.5344
vn -0.8457 0.0299 0.5327
vn -0.3991 0.8862 0.2353
vn -0.0081 -0.8210 0.5708
vn -0.0140 -0.0077 0.9998
vn -0.0140 -0.0061 0.9999
vn -0.0140 -0.0018 0.9999
vn -0.0138 0.0022 0.9999
vn -0.0108 0.0232 0.9997
vn 0.2964 0.7565 0.5829
vn 0.6754 0.6074 -0.4181
vn 0.6727 0.5998 0.4332
vn 0.6737 -0.6036 -0.4263
vn 0.6710 -0.6090 0.4228
vn -0.6763 0.6078 -0.4162
vn -0.0020 0.6255 -0.7802
vn -0.6746 -0.6040 -0.4244
vn -0.0020 -0.6164 -0.7874
vn -0.6735 0.6001 0.4316
vn -0.6718 -0.6093 0.4212
vn -0.0017 0.6160 0.7877
vn -0.0017 -0.6310 0.7758
vn 0.4419 -0.8491 -0.2894
vn 0.4366 -0.8556 0.2781
vn 0.8421 0.0194 -0.5390
vn 0.8375 0.0112 0.5462
vn 0.4361 0.8577 -0.2724
vn 0.4307 0.8555 0.2873
vn -0.4516 -0.8451 -0.2861
vn -0.0087 -0.8147 -0.5798
vn -0.8502 0.0194 -0.5261
vn -0.0150 0.0220 -0.9996
vn -0.0087 0.8283 -0.5602
vn -0.4454 0.8538 -0.2692
vn -0.4458 -0.8518 0.2751
vn -0.8454 0.0114 0.5340
vn -0.4396 0.8520 0.2843
vn -0.0083 -0.8190 0.5737
vn -0.0143 0.0066 0.9998
vn -0.0084 0.8150 0.5793
vn 0.6749 0.6087 -0.4170
vn 0.6720 0.6009 0.4327
vn 0.6744 -0.6030 -0.4260
vn 0.6715 -0.6083 0.4230
vn -0.6755 0.6089 -0.4158
vn -0.0013 0.6266 -0.7793
vn -0.6750 -0.6032 -0.4248
vn -0.0013 -0.6154 -0.7882
vn -0.6725 0.6011 0.4318
vn -0.6720 -0.6084 0.4221
vn -0.0010 0.6174 0.7867
vn -0.0010 -0.6303 0.7763
vn 0.4483 -0.8443 -0.2936
vn 0.4429 -0.8509 0.2823
vn 0.8420 0.0228 -0.5389
vn 0.8375 0.0146 0.5462
vn 0.4337 0.8593 -0.2709
vn 0.4283 0.8572 0.2858
vn -0.4581 -0.8403 -0.2899
vn -0.0087 -0.8096 -0.5869
vn -0.8502 0.0229 -0.5260
vn -0.0151 0.0252 -0.9995
vn -0.0087 0.8301 -0.5575
vn -0.4431 0.8555 -0.2677
vn -0.4523 -0.8471 0.2791
vn -0.8453 0.0149 0.5340
vn -0.4373 0.8537 0.2829
vn -0.0083 -0.8139 0.5809
vn -0.0143 0.0098 0.9998
vn -0.0084 0.8169 0.5767
vn 0.6698 0.6095 -0.4241
vn 0.6670 0.6016 0.4395
vn 0.6724 -0.5988 -0.4350
vn 0.6695 -0.6043 0.4319
vn -0.6749 0.6115 -0.4130
vn -0.0118 0.6304 -0.7761
vn -0.6775 -0.6010 -0.4240
vn -0.0119 -0.6138 -0.7893
vn -0.6719 0.6037 0.4290
vn -0.6745 -0.6062 0.4213
vn -0.0112 0.6212 0.7836
vn -0.0113 -0.6287 0.7776
vn 0.4600 -0.8352 -0.3012
vn 0.4547 -0.8420 0.2902
vn 0.8420 0.0267 -0.5387
vn 0.8375 0.0185 0.5461
vn 0.4365 0.8574 -0.2727
vn 0.4311 0.8552 0.2876
vn -0.4700 -0.8310 -0.2972
vn -0.0087 -0.7997 -0.6003
vn -0.8501 0.0267 -0.5260
vn -0.0154 0.0289 -0.9995
vn -0.0088 0.8279 -0.5608
vn -0.4461 0.8534 -0.2696
vn -0.4643 -0.8380 0.2866
vn -0.8452 0.0188 0.5341
vn -0.4403 0.8515 0.2848
vn -0.0083 -0.8041 0.5944
vn -0.0146 0.0135 0.9998
vn -0.0084 0.8145 0.5800
vn 0.6690 0.6106 -0.4236
vn 0.6662 0.6028 0.4390
vn 0.6733 -0.5973 -0.4356
vn 0.6704 -0.6029 0.4324
vn -0.6741 0.6127 -0.4125
vn -0.0118 0.6317 -0.7750
vn -0.6784 -0.5995 -0.4245
vn -0.0120 -0.6123 -0.7905
vn -0.6711 0.6048 0.4285
vn -0.6753 -0.6048 0.4219
vn -0.0112 0.6225 0.7825
vn -0.0114 -0.6271 0.7788
vn 0.6527 0.6349 -0.4134
vn 0.6498 0.6275 0.4289
vn 0.8403 0.0711 -0.5374
vn 0.8357 0.0634 0.5454
vn 0.8413 0.0513 -0.5381
vn 0.8367 0.0435 0.5459
vn 0.4251 0.8654 -0.2651
vn 0.4197 0.8633 0.2801
vn -0.6576 0.6372 -0.4019
vn -0.0110 0.6537 -0.7566
vn -0.8484 0.0715 -0.5245
vn -0.0152 0.0706 -0.9974
vn -0.0153 0.0520 -0.9985
vn -0.0088 0.8367 -0.5475
vn -0.8493 0.0516 -0.5253
vn -0.4344 0.8617 -0.2623
vn -0.6547 0.6297 0.4180
vn -0.8435 0.0640 0.5333
vn -0.8444 0.0439 0.5338
vn -0.4286 0.8598 0.2775
vn -0.0105 0.6448 0.7643
vn -0.0145 0.0552 0.9984
vn -0.0145 0.0367 0.9992
vn -0.0085 0.8237 0.5669
vn -0.3585 -0.5693 -0.7398
vn -0.8340 0.4904 0.2528
vn -0.7870 0.1456 -0.5995
vn -0.3655 0.9068 0.2099
vn -0.5855 0.4512 0.6735
vn -0.9044 -0.0552 -0.4229
vn -0.4168 0.9066 -0.0658
vn -0.8542 -0.0868 -0.5126
vn -0.5815 -0.0954 -0.8079
vn -0.7134 0.0767 -0.6965
vn -0.5246 -0.2391 0.8170
vn -0.8589 -0.4933 -0.1372
vn -0.1028 0.9927 0.0625
vn -0.1305 0.9537 0.2710
vn -0.2463 0.4566 0.8549
vn -0.5338 -0.2533 0.8068
vn -0.9050 0.2453 0.3475
vn -0.2132 -0.3350 0.9178
vn -0.3231 -0.2773 0.9048
vn 0.0000 -0.2880 0.9576
vn 0.0000 -0.1167 0.9932
vn 0.3231 -0.2773 0.9048
vn 0.2132 -0.3350 0.9178
vn 0.5247 -0.2391 0.8170
vn 0.5338 -0.2533 0.8068
vn 0.8589 -0.4933 -0.1372
vn 0.0000 0.4860 0.8739
vn 0.2463 0.4566 0.8549
vn 0.5855 0.4512 0.6735
vn 0.7134 0.0767 -0.6965
vn -0.2489 0.4348 0.8654
vn -0.3516 -0.0003 0.9362
vn 0.5937 0.1165 0.7961
vn 0.4922 -0.6927 0.5271
vn -0.0542 -0.3404 0.9387
vn 0.0000 -0.9752 0.2213
vn 0.0000 -0.5841 0.8117
vn 0.0542 -0.3404 0.9387
vn -0.4922 -0.6927 0.5271
vn 0.3516 -0.0003 0.9362
vn -0.5938 0.1165 0.7961
vn 0.2489 0.4348 0.8654
vn -0.7675 -0.1581 0.6211
vn -0.9417 -0.1377 0.3070
vn -0.9663 -0.0451 0.2534
vn -0.9736 -0.2089 0.0922
vn -0.9597 0.0520 0.2762
vn -0.9961 -0.0118 0.0874
vn -0.9909 -0.1278 -0.0417
vn -0.9922 -0.0179 0.1234
vn -0.9942 0.0801 -0.0722
vn -0.6108 0.7830 0.1173
vn -0.1933 0.7623 0.6176
vn 0.0000 0.7963 0.6048
vn 0.1933 0.7623 0.6176
vn -0.5615 -0.4858 0.6698
vn -0.7606 -0.4477 0.4701
vn -0.2336 -0.4086 0.8823
vn -0.1099 -0.9652 0.2373
vn -0.3042 0.1991 0.9315
vn 0.0000 -0.9691 0.2465
vn 0.0000 0.2029 0.9792
vn 0.3042 0.1991 0.9315
vn 0.1099 -0.9652 0.2373
vn 0.7606 -0.4477 0.4701
vn 0.2336 -0.4086 0.8823
vn 0.5615 -0.4858 0.6698
vn 0.0000 -0.4741 0.8805
vn -0.7724 0.6211 0.1330
vn 0.0501 0.9928 -0.1089
vn -0.4375 0.7135 0.5473
vn -0.1596 0.9732 0.1655
vn -0.4035 0.6644 0.6290
vn -0.0098 0.9928 0.1192
vn -0.3015 0.7071 0.6396
vn -0.0959 0.9787 0.1813
vn -0.2258 0.6795 0.6980
vn -0.0462 0.9923 0.1144
vn -0.1302 0.7071 0.6950
vn -0.0442 0.9807 0.1901
vn 0.0000 0.6679 0.7442
vn 0.0000 0.9968 0.0803
vn 0.0442 0.9807 0.1901
vn 0.1302 0.7071 0.6950
vn 0.0462 0.9923 0.1144
vn 0.2258 0.6795 0.6980
vn 0.0959 0.9787 0.1813
vn 0.3015 0.7071 0.6396
vn 0.0087 0.9927 0.1199
vn 0.4035 0.6644 0.6290
vn 0.1584 0.9731 0.1669
vn 0.4377 0.7136 0.5470
vn -0.0504 0.9920 -0.1153
vn 0.7720 0.6215 0.1331
vn -0.1245 0.5914 -0.7967
vn 0.4051 0.9039 -0.1374
vn 0.8948 0.2203 0.3882
vn 0.4564 -0.7022 -0.5464
vn 0.2524 -0.6920 -0.6763
vn 0.5696 -0.7984 -0.1950
vn 0.1164 -0.7373 -0.6654
vn 0.0000 -0.6994 -0.7147
vn -0.1164 -0.7373 -0.6654
vn -0.2524 -0.6920 -0.6763
vn -0.4564 -0.7022 -0.5464
vn -0.5697 -0.7984 -0.1950
vn -0.8155 -0.5700 -0.0999
vn 0.0999 -0.5851 -0.8048
vn -0.4682 -0.6772 0.5676
vn 0.4289 -0.7400 -0.5180
vn -0.3682 -0.7078 0.6029
vn 0.3695 -0.7064 -0.6037
vn -0.2686 -0.6702 0.6918
vn 0.2330 -0.7510 -0.6178
vn -0.1353 -0.7075 0.6937
vn 0.1205 -0.7067 -0.6971
vn 0.0001 -0.7475 -0.6643
vn 0.0001 -0.6663 0.7456
vn -0.1206 -0.7067 -0.6971
vn 0.1352 -0.7075 0.6936
vn -0.2330 -0.7510 -0.6178
vn 0.2686 -0.6702 0.6918
vn -0.3695 -0.7064 -0.6037
vn 0.3682 -0.7078 0.6029
vn -0.4288 -0.7400 -0.5181
vn 0.4682 -0.6772 0.5675
vn -0.0999 -0.5850 -0.8048
vn 0.8155 -0.5700 -0.0999
vn -0.3680 -0.7296 0.5764
vn 0.2187 -0.9520 0.2140
vn -0.1064 -0.9899 0.0940
vn -0.1604 -0.9469 0.2785
vn -0.1002 -0.9812 0.1648
vn -0.1693 -0.9764 0.1338
vn -0.0440 -0.9830 0.1782
vn 0.0189 -0.9963 0.0840
vn -0.0504 -0.9818 0.1830
vn -0.0002 -0.9783 0.2072
vn 0.0000 -0.9977 0.0671
vn 0.0502 -0.9818 0.1830
vn 0.0438 -0.9830 0.1783
vn -0.0189 -0.9963 0.0839
vn 0.1693 -0.9764 0.1337
vn 0.1003 -0.9812 0.1647
vn 0.1064 -0.9899 0.0938
vn 0.1606 -0.9471 0.2780
vn 0.3681 -0.7297 0.5762
vn -0.2188 -0.9520 0.2140
vn -0.1167 0.9916 0.0558
vn -0.6409 0.1518 0.7524
vn -0.8688 0.2085 0.4490
vn -0.3030 0.9497 0.0792
vn -0.1699 0.9854 0.0117
vn -0.7002 0.2459 0.6703
vn -0.4866 0.2359 0.8412
vn -0.0192 0.9991 0.0362
vn -0.4045 0.2434 0.8815
vn -0.0122 0.9992 0.0367
vn -0.2800 0.2430 0.9287
vn 0.0000 0.9987 0.0510
vn 0.0000 0.2517 0.9678
vn 0.2813 0.2439 0.9281
vn 0.0164 0.9992 0.0367
vn 0.0188 0.9991 0.0365
vn 0.4879 0.2371 0.8401
vn 0.1700 0.9854 0.0121
vn 0.7002 0.2459 0.6703
vn 0.8692 0.2065 0.4492
vn 0.3034 0.9495 0.0794
vn 0.6415 0.1517 0.7519
vn 0.0001 0.2869 0.9579
vn -0.3475 0.2734 0.8969
vn -0.3822 0.0918 0.9195
vn -0.4116 0.1082 0.9049
vn -0.2838 0.0049 0.9589
vn 0.0000 -0.0913 0.9958
vn 0.2839 0.0049 0.9588
vn 0.4116 0.1083 0.9049
vn 0.3823 0.0918 0.9194
vn 0.3452 0.2718 0.8983
vn 0.3585 -0.5693 -0.7398
vn 0.7870 0.1456 -0.5995
vn 0.8340 0.4904 0.2528
vn 0.3655 0.9068 0.2099
vn 0.1305 0.9537 0.2710
vn 0.1028 0.9927 0.0625
vn 0.4168 0.9066 -0.0658
vn 0.0000 0.9641 0.2655
vn 0.0000 0.9970 0.0768
vn 0.8542 -0.0868 -0.5126
vn 0.5815 -0.0954 -0.8079
vn 0.9044 -0.0552 -0.4229
vn 0.9050 0.2453 0.3475
vn 0.7677 -0.1582 0.6209
vn 0.9663 -0.0459 0.2532
vn 0.9415 -0.1388 0.3070
vn 0.9736 -0.2089 0.0918
vn 0.9593 0.0526 0.2772
vn 0.9961 -0.0119 0.0872
vn 0.9908 -0.1278 -0.0437
vn 0.9922 -0.0179 0.1234
vn 0.9942 0.0801 -0.0720
vn 0.6109 0.7830 0.1173
vn 0.1244 0.5918 -0.7964
vn -0.4077 0.9023 -0.1397
vn 0.5191 0.6962 -0.4957
vn 0.4159 0.7243 -0.5498
vn 0.3145 0.7071 -0.6333
vn 0.2176 0.7381 -0.6386
vn 0.1377 0.7071 -0.6936
vn 0.0000 0.7537 -0.6572
vn -0.1377 0.7071 -0.6936
vn -0.2176 0.7381 -0.6386
vn -0.3145 0.7071 -0.6333
vn -0.4159 0.7243 -0.5498
vn -0.5187 0.6965 -0.4958
vn -0.6894 0.6570 0.3051
vn -0.5564 0.5880 0.5871
vn -0.1214 0.7421 0.6591
vn 0.0000 0.7871 0.6168
vn 0.1214 0.7421 0.6591
vn 0.5564 0.5880 0.5871
vn 0.6894 0.6570 0.3051
vn -0.0568 0.9834 0.1722
vn 0.0000 0.9932 0.1166
vn 0.0568 0.9834 0.1722
vn 0.5022 0.7241 -0.4726
vn 0.4217 0.7055 -0.5696
vn 0.3069 0.7239 -0.6179
vn 0.2328 0.6939 -0.6814
vn 0.1403 0.7181 -0.6816
vn 0.0000 0.6731 -0.7395
vn -0.1403 0.7181 -0.6816
vn -0.2328 0.6939 -0.6814
vn -0.3069 0.7239 -0.6179
vn -0.4217 0.7055 -0.5696
vn -0.5022 0.7241 -0.4726
vn -0.3227 0.1835 0.9285
vn 0.0000 0.2619 0.9651
vn 0.3229 0.1837 0.9284
vn -0.2124 -0.1495 0.9657
vn 0.0000 -0.1792 0.9838
vn -0.1655 -0.3132 0.9351
vn -0.4496 -0.3008 0.8411
vn -0.5340 -0.1988 0.8217
vn -0.6042 -0.0211 0.7965
vn -0.6168 0.1238 0.7773
vn -0.6671 0.1381 0.7320
vn -0.6389 0.0590 0.7670
vn -0.5173 -0.0108 0.8557
vn -0.3177 0.0848 0.9444
vn 0.0000 0.2154 0.9765
vn 0.0000 -0.2676 0.9635
vn 0.1655 -0.3132 0.9351
vn 0.3177 0.0848 0.9444
vn 0.4496 -0.3008 0.8411
vn 0.5172 -0.0107 0.8558
vn 0.5340 -0.1988 0.8217
vn 0.6042 -0.0211 0.7965
vn 0.6395 0.0587 0.7665
vn 0.6167 0.1238 0.7774
vn 0.6672 0.1381 0.7320
vn 0.6138 0.2314 0.7547
vn 0.7094 0.2431 0.6616
vn 0.6299 0.4581 0.6271
vn 0.6383 0.3001 0.7089
vn 0.5469 0.6622 0.5122
vn 0.5627 0.3233 0.7608
vn 0.3448 0.5071 0.7898
vn 0.1466 0.7096 0.6891
vn 0.0000 0.6697 0.7426
vn 0.0000 0.3644 0.9312
vn -0.3448 0.5071 0.7899
vn -0.1466 0.7096 0.6891
vn -0.5469 0.6622 0.5122
vn -0.5628 0.3234 0.7607
vn -0.6383 0.3002 0.7089
vn -0.6299 0.4581 0.6271
vn -0.7094 0.2430 0.6616
vn -0.6138 0.2314 0.7547
vn -0.2072 0.3864 0.8987
vn 0.0000 0.4100 0.9120
vn 0.2073 0.3863 0.8987
vn 0.2124 -0.1495 0.9657
vn -0.2754 0.7718 -0.5731
vn 0.0000 0.7834 -0.6214
vn 0.0000 0.9731 -0.2303
vn 0.0000 0.9958 -0.0914
vn -0.1330 0.9911 -0.0030
vn -0.5364 0.8338 0.1306
vn -0.8444 0.4763 0.2449
vn -0.8441 0.4304 -0.3197
vn -0.4949 0.4270 -0.7568
vn 0.0000 0.4361 -0.8999
vn 0.2754 0.7718 -0.5731
vn 0.1330 0.9911 -0.0030
vn 0.0000 0.9986 0.0529
vn -0.1365 0.9734 0.1838
vn -0.2347 0.9641 0.1238
vn -0.3660 0.8930 0.2619
vn -0.6740 0.4985 0.5452
vn -0.6702 0.3061 0.6761
vn -0.6915 0.2315 0.6843
vn -0.9280 0.2027 0.3125
vn -0.9371 0.1760 -0.3015
vn -0.5824 0.1722 -0.7944
vn 0.0000 0.1844 -0.9828
vn 0.4949 0.4270 -0.7568
vn -0.1552 0.9350 0.3188
vn 0.0000 0.9370 0.3492
vn 0.1552 0.9350 0.3188
vn 0.3660 0.8930 0.2619
vn 0.5364 0.8338 0.1306
vn 0.6740 0.4985 0.5452
vn 0.6702 0.3061 0.6761
vn 0.5326 0.2522 0.8079
vn 0.5008 0.2682 0.8229
vn 0.3293 0.3168 0.8895
vn 0.0000 0.3145 0.9492
vn -0.3293 0.3168 0.8895
vn -0.5008 0.2683 0.8229
vn -0.5326 0.2522 0.8079
vn 0.0000 0.9742 0.2258
vn 0.1365 0.9734 0.1838
vn 0.2347 0.9641 0.1238
vn 0.8444 0.4763 0.2449
vn 0.6915 0.2315 0.6843
vn 0.5837 0.2177 0.7822
vn -0.5837 0.2177 0.7822
vn -0.5498 0.1495 0.8218
vn -0.7266 0.1413 0.6723
vn -0.9473 0.0678 0.3131
vn -0.9510 0.0754 -0.2998
vn -0.5904 0.0707 -0.8040
vn 0.0000 0.0714 -0.9974
vn 0.5824 0.1722 -0.7944
vn 0.8441 0.4304 -0.3198
vn 0.9371 0.1760 -0.3015
vn 0.9280 0.2027 0.3125
vn 0.5498 0.1495 0.8217
vn 0.5409 0.1016 0.8349
vn 0.4870 0.0697 0.8706
vn 0.3047 0.1336 0.9430
vn -0.5405 0.1017 0.8351
vn -0.7461 0.0416 0.6645
vn -0.6142 -0.0111 0.7890
vn -0.4870 0.0696 0.8706
vn -0.3331 0.0539 0.9413
vn -0.7022 0.1799 0.6888
vn -0.9674 0.0229 0.2520
vn -0.3047 0.1336 0.9430
vn 0.0000 -0.0906 0.9959
vn 0.0000 0.0412 0.9991
vn -0.2978 0.0534 0.9531
vn -0.5287 0.0416 0.8477
vn -0.5123 0.1750 0.8408
vn -0.8938 0.0642 0.4438
vn -0.9980 0.0208 0.0595
vn -0.9481 0.0228 -0.3170
vn -0.9563 0.0257 -0.2912
vn -0.5905 0.0569 -0.8050
vn 0.0000 0.0579 -0.9983
vn 0.5904 0.0707 -0.8040
vn 0.9510 0.0754 -0.2998
vn 0.9473 0.0678 0.3131
vn 0.7266 0.1413 0.6723
vn 0.7461 0.0416 0.6645
vn 0.6142 -0.0110 0.7891
vn 0.3331 0.0539 0.9413
vn 0.7022 0.1799 0.6888
vn 0.5123 0.1750 0.8408
vn 0.5287 0.0416 0.8477
vn 0.2978 0.0534 0.9531
vn -0.8386 -0.3844 -0.3859
vn -0.0395 -0.1655 -0.9854
vn -0.8645 -0.1348 -0.4841
vn -0.0072 -0.0738 -0.9972
vn 0.8384 -0.0921 -0.5372
vn 0.1507 -0.8907 -0.4287
vn -0.3147 -0.5802 -0.7512
vn -0.3674 -0.6784 -0.6362
vn -0.5232 -0.3768 -0.7643
vn -0.8996 -0.2915 -0.3252
vn -0.8490 -0.4027 0.3420
vn -0.8621 -0.1227 0.4916
vn -0.8428 -0.0627 -0.5345
vn -0.8410 -0.0711 0.5363
vn -0.8404 -0.0869 -0.5349
vn -0.8353 -0.0879 0.5427
vn -0.0029 -0.0823 -0.9966
vn 0.8394 -0.0871 -0.5365
vn 0.8399 -0.0867 0.5357
vn 0.8416 -0.1005 0.5307
vn 0.1379 -0.9030 0.4068
vn -0.2536 -0.9673 0.0007
vn -0.1722 -0.9431 -0.2845
vn 0.0000 -0.9249 -0.3801
vn 0.0000 -0.6803 -0.7329
vn 0.0000 -0.4090 -0.9125
vn -0.5732 -0.1664 -0.8023
vn -0.9426 -0.1317 -0.3067
vn -0.9493 -0.1165 0.2918
vn -0.9031 -0.2999 0.3074
vn -0.4616 -0.6560 0.5971
vn -0.3607 -0.6561 0.6628
vn -0.0408 -0.1303 0.9906
vn 0.0060 -0.0917 0.9958
vn -0.0023 -0.0779 -0.9969
vn 0.8389 -0.0846 -0.5377
vn 0.8395 -0.0849 0.5367
vn 0.0089 -0.0779 0.9969
vn 0.0094 -0.0822 0.9966
vn -0.2027 -0.9505 0.2354
vn 0.0000 -0.9470 0.3212
vn 0.0000 -0.9999 -0.0080
vn 0.0000 -0.6507 0.7593
vn 0.2027 -0.9505 0.2354
vn 0.2536 -0.9673 0.0007
vn 0.1722 -0.9431 -0.2845
vn 0.3674 -0.6784 -0.6362
vn 0.5232 -0.3768 -0.7643
vn 0.5732 -0.1664 -0.8023
vn 0.0000 -0.1914 -0.9815
vn -0.5799 -0.0850 -0.8102
vn -0.9466 -0.0658 -0.3155
vn -0.9539 -0.0459 0.2965
vn -0.5966 -0.0260 0.8021
vn -0.5968 -0.1010 0.7960
vn -0.5688 -0.2975 0.7667
vn 0.0000 -0.2547 0.9670
vn 0.5688 -0.2975 0.7667
vn 0.4616 -0.6560 0.5971
vn 0.3607 -0.6561 0.6628
vn -0.1379 -0.9030 0.4068
vn -0.8402 -0.0852 -0.5355
vn -0.0024 -0.0789 -0.9969
vn 0.8389 -0.0855 -0.5376
vn 0.8395 -0.0859 0.5365
vn 0.0089 -0.0789 0.9968
vn -0.8346 -0.0864 0.5440
vn -0.8346 -0.0855 0.5441
vn -0.1507 -0.8907 -0.4287
vn 0.3147 -0.5802 -0.7512
vn 0.8386 -0.3844 -0.3859
vn 0.8996 -0.2915 -0.3252
vn 0.9426 -0.1317 -0.3067
vn 0.9466 -0.0658 -0.3155
vn -0.8401 -0.0860 -0.5355
vn -0.8195 -0.2369 -0.5218
vn -0.8139 -0.2376 0.5301
vn -0.6079 -0.6924 -0.3886
vn -0.6042 -0.6917 0.3955
vn -0.0044 -1.0000 0.0017
vn -0.0004 -0.6905 -0.7233
vn -0.0027 -0.2217 -0.9751
vn 0.0087 -0.2217 0.9750
vn 0.0070 -0.6904 0.7234
vn 0.6066 -0.6932 0.3890
vn 0.6064 -0.6927 -0.3905
vn 0.8187 -0.2356 -0.5237
vn 0.8188 -0.2365 0.5230
vn 0.0000 -0.0663 0.9978
vn 0.5968 -0.1010 0.7960
vn 0.9031 -0.2999 0.3074
vn 0.8490 -0.4027 0.3420
vn 0.8621 -0.1227 0.4916
vn 0.0408 -0.1303 0.9906
vn 0.0000 -0.0126 0.9999
vn 0.5966 -0.0260 0.8021
vn 0.9493 -0.1165 0.2918
vn 0.8645 -0.1348 -0.4841
vn 0.8428 -0.0627 -0.5345
vn 0.8410 -0.0711 0.5363
vn -0.0060 -0.0917 0.9958
vn 0.9539 -0.0459 0.2965
vn 0.9521 -0.0268 0.3046
vn 0.9481 -0.0442 -0.3149
vn 0.5799 -0.0850 -0.8102
vn 0.0000 -0.0983 -0.9951
vn -0.5819 -0.0605 -0.8110
vn -0.9481 -0.0442 -0.3149
vn -0.9521 -0.0268 0.3046
vn -0.5896 -0.0037 0.8076
vn 0.0000 -0.0011 1.0000
vn 0.5896 -0.0037 0.8076
vn 0.6005 -0.0138 0.7995
vn 0.9525 -0.0012 0.3045
vn 0.9452 -0.0115 -0.3262
vn 0.5819 -0.0605 -0.8110
vn 0.0000 -0.0698 -0.9976
vn -0.8416 -0.1005 0.5307
vn -0.8384 -0.0921 -0.5372
vn 0.0395 -0.1655 -0.9854
vn 0.0072 -0.0738 -0.9972
vn 0.0029 -0.0823 -0.9966
vn 0.8404 -0.0869 -0.5349
vn -0.8394 -0.0871 -0.5365
vn -0.8389 -0.0846 -0.5376
vn 0.0023 -0.0779 -0.9969
vn 0.8402 -0.0852 -0.5355
vn 0.8353 -0.0879 0.5427
vn -0.8389 -0.0855 -0.5376
vn 0.0024 -0.0789 -0.9969
vn 0.8401 -0.0860 -0.5355
vn 0.8346 -0.0855 0.5441
vn -0.0094 -0.0822 0.9966
vn -0.8187 -0.2356 -0.5237
vn 0.0027 -0.2217 -0.9751
vn 0.8195 -0.2369 -0.5218
vn 0.8346 -0.0864 0.5440
vn -0.0089 -0.0779 0.9969
vn -0.8399 -0.0867 0.5358
vn -0.8395 -0.0849 0.5367
vn -0.0089 -0.0789 0.9968
vn -0.8395 -0.0859 0.5365
vn -0.0087 -0.2217 0.9750
vn -0.8188 -0.2365 0.5230
vn -0.0070 -0.6904 0.7234
vn -0.6066 -0.6932 0.3890
vn 0.0044 -1.0000 0.0017
vn -0.6064 -0.6927 -0.3905
vn 0.0004 -0.6905 -0.7233
vn 0.6079 -0.6924 -0.3886
vn 0.8139 -0.2376 0.5301
vn 0.6042 -0.6917 0.3955
vn -0.9039 0.0676 0.4224
vn -0.7776 -0.0201 0.6284
vn -0.5179 -0.0676 0.8527
vn -0.2911 -0.0871 0.9527
vn 0.0000 -0.0849 0.9964
vn 0.2911 -0.0869 0.9527
vn 0.5179 -0.0675 0.8527
vn 0.7776 -0.0201 0.6284
vn 0.9039 0.0676 0.4224
vn 0.7562 0.5502 0.3541
vn 0.9323 0.1222 0.3402
vn 0.9171 0.1953 0.3475
vn 0.8407 0.1208 0.5279
vn 0.7024 -0.0078 0.7118
vn 0.5103 -0.0016 0.8600
vn 0.2992 0.0084 0.9541
vn 0.0000 0.0098 0.9999
vn -0.2994 0.0085 0.9540
vn -0.5092 -0.0005 0.8607
vn -0.7022 -0.0080 0.7119
vn -0.8401 0.1251 0.5278
vn -0.9171 0.1952 0.3474
vn -0.9324 0.1219 0.3403
vn -0.7571 0.5486 0.3547
vn -0.9761 0.1546 -0.1524
vn -0.8262 0.0923 0.5558
vn 0.8262 0.0923 0.5557
vn 0.9762 0.1543 -0.1524
vn 0.9809 -0.1906 -0.0386
vn 0.9542 -0.1911 0.2303
vn 0.8927 -0.0777 0.4439
vn 0.5468 -0.0291 0.8368
vn 0.3023 -0.0042 0.9532
vn 0.0000 -0.0052 1.0000
vn -0.3023 -0.0042 0.9532
vn -0.5468 -0.0291 0.8368
vn -0.8925 -0.0772 0.4445
vn -0.9541 -0.1906 0.2309
vn -0.9815 -0.1878 -0.0374
vn -0.9998 0.0076 0.0161
vn -0.9465 0.0237 -0.3218
vn -0.5870 0.0019 -0.8096
vn -0.5948 0.0318 -0.8032
vn 0.0000 0.0382 -0.9993
vn 0.5905 0.0569 -0.8050
vn 0.9563 0.0257 -0.2912
vn 0.9674 0.0229 0.2520
vn 0.8938 0.0642 0.4438
vn -0.9954 0.0278 0.0916
vn -0.9509 -0.0018 -0.3094
vn -0.5855 -0.0117 -0.8106
vn 0.0000 -0.0161 -0.9998
vn 0.0000 -0.0078 -0.9999
vn 0.5948 0.0318 -0.8032
vn 0.9481 0.0228 -0.3170
vn 0.9980 0.0208 0.0595
vn 0.0000 0.1268 0.9919
vn 0.9998 0.0076 0.0160
vn 0.9954 0.0278 0.0916
vn 0.9069 0.0021 0.4213
vn 0.6281 0.0065 0.7781
vn 0.2981 -0.0297 0.9540
vn 0.0000 0.0000 1.0000
vn -0.2981 -0.0297 0.9540
vn -0.6281 0.0065 0.7781
vn -0.9069 0.0022 0.4212
vn -0.9525 -0.0012 0.3045
vn -0.9452 -0.0115 -0.3262
vn -0.5791 -0.0253 -0.8148
vn 0.0000 -0.0338 -0.9994
vn 0.5855 -0.0117 -0.8106
vn 0.5870 0.0019 -0.8096
vn 0.9465 0.0237 -0.3218
vn -0.6005 -0.0138 0.7995
vn 0.0000 -0.0297 0.9995
vn 0.9509 -0.0018 -0.3094
vn 0.5791 -0.0253 -0.8148
vn 0.7342 -0.3041 -0.6069
vn 0.1648 -0.8586 0.4853
vn 0.1545 -0.8500 -0.5036
vn -0.1354 -0.7491 -0.6485
vn -0.1445 -0.7464 0.6496
vn 0.7421 -0.2877 0.6054
vn 0.7465 0.4866 0.4537
vn 0.7014 0.4605 -0.5439
vn 0.3075 0.6953 -0.6496
vn 0.0407 -0.0524 -0.9978
vn 0.0241 -0.0611 -0.9978
vn 0.0862 -0.7349 -0.6726
vn 0.0743 -0.7328 0.6764
vn 0.0679 0.0369 0.9970
vn 0.3200 0.7566 0.5701
vn 0.0273 0.8060 0.5912
vn 0.0593 0.7623 -0.6445
vn -0.0970 0.9829 -0.1565
vn 0.9987 -0.0423 -0.0292
vn 0.5943 -0.7960 -0.1145
vn 0.6309 -0.7734 0.0613
vn -0.0396 0.0469 0.9981
vn 0.9975 0.0200 0.0671
vn -0.0801 0.9838 0.1605
vn -0.2650 0.9642 0.0117
vn -0.3905 0.6011 -0.6972
vn -0.2326 0.7123 -0.6622
vn -0.0312 0.8075 -0.5891
vn 0.1234 0.8126 0.5695
vn 0.0924 0.0979 0.9909
vn 0.2472 -0.7134 0.6557
vn 0.3370 -0.7009 -0.6286
vn 0.1553 -0.9805 -0.1201
vn 0.4611 -0.8487 -0.2591
vn 0.8601 -0.4502 -0.2399
vn 0.0647 -0.7402 0.6692
vn 0.2220 -0.6603 -0.7174
vn -0.2308 0.8269 -0.5127
vn -0.2110 0.8313 0.5142
vn 0.0430 0.8374 0.5448
vn 0.0596 0.8277 -0.5579
vn -0.2663 -0.0308 -0.9634
vn -0.3215 -0.1288 -0.9381
vn -0.0854 -0.0363 -0.9957
vn -0.0609 0.0615 -0.9962
vn 0.0459 0.0622 -0.9970
vn -0.1828 -0.8552 -0.4849
vn 0.0752 -0.7656 -0.6389
vn 0.0885 -0.7647 -0.6383
vn -0.1975 -0.7743 -0.6012
vn 0.0954 -0.8488 -0.5200
vn 0.6829 -0.2607 -0.6824
vn 0.2943 0.7733 -0.5616
vn -0.0122 -0.7425 0.6697
vn 0.2989 -0.8740 0.3831
vn 0.8680 -0.1806 0.4625
vn 0.6423 0.4816 -0.5962
vn 0.3856 0.7638 0.5175
vn 0.2313 0.0684 0.9705
vn 0.1022 -0.7815 0.6155
vn -0.2988 -0.0764 0.9512
vn -0.4535 -0.8139 0.3633
vn -0.3138 -0.8772 0.3634
vn 0.2161 -0.6034 -0.7676
vn 0.7644 0.4231 -0.4863
vn 0.2968 0.2639 0.9177
vn -0.0767 0.0800 0.9938
vn 0.0559 0.1039 0.9930
vn -0.1763 -0.7398 0.6493
vn -0.0370 -0.7081 -0.7051
vn 0.1107 -0.0021 -0.9938
vn -0.4531 -0.0284 0.8910
vn -0.2584 0.5973 0.7592
vn 0.1945 0.6391 0.7440
vn -0.3597 -0.0869 0.9290
vn -0.1458 -0.1429 0.9789
vn -0.2782 -0.9009 0.3331
vn 0.1787 -0.5705 -0.8016
vn 0.6719 0.5254 -0.5220
vn -0.1166 0.7183 0.6859
vn -0.0598 0.8184 0.5714
vn 0.0854 0.8104 -0.5796
vn 0.3735 0.7367 -0.5636
vn 0.2683 0.7577 0.5948
vn 0.6708 0.4989 0.5487
vn 0.6757 -0.2687 0.6864
vn 0.1275 -0.9033 0.4096
vn 0.2719 -0.8418 -0.4663
vn 0.1621 -0.0094 -0.9867
vn 0.8351 -0.2876 -0.4688
vn 0.8321 0.4703 -0.2938
vn 0.8243 0.5198 0.2243
vn 0.3770 0.6720 0.6374
vn 0.8737 0.3552 0.3322
vn 0.5978 -0.3093 0.7396
vn 0.4848 -0.8722 0.0649
vn 0.8949 -0.0449 -0.4440
vn 0.0585 -0.8456 -0.5306
vn 0.0433 -0.8467 0.5302
vn 0.0222 -0.0180 0.9996
vn 0.0375 -0.0161 0.9991
vn 0.0421 0.8330 0.5516
vn 0.0425 0.8288 -0.5578
vn 0.0527 -0.0331 -0.9980
vn 0.0375 -0.0313 -0.9988
vn 0.0416 -0.8459 -0.5317
vn 0.0419 -0.8418 0.5382
vn 0.0326 -0.8417 0.5390
vn 0.0291 -0.0149 0.9995
vn 0.0327 0.8335 0.5516
vn 0.0331 0.8293 -0.5578
vn 0.0324 -0.8458 -0.5324
vn 0.0310 -0.8458 -0.5326
vn 0.0313 -0.8416 0.5392
vn 0.0279 -0.0146 0.9995
vn 0.0313 0.8336 0.5514
vn 0.0316 0.8295 -0.5576
vn 0.0292 -0.0302 -0.9991
vn 0.0279 -0.0298 -0.9991
vn 0.0219 -0.0297 -0.9993
vn 0.0253 -0.8456 -0.5332
vn 0.0258 -0.8415 0.5397
vn 0.0219 -0.0140 0.9996
vn 0.0255 0.8336 0.5518
vn 0.0260 0.8296 -0.5578
vn 0.0288 0.8290 -0.5584
vn 0.0234 -0.0294 -0.9993
vn 0.0284 -0.8447 -0.5345
vn 0.0286 -0.8407 0.5407
vn 0.0234 -0.0134 0.9996
vn 0.0286 0.8329 0.5527
vn 0.0310 0.8326 0.5529
vn 0.0309 0.8287 -0.5588
vn 0.0263 -0.0288 -0.9992
vn 0.0307 -0.8442 -0.5351
vn 0.0307 -0.8401 0.5415
vn 0.0263 -0.0133 0.9995
vn -0.0241 -0.0133 0.9996
vn -0.0270 0.8331 0.5524
vn -0.0271 0.8291 -0.5584
vn -0.0237 -0.0281 -0.9993
vn -0.0266 -0.8446 -0.5347
vn -0.0270 -0.8403 0.5415
vn -0.3657 -0.7831 0.5030
vn -0.3455 -0.0133 0.9383
vn -0.3897 0.7718 0.5025
vn -0.3927 0.7661 -0.5088
vn -0.3473 -0.0239 -0.9374
vn -0.3638 -0.7881 -0.4964
vn -0.8126 -0.4895 -0.3162
vn -0.8133 -0.4855 0.3205
vn -0.8004 -0.0095 0.5993
vn -0.8375 0.4460 0.3158
vn -0.8364 0.4409 -0.3256
vn -0.7991 -0.0128 -0.6010
vn -1.0000 -0.0049 0.0000
vn -0.1648 -0.8586 0.4853
vn -0.7342 -0.3041 -0.6069
vn -0.1545 -0.8500 -0.5036
vn -0.0407 -0.0524 -0.9978
vn -0.3075 0.6953 -0.6496
vn -0.7014 0.4605 -0.5439
vn -0.7465 0.4866 0.4537
vn -0.7421 -0.2877 0.6054
vn 0.1445 -0.7464 0.6496
vn 0.1354 -0.7491 -0.6485
vn -0.0241 -0.0611 -0.9978
vn -0.0593 0.7623 -0.6445
vn -0.0273 0.8060 0.5912
vn -0.3200 0.7566 0.5701
vn -0.0679 0.0369 0.9970
vn -0.0743 -0.7328 0.6764
vn -0.0862 -0.7349 -0.6726
vn -0.9987 -0.0423 -0.0292
vn 0.0970 0.9829 -0.1565
vn 0.0801 0.9838 0.1605
vn -0.9975 0.0200 0.0671
vn 0.0396 0.0469 0.9981
vn -0.6309 -0.7734 0.0613
vn -0.5943 -0.7960 -0.1145
vn -0.0923 0.0979 0.9909
vn -0.1234 0.8126 0.5695
vn 0.0312 0.8075 -0.5891
vn 0.2326 0.7123 -0.6622
vn 0.3905 0.6011 -0.6972
vn 0.2650 0.9642 0.0117
vn 0.1166 0.7183 0.6859
vn -0.0853 0.8104 -0.5796
vn -0.1107 -0.0021 -0.9938
vn -0.2220 -0.6603 -0.7174
vn 0.2308 0.8269 -0.5127
vn 0.2110 0.8313 0.5142
vn 0.2584 0.5973 0.7592
vn -0.2968 0.2639 0.9177
vn 0.0767 0.0800 0.9938
vn 0.0598 0.8184 0.5714
vn -0.3735 0.7367 -0.5636
vn -0.1621 -0.0094 -0.9867
vn 0.0370 -0.7081 -0.7051
vn 0.1763 -0.7398 0.6493
vn -0.0647 -0.7402 0.6692
vn -0.8601 -0.4502 -0.2399
vn -0.4611 -0.8487 -0.2591
vn -0.1553 -0.9805 -0.1201
vn -0.3370 -0.7009 -0.6286
vn -0.2472 -0.7134 0.6557
vn -0.2313 0.0684 0.9705
vn -0.3856 0.7638 0.5175
vn -0.2943 0.7733 -0.5616
vn -0.0459 0.0622 -0.9970
vn 0.0609 0.0615 -0.9962
vn 0.0854 -0.0363 -0.9957
vn 0.3215 -0.1288 -0.9381
vn 0.2663 -0.0308 -0.9634
vn -0.0596 0.8277 -0.5579
vn -0.0430 0.8374 0.5448
vn -0.0222 -0.0180 0.9996
vn 0.2988 -0.0764 0.9512
vn 0.4531 -0.0284 0.8910
vn -0.1945 0.6391 0.7440
vn -0.7644 0.4231 -0.4863
vn -0.0559 0.1039 0.9930
vn -0.2683 0.7577 0.5948
vn -0.8321 0.4703 -0.2938
vn -0.8351 -0.2876 -0.4688
vn -0.2719 -0.8418 -0.4663
vn -0.1275 -0.9033 0.4096
vn -0.6757 -0.2687 0.6864
vn -0.6708 0.4989 0.5487
vn 0.1828 -0.8552 -0.4849
vn -0.0752 -0.7656 -0.6389
vn -0.1022 -0.7815 0.6155
vn -0.0585 -0.8456 -0.5306
vn -0.0527 -0.0331 -0.9980
vn -0.0425 0.8288 -0.5578
vn -0.0421 0.8330 0.5516
vn -0.0375 -0.0161 0.9991
vn -0.0419 -0.8418 0.5382
vn -0.0433 -0.8467 0.5302
vn 0.4535 -0.8139 0.3633
vn 0.3597 -0.0869 0.9290
vn -0.3770 0.6720 0.6374
vn -0.6719 0.5254 -0.5220
vn -0.1787 -0.5705 -0.8016
vn -0.2161 -0.6034 -0.7676
vn 0.3138 -0.8771 0.3634
vn 0.1458 -0.1429 0.9789
vn -0.8737 0.3552 0.3322
vn -0.8949 -0.0449 -0.4440
vn -0.4848 -0.8722 0.0649
vn 0.2782 -0.9009 0.3331
vn -0.5978 -0.3093 0.7396
vn -0.0885 -0.7647 -0.6383
vn 0.0122 -0.7425 0.6697
vn -0.8680 -0.1806 0.4625
vn -0.8243 0.5198 0.2243
vn -0.6423 0.4816 -0.5962
vn -0.6829 -0.2607 -0.6824
vn -0.0954 -0.8488 -0.5200
vn 0.1975 -0.7743 -0.6012
vn -0.2989 -0.8740 0.3831
vn -0.0416 -0.8459 -0.5317
vn -0.0375 -0.0313 -0.9988
vn -0.0331 0.8293 -0.5578
vn -0.0327 0.8335 0.5516
vn -0.0291 -0.0149 0.9995
vn -0.0326 -0.8417 0.5390
vn -0.0324 -0.8458 -0.5324
vn -0.0292 -0.0302 -0.9991
vn -0.0316 0.8295 -0.5576
vn -0.0313 0.8336 0.5514
vn -0.0279 -0.0146 0.9995
vn -0.0313 -0.8416 0.5392
vn -0.0310 -0.8458 -0.5326
vn -0.0279 -0.0298 -0.9991
vn -0.0260 0.8296 -0.5578
vn -0.0255 0.8336 0.5518
vn -0.0219 -0.0140 0.9996
vn -0.0258 -0.8415 0.5397
vn -0.0253 -0.8456 -0.5332
vn -0.0219 -0.0296 -0.9993
vn -0.0288 0.8290 -0.5584
vn -0.0286 0.8329 0.5527
vn -0.0234 -0.0134 0.9996
vn -0.0234 -0.0294 -0.9993
vn -0.0284 -0.8447 -0.5345
vn -0.0263 -0.0288 -0.9992
vn -0.0309 0.8287 -0.5588
vn -0.0310 0.8326 0.5529
vn -0.0263 -0.0133 0.9995
vn -0.0307 -0.8401 0.5415
vn -0.0286 -0.8407 0.5407
vn -0.0307 -0.8442 -0.5351
vn 0.0237 -0.0281 -0.9993
vn 0.0271 0.8291 -0.5584
vn 0.0270 0.8331 0.5524
vn 0.0241 -0.0133 0.9996
vn 0.0270 -0.8403 0.5415
vn 0.0266 -0.8446 -0.5347
vn 0.3473 -0.0239 -0.9374
vn 0.3927 0.7661 -0.5088
vn 0.3897 0.7718 0.5025
vn 0.3455 -0.0133 0.9383
vn 0.3657 -0.7831 0.5030
vn 0.3638 -0.7881 -0.4964
vn 0.7991 -0.0128 -0.6010
vn 0.8364 0.4409 -0.3256
vn 0.8375 0.4460 0.3158
vn 0.8004 -0.0095 0.5993
vn 0.8133 -0.4855 0.3205
vn 0.8126 -0.4895 -0.3162
vn 1.0000 -0.0049 0.0000
vn -0.8622 -0.3850 0.3292
vn -0.9235 -0.1818 0.3377
vn -0.8290 -0.3362 0.4468
vn -0.8794 -0.1642 0.4468
vn -0.8939 -0.2856 0.3455
vn -0.8185 -0.2928 0.4942
vn -0.7476 -0.5154 0.4187
vn -0.6472 -0.5385 0.5396
vn -0.4284 -0.6913 0.5819
vn -0.4269 -0.7422 0.5166
vn 0.0000 -0.8629 0.5054
vn -0.4131 -0.7505 0.5158
vn -0.1329 -0.6971 0.7045
vn 0.1525 -0.6887 0.7088
vn 0.3868 -0.7312 0.5619
vn 0.4481 -0.7554 0.4780
vn 0.4756 -0.6068 0.6368
vn 0.7413 -0.4837 0.4652
vn 0.6679 -0.5337 0.5187
vn 0.8830 -0.2972 0.3632
vn 0.8140 -0.2919 0.5022
vn 0.9232 -0.1803 0.3392
vn 0.8743 -0.1724 0.4537
vn 0.8618 -0.3830 0.3326
vn 0.8299 -0.3342 0.4467
vn 0.6789 -0.1403 0.7207
vn 0.6487 -0.2900 0.7036
vn 0.2674 -0.1185 0.9563
vn 0.2561 -0.2887 0.9225
vn -0.2668 -0.1272 0.9553
vn -0.2506 -0.2861 0.9248
vn -0.6737 -0.1364 0.7262
vn -0.6524 -0.2904 0.7000
vn -0.6181 -0.2810 0.7342
vn -0.5392 -0.5020 0.6762
vn -0.2381 -0.4496 0.8609
vn 0.2453 -0.4599 0.8534
vn 0.5400 -0.4730 0.6961
vn -0.2695 -0.2434 0.9317
vn 0.2641 -0.2492 0.9317
vn 0.6356 -0.2818 0.7187
vn 0.9353 0.1905 0.2982
vn 0.9076 0.1315 0.3988
vn 0.6301 0.7641 0.1382
vn 0.6352 0.7334 0.2420
vn 0.7339 0.1120 0.6699
vn 0.5503 0.6313 0.5464
vn 0.3102 0.0162 0.9505
vn 0.2256 0.4501 0.8640
vn -0.3046 0.0144 0.9524
vn -0.2191 0.4529 0.8642
vn -0.7325 0.1096 0.6719
vn -0.5488 0.6390 0.5389
vn -0.9080 0.1303 0.3981
vn -0.6324 0.7384 0.2340
vn -0.9373 0.1892 0.2926
vn -0.6278 0.7673 0.1310
usemtl mesh0
s 1
f 41/1/1 1/2/2 2/3/3
f 2/3/3 1/2/2 4/4/4
f 3/5/5 4/4/4 1/2/2
f 5/6/6 4/4/4 3/5/5
f 4/4/4 5/6/6 6/7/7
f 7/8/8 6/7/7 5/6/6
f 6/7/7 7/8/8 8/9/9
f 9/10/10 8/9/9 7/8/8
f 8/9/9 9/10/10 10/11/11
f 11/12/12 10/11/11 9/10/10
f 10/11/11 11/12/12 12/13/13
f 13/14/14 12/13/13 11/12/12
f 12/13/13 13/14/14 14/15/15
f 583/16/16 14/15/15 13/14/14
f 14/15/15 583/16/16 15/17/17
f 582/18/18 15/17/17 583/16/16
f 2/3/3 4/4/4 16/19/19
f 6/7/7 16/19/19 4/4/4
f 16/19/19 6/7/7 17/20/20
f 8/9/9 17/20/20 6/7/7
f 17/20/20 8/9/9 18/21/21
f 10/11/11 18/21/21 8/9/9
f 18/21/21 10/11/11 19/22/22
f 12/13/13 19/22/22 10/11/11
f 19/22/22 12/13/13 20/23/23
f 14/15/15 20/23/23 12/13/13
f 20/23/23 14/15/15 21/24/24
f 15/17/17 21/24/24 14/15/15
f 21/24/24 22/25/25 20/23/23
f 20/23/23 22/25/25 23/26/26
f 24/27/27 23/26/26 22/25/25
f 23/26/26 24/27/27 25/28/28
f 26/29/29 25/28/28 24/27/27
f 25/28/28 26/29/29 27/30/30
f 28/31/31 27/30/30 26/29/29
f 27/30/30 28/31/31 29/32/32
f 33/33/33 29/32/32 28/31/31
f 29/32/32 33/33/33 30/34/34
f 30/34/34 33/33/33 31/35/35
f 31/35/35 33/33/33 51/36/36
f 51/36/36 33/33/33 32/37/37
f 32/37/37 33/33/33 34/38/38
f 35/39/39 34/38/38 33/33/33
f 36/40/40 34/38/38 35/39/39
f 34/38/38 36/40/40 37/41/41
f 38/42/42 37/41/41 36/40/40
f 37/41/41 38/42/42 39/43/43
f 40/44/44 39/43/43 38/42/42
f 39/43/43 40/44/44 42/45/45
f 41/1/1 42/45/45 40/44/44
f 2/3/3 42/45/45 41/1/1
f 42/45/45 2/3/3 43/46/46
f 16/19/19 43/46/46 2/3/3
f 43/46/46 16/19/19 44/47/47
f 17/20/20 44/47/47 16/19/19
f 44/47/47 17/20/20 45/48/48
f 18/21/21 45/48/48 17/20/20
f 45/48/48 18/21/21 46/49/49
f 19/22/22 46/49/49 18/21/21
f 46/49/49 19/22/22 23/26/26
f 20/23/23 23/26/26 19/22/22
f 34/38/38 37/41/41 32/37/37
f 32/37/37 37/41/41 52/50/50
f 39/43/43 52/50/50 37/41/41
f 52/50/50 39/43/43 47/51/51
f 42/45/45 47/51/51 39/43/43
f 43/46/46 47/51/51 42/45/45
f 47/51/51 43/46/46 48/52/52
f 44/47/47 48/52/52 43/46/46
f 48/52/52 44/47/47 49/53/53
f 45/48/48 49/53/53 44/47/47
f 49/53/53 45/48/48 50/54/54
f 46/49/49 50/54/54 45/48/48
f 50/54/54 46/49/49 25/28/28
f 23/26/26 25/28/28 46/49/49
f 32/37/37 52/50/50 51/36/36
f 51/36/36 52/50/50 53/55/55
f 47/51/51 53/55/55 52/50/50
f 48/52/52 53/55/55 47/51/51
f 53/55/55 48/52/52 54/56/56
f 49/53/53 54/56/56 48/52/52
f 54/56/56 49/53/53 55/57/57
f 50/54/54 55/57/57 49/53/53
f 55/57/57 50/54/54 27/30/30
f 25/28/28 27/30/30 50/54/54
f 51/36/36 53/55/55 31/35/35
f 54/56/56 31/35/35 53/55/55
f 31/35/35 54/56/56 30/34/34
f 55/57/57 30/34/34 54/56/56
f 30/34/34 55/57/57 29/32/32
f 27/30/30 29/32/32 55/57/57
f 612/58/58 56/59/59 57/60/60
f 59/61/61 57/60/60 56/59/59
f 57/60/60 59/61/61 58/62/62
f 58/62/62 59/61/61 60/63/63
f 61/64/64 60/63/63 59/61/61
f 60/63/63 61/64/64 62/65/65
f 63/66/66 62/65/65 61/64/64
f 62/65/65 63/66/66 64/67/67
f 65/68/68 64/67/67 63/66/66
f 66/69/69 64/67/67 65/68/68
f 64/67/67 66/69/69 67/70/70
f 68/71/71 67/70/70 66/69/69
f 67/70/70 68/71/71 69/72/72
f 70/73/73 69/72/72 68/71/71
f 69/72/72 70/73/73 611/74/74
f 611/74/74 70/73/73 71/75/75
f 72/76/76 71/75/75 70/73/73
f 71/75/75 72/76/76 612/58/58
f 60/63/63 62/65/65 73/77/77
f 64/67/67 73/77/77 62/65/65
f 67/70/70 73/77/77 64/67/67
f 73/77/77 67/70/70 69/72/72
f 98/78/78 74/79/79 75/80/80
f 75/80/80 74/79/79 107/81/81
f 76/82/82 107/81/81 74/79/79
f 107/81/81 76/82/82 77/83/83
f 78/84/84 77/83/83 76/82/82
f 77/83/83 78/84/84 79/85/85
f 80/86/86 79/85/85 78/84/84
f 79/85/85 80/86/86 81/87/87
f 82/88/88 81/87/87 80/86/86
f 81/87/87 82/88/88 83/89/89
f 84/90/90 83/89/89 82/88/88
f 83/89/89 84/90/90 85/91/91
f 101/92/92 86/93/93 87/94/94
f 87/94/94 86/93/93 97/95/95
f 88/96/96 97/95/95 86/93/93
f 97/95/95 88/96/96 89/97/97
f 90/98/98 89/97/97 88/96/96
f 89/97/97 90/98/98 91/99/99
f 92/100/100 91/99/99 90/98/98
f 91/99/99 92/100/100 93/101/101
f 94/102/102 93/101/101 92/100/100
f 93/101/101 94/102/102 95/103/103
f 654/104/104 95/103/103 94/102/102
f 96/105/105 95/103/103 654/104/104
f 95/103/103 96/105/105 82/88/88
f 84/90/90 82/88/88 96/105/105
f 87/94/94 97/95/95 98/78/78
f 98/78/78 97/95/95 74/79/79
f 89/97/97 74/79/79 97/95/95
f 74/79/79 89/97/97 76/82/82
f 91/99/99 76/82/82 89/97/97
f 76/82/82 91/99/99 78/84/84
f 93/101/101 78/84/84 91/99/99
f 78/84/84 93/101/101 80/86/86
f 95/103/103 80/86/86 93/101/101
f 80/86/86 95/103/103 82/88/88
f 99/106/106 100/107/107 101/92/92
f 101/92/92 100/107/107 86/93/93
f 102/108/108 86/93/93 100/107/107
f 86/93/93 102/108/108 88/96/96
f 103/109/109 88/96/96 102/108/108
f 88/96/96 103/109/109 90/98/98
f 104/110/110 90/98/98 103/109/109
f 90/98/98 104/110/110 92/100/100
f 105/111/111 92/100/100 104/110/110
f 92/100/100 105/111/111 94/102/102
f 657/112/112 94/102/102 105/111/111
f 94/102/102 657/112/112 654/104/104
f 75/80/80 107/81/81 106/113/113
f 106/113/113 107/81/81 108/114/114
f 77/83/83 108/114/114 107/81/81
f 108/114/114 77/83/83 109/115/115
f 79/85/85 109/115/115 77/83/83
f 109/115/115 79/85/85 110/116/116
f 81/87/87 110/116/116 79/85/85
f 110/116/116 81/87/87 111/117/117
f 83/89/89 111/117/117 81/87/87
f 111/117/117 83/89/89 112/118/118
f 85/91/91 112/118/118 83/89/89
f 113/119/119 112/118/118 85/91/91
f 112/118/118 113/119/119 105/111/111
f 657/112/112 105/111/111 113/119/119
f 106/113/113 108/114/114 99/106/106
f 99/106/106 108/114/114 100/107/107
f 109/115/115 100/107/107 108/114/114
f 100/107/107 109/115/115 102/108/108
f 110/116/116 102/108/108 109/115/115
f 102/108/108 110/116/116 103/109/109
f 111/117/117 103/109/109 110/116/116
f 103/109/109 111/117/117 104/110/110
f 112/118/118 104/110/110 111/117/117
f 104/110/110 112/118/118 105/111/111
f 906/120/120 904/121/121 114/122/122
f 115/123/123 114/122/122 904/121/121
f 116/124/124 117/125/125 118/126/126
f 119/127/127 118/126/126 117/125/125
f 118/126/126 119/127/127 906/120/120
f 904/121/121 906/120/120 119/127/127
f 120/128/128 121/129/129 116/124/124
f 117/125/125 116/124/124 121/129/129
f 114/122/122 115/123/123 122/130/130
f 123/131/131 122/130/130 115/123/123
f 122/130/130 123/131/131 120/128/128
f 121/129/129 120/128/128 123/131/131
f 124/132/132 126/133/133 125/134/134
f 125/134/134 126/133/133 127/135/135
f 905/136/136 127/135/135 126/133/133
f 127/135/135 905/136/136 138/137/137
f 128/138/138 129/139/139 130/140/140
f 130/140/140 129/139/139 131/141/141
f 132/142/142 131/141/141 129/139/139
f 133/143/143 131/141/141 132/142/142
f 131/141/141 133/143/143 126/133/133
f 905/136/136 126/133/133 133/143/143
f 130/140/140 131/141/141 124/132/132
f 126/133/133 124/132/132 131/141/141
f 134/144/144 135/145/145 128/138/138
f 128/138/138 135/145/145 129/139/139
f 136/146/146 129/139/139 135/145/145
f 129/139/139 136/146/146 132/142/142
f 125/134/134 127/135/135 137/147/147
f 137/147/147 127/135/135 139/148/148
f 138/137/137 139/148/148 127/135/135
f 140/149/149 139/148/148 138/137/137
f 139/148/148 140/149/149 135/145/145
f 136/146/146 135/145/145 140/149/149
f 137/147/147 139/148/148 134/144/144
f 135/145/145 134/144/144 139/148/148
f 908/150/150 907/151/151 141/152/152
f 142/153/153 141/152/152 907/151/151
f 143/154/154 144/155/155 145/156/156
f 146/157/157 145/156/156 144/155/155
f 145/156/156 146/157/157 908/150/150
f 907/151/151 908/150/150 146/157/157
f 147/158/158 148/159/159 143/154/154
f 144/155/155 143/154/154 148/159/159
f 141/152/152 142/153/153 149/160/160
f 150/161/161 149/160/160 142/153/153
f 149/160/160 150/161/161 147/158/158
f 148/159/159 147/158/158 150/161/161
f 909/162/162 152/163/163 151/164/164
f 151/164/164 152/163/163 164/165/165
f 153/166/166 164/165/165 152/163/163
f 164/165/165 153/166/166 154/167/167
f 155/168/168 156/169/169 157/170/170
f 157/170/170 156/169/169 159/171/171
f 158/172/172 159/171/171 156/169/169
f 160/173/173 159/171/171 158/172/172
f 159/171/171 160/173/173 152/163/163
f 153/166/166 152/163/163 160/173/173
f 157/170/170 159/171/171 909/162/162
f 152/163/163 909/162/162 159/171/171
f 161/174/174 162/175/175 155/168/168
f 155/168/168 162/175/175 156/169/169
f 163/176/176 156/169/169 162/175/175
f 156/169/169 163/176/176 158/172/172
f 151/164/164 164/165/165 165/177/177
f 165/177/177 164/165/165 166/178/178
f 154/167/167 166/178/178 164/165/165
f 167/179/179 166/178/178 154/167/167
f 166/178/178 167/179/179 162/175/175
f 163/176/176 162/175/175 167/179/179
f 165/177/177 166/178/178 161/174/174
f 162/175/175 161/174/174 166/178/178
f 912/180/180 910/181/181 168/182/182
f 169/183/183 168/182/182 910/181/181
f 170/184/184 171/185/185 172/186/186
f 173/187/187 172/186/186 171/185/185
f 172/186/186 173/187/187 912/180/180
f 910/181/181 912/180/180 173/187/187
f 174/188/188 175/189/189 170/184/184
f 171/185/185 170/184/184 175/189/189
f 168/182/182 169/183/183 176/190/190
f 177/191/191 176/190/190 169/183/183
f 176/190/190 177/191/191 174/188/188
f 175/189/189 174/188/188 177/191/191
f 178/192/192 180/193/193 179/194/194
f 179/194/194 180/193/193 191/195/195
f 911/196/196 191/195/195 180/193/193
f 191/195/195 911/196/196 192/197/197
f 181/198/198 183/199/199 182/200/200
f 182/200/200 183/199/199 184/201/201
f 185/202/202 184/201/201 183/199/199
f 186/203/203 184/201/201 185/202/202
f 184/201/201 186/203/203 180/193/193
f 911/196/196 180/193/193 186/203/203
f 182/200/200 184/201/201 178/192/192
f 180/193/193 178/192/192 184/201/201
f 187/204/204 188/205/205 181/198/198
f 181/198/198 188/205/205 183/199/199
f 189/206/206 183/199/199 188/205/205
f 183/199/199 189/206/206 185/202/202
f 179/194/194 191/195/195 190/207/207
f 190/207/207 191/195/195 193/208/208
f 192/197/197 193/208/208 191/195/195
f 194/209/209 193/208/208 192/197/197
f 193/208/208 194/209/209 188/205/205
f 189/206/206 188/205/205 194/209/209
f 190/207/207 193/208/208 187/204/204
f 188/205/205 187/204/204 193/208/208
f 195/210/210 913/211/211 196/212/212
f 197/213/213 196/212/212 913/211/211
f 198/214/214 199/215/215 200/216/216
f 201/217/217 200/216/216 199/215/215
f 200/216/216 201/217/217 195/210/210
f 913/211/211 195/210/210 201/217/217
f 202/218/218 203/219/219 198/214/214
f 199/215/215 198/214/214 203/219/219
f 196/212/212 197/213/213 204/220/220
f 205/221/221 204/220/220 197/213/213
f 204/220/220 205/221/221 202/218/218
f 203/219/219 202/218/218 205/221/221
f 206/222/222 207/223/223 208/224/224
f 208/224/224 207/223/223 225/225/225
f 209/226/226 225/225/225 207/223/223
f 225/225/225 209/226/226 210/227/227
f 211/228/228 210/227/227 209/226/226
f 210/227/227 211/228/228 212/229/229
f 220/230/230 214/231/231 213/232/232
f 213/232/232 214/231/231 219/233/233
f 215/234/234 219/233/233 214/231/231
f 219/233/233 215/234/234 216/235/235
f 217/236/236 216/235/235 215/234/234
f 218/237/237 216/235/235 217/236/236
f 216/235/235 218/237/237 209/226/226
f 211/228/228 209/226/226 218/237/237
f 213/232/232 219/233/233 206/222/222
f 206/222/222 219/233/233 207/223/223
f 216/235/235 207/223/223 219/233/233
f 207/223/223 216/235/235 209/226/226
f 229/238/238 221/239/239 220/230/230
f 220/230/230 221/239/239 214/231/231
f 222/240/240 214/231/231 221/239/239
f 214/231/231 222/240/240 215/234/234
f 223/241/241 215/234/234 222/240/240
f 215/234/234 223/241/241 217/236/236
f 208/224/224 225/225/225 224/242/242
f 224/242/242 225/225/225 228/243/243
f 210/227/227 228/243/243 225/225/225
f 228/243/243 210/227/227 226/244/244
f 212/229/229 226/244/244 210/227/227
f 227/245/245 226/244/244 212/229/229
f 226/244/244 227/245/245 222/240/240
f 223/241/241 222/240/240 227/245/245
f 224/242/242 228/243/243 229/238/238
f 229/238/238 228/243/243 221/239/239
f 226/244/244 221/239/239 228/243/243
f 221/239/239 226/244/244 222/240/240
f 220/230/230 213/232/232 229/238/238
f 229/238/238 213/232/232 224/242/242
f 206/222/222 224/242/242 213/232/232
f 224/242/242 206/222/222 208/224/224
f 918/246/246 230/247/247 231/248/248
f 261/249/249 231/248/248 230/247/247
f 231/248/248 261/249/249 232/250/250
f 233/251/251 232/250/250 261/249/249
f 232/250/250 233/251/251 234/252/252
f 235/253/253 234/252/252 233/251/251
f 234/252/252 235/253/253 236/254/254
f 237/255/255 236/254/254 235/253/253
f 236/254/254 237/255/255 238/256/256
f 239/257/257 238/256/256 237/255/255
f 238/256/256 239/257/257 676/258/258
f 713/259/259 676/258/258 239/257/257
f 240/260/260 241/261/261 242/262/262
f 242/262/262 241/261/261 243/263/263
f 918/246/246 243/263/263 241/261/261
f 231/248/248 243/263/263 918/246/246
f 243/263/263 231/248/248 244/264/264
f 232/250/250 244/264/264 231/248/248
f 244/264/264 232/250/250 245/265/265
f 234/252/252 245/265/265 232/250/250
f 245/265/265 234/252/252 246/266/266
f 236/254/254 246/266/266 234/252/252
f 246/266/266 236/254/254 247/267/267
f 238/256/256 247/267/267 236/254/254
f 247/267/267 238/256/256 248/268/268
f 676/258/258 248/268/268 238/256/256
f 242/262/262 243/263/263 249/269/269
f 244/264/264 249/269/269 243/263/263
f 249/269/269 244/264/264 250/270/270
f 245/265/265 250/270/270 244/264/264
f 250/270/270 245/265/265 251/271/271
f 246/266/266 251/271/271 245/265/265
f 251/271/271 246/266/266 252/272/272
f 247/267/267 252/272/272 246/266/266
f 252/272/272 247/267/267 253/273/273
f 248/268/268 253/273/273 247/267/267
f 263/274/274 240/260/260 254/275/275
f 242/262/262 254/275/275 240/260/260
f 254/275/275 242/262/262 255/276/276
f 249/269/269 255/276/276 242/262/262
f 255/276/276 249/269/269 256/277/277
f 250/270/270 256/277/277 249/269/269
f 256/277/277 250/270/270 257/278/278
f 251/271/271 257/278/278 250/270/270
f 257/278/278 251/271/271 258/279/279
f 252/272/272 258/279/279 251/271/271
f 258/279/279 252/272/272 259/280/280
f 253/273/273 259/280/280 252/272/272
f 230/247/247 260/281/281 261/249/249
f 261/249/249 260/281/281 262/282/282
f 263/274/274 262/282/282 260/281/281
f 254/275/275 262/282/282 263/274/274
f 262/282/282 254/275/275 264/283/283
f 255/276/276 264/283/283 254/275/275
f 264/283/283 255/276/276 265/284/284
f 256/277/277 265/284/284 255/276/276
f 265/284/284 256/277/277 266/285/285
f 257/278/278 266/285/285 256/277/277
f 266/285/285 257/278/278 267/286/286
f 258/279/279 267/286/286 257/278/278
f 267/286/286 258/279/279 268/287/287
f 259/280/280 268/287/287 258/279/279
f 261/249/249 262/282/282 233/251/251
f 264/283/283 233/251/251 262/282/282
f 233/251/251 264/283/283 235/253/253
f 265/284/284 235/253/253 264/283/283
f 235/253/253 265/284/284 237/255/255
f 266/285/285 237/255/255 265/284/284
f 237/255/255 266/285/285 239/257/257
f 267/286/286 239/257/257 266/285/285
f 239/257/257 267/286/286 713/259/259
f 268/287/287 713/259/259 267/286/286
f 919/288/288 269/289/289 270/290/290
f 271/291/291 270/290/290 269/289/289
f 272/292/292 274/293/293 273/294/294
f 273/294/294 274/293/293 275/295/295
f 919/288/288 275/295/295 274/293/293
f 275/295/295 919/288/288 270/290/290
f 276/296/296 272/292/292 277/297/297
f 273/294/294 277/297/297 272/292/292
f 269/289/289 278/298/298 271/291/291
f 271/291/291 278/298/298 279/299/299
f 276/296/296 279/299/299 278/298/298
f 279/299/299 276/296/296 277/297/297
f 920/300/300 280/301/301 281/302/302
f 292/303/303 281/302/302 280/301/301
f 281/302/302 292/303/303 282/304/304
f 283/305/305 282/304/304 292/303/303
f 284/306/306 285/307/307 286/308/308
f 286/308/308 285/307/307 287/309/309
f 920/300/300 287/309/309 285/307/307
f 281/302/302 287/309/309 920/300/300
f 287/309/309 281/302/302 288/310/310
f 282/304/304 288/310/310 281/302/302
f 286/308/308 287/309/309 289/311/311
f 288/310/310 289/311/311 287/309/309
f 294/312/312 284/306/306 290/313/313
f 286/308/308 290/313/313 284/306/306
f 290/313/313 286/308/308 291/314/314
f 289/311/311 291/314/314 286/308/308
f 280/301/301 293/315/315 292/303/303
f 292/303/303 293/315/315 295/316/316
f 294/312/312 295/316/316 293/315/315
f 290/313/313 295/316/316 294/312/312
f 295/316/316 290/313/313 296/317/317
f 291/314/314 296/317/317 290/313/313
f 292/303/303 295/316/316 283/305/305
f 296/317/317 283/305/305 295/316/316
f 922/318/318 297/319/319 298/320/320
f 299/321/321 298/320/320 297/319/319
f 300/322/322 301/323/323 302/324/324
f 302/324/324 301/323/323 303/325/325
f 922/318/318 303/325/325 301/323/323
f 303/325/325 922/318/318 298/320/320
f 304/326/326 300/322/322 305/327/327
f 302/324/324 305/327/327 300/322/322
f 297/319/319 306/328/328 299/321/321
f 299/321/321 306/328/328 307/329/329
f 304/326/326 307/329/329 306/328/328
f 307/329/329 304/326/326 305/327/327
f 923/330/330 308/331/331 309/332/332
f 320/333/333 309/332/332 308/331/331
f 309/332/332 320/333/333 310/334/334
f 921/335/335 310/334/334 320/333/333
f 311/336/336 313/337/337 312/338/338
f 312/338/338 313/337/337 314/339/339
f 923/330/330 314/339/339 313/337/337
f 309/332/332 314/339/339 923/330/330
f 314/339/339 309/332/332 315/340/340
f 310/334/334 315/340/340 309/332/332
f 312/338/338 314/339/339 316/341/341
f 315/340/340 316/341/341 314/339/339
f 317/342/342 311/336/336 318/343/343
f 312/338/338 318/343/343 311/336/336
f 318/343/343 312/338/338 319/344/344
f 316/341/341 319/344/344 312/338/338
f 308/331/331 321/345/345 320/333/333
f 320/333/333 321/345/345 322/346/346
f 317/342/342 322/346/346 321/345/345
f 318/343/343 322/346/346 317/342/342
f 322/346/346 318/343/343 323/347/347
f 319/344/344 323/347/347 318/343/343
f 320/333/333 322/346/346 921/335/335
f 323/347/347 921/335/335 322/346/346
f 324/348/348 325/349/349 326/350/350
f 327/351/351 326/350/350 325/349/349
f 328/352/352 329/353/353 330/354/354
f 330/354/354 329/353/353 331/355/355
f 324/348/348 331/355/355 329/353/353
f 331/355/355 324/348/348 326/350/350
f 332/356/356 328/352/352 333/357/357
f 330/354/354 333/357/357 328/352/352
f 325/349/349 334/358/358 327/351/351
f 327/351/351 334/358/358 335/359/359
f 332/356/356 335/359/359 334/358/358
f 335/359/359 332/356/356 333/357/357
f 924/360/360 336/361/361 337/362/362
f 350/363/363 337/362/362 336/361/361
f 337/362/362 350/363/363 338/364/364
f 339/365/365 338/364/364 350/363/363
f 340/366/366 342/367/367 341/368/368
f 341/368/368 342/367/367 343/369/369
f 924/360/360 343/369/369 342/367/367
f 337/362/362 343/369/369 924/360/360
f 343/369/369 337/362/362 344/370/370
f 338/364/364 344/370/370 337/362/362
f 341/368/368 343/369/369 345/371/371
f 344/370/370 345/371/371 343/369/369
f 346/372/372 340/366/366 347/373/373
f 341/368/368 347/373/373 340/366/366
f 347/373/373 341/368/368 348/374/374
f 345/371/371 348/374/374 341/368/368
f 336/361/361 349/375/375 350/363/363
f 350/363/363 349/375/375 351/376/376
f 346/372/372 351/376/376 349/375/375
f 347/373/373 351/376/376 346/372/372
f 351/376/376 347/373/373 352/377/377
f 348/374/374 352/377/377 347/373/373
f 350/363/363 351/376/376 339/365/365
f 352/377/377 339/365/365 351/376/376
f 925/378/378 353/379/379 354/380/380
f 355/381/381 354/380/380 353/379/379
f 356/382/382 357/383/383 358/384/384
f 358/384/384 357/383/383 359/385/385
f 925/378/378 359/385/385 357/383/383
f 359/385/385 925/378/378 354/380/380
f 360/386/386 356/382/382 361/387/387
f 358/384/384 361/387/387 356/382/382
f 353/379/379 362/388/388 355/381/381
f 355/381/381 362/388/388 363/389/389
f 360/386/386 363/389/389 362/388/388
f 363/389/389 360/386/386 361/387/387
f 364/390/390 365/391/391 366/392/392
f 367/393/393 366/392/392 365/391/391
f 366/392/392 367/393/393 368/394/394
f 369/395/395 368/394/394 367/393/393
f 368/394/394 369/395/395 370/396/396
f 371/397/397 370/396/396 369/395/395
f 372/398/398 373/399/399 374/400/400
f 374/400/400 373/399/399 375/401/401
f 364/390/390 375/401/401 373/399/399
f 366/392/392 375/401/401 364/390/390
f 375/401/401 366/392/392 376/402/402
f 368/394/394 376/402/402 366/392/392
f 376/402/402 368/394/394 377/403/403
f 370/396/396 377/403/403 368/394/394
f 374/400/400 375/401/401 378/404/404
f 376/402/402 378/404/404 375/401/401
f 378/404/404 376/402/402 379/405/405
f 377/403/403 379/405/405 376/402/402
f 385/406/406 372/398/398 380/407/407
f 374/400/400 380/407/407 372/398/398
f 380/407/407 374/400/400 381/408/408
f 378/404/404 381/408/408 374/400/400
f 381/408/408 378/404/404 382/409/409
f 379/405/405 382/409/409 378/404/404
f 365/391/391 383/410/410 367/393/393
f 367/393/393 383/410/410 384/411/411
f 385/406/406 384/411/411 383/410/410
f 380/407/407 384/411/411 385/406/406
f 384/411/411 380/407/407 386/412/412
f 381/408/408 386/412/412 380/407/407
f 386/412/412 381/408/408 387/413/413
f 382/409/409 387/413/413 381/408/408
f 367/393/393 384/411/411 369/395/395
f 386/412/412 369/395/395 384/411/411
f 369/395/395 386/412/412 371/397/397
f 387/413/413 371/397/397 386/412/412
f 372/398/398 385/406/406 373/399/399
f 383/410/410 373/399/399 385/406/406
f 373/399/399 383/410/410 364/390/390
f 365/391/391 364/390/390 383/410/410
f 388/414/414 390/415/415 389/416/416
f 389/416/416 390/415/415 391/417/417
f 391/417/417 390/415/415 399/418/418
f 399/418/418 390/415/415 392/419/419
f 388/414/414 392/419/419 390/415/415
f 389/416/416 393/420/420 388/414/414
f 668/421/421 388/414/414 393/420/420
f 388/414/414 668/421/421 394/422/422
f 394/422/422 668/421/421 395/423/423
f 402/424/424 395/423/423 668/421/421
f 395/423/423 402/424/424 396/425/425
f 389/416/416 391/417/417 393/420/420
f 393/420/420 391/417/417 397/426/426
f 397/426/426 391/417/417 584/427/427
f 399/418/418 584/427/427 391/417/417
f 584/427/427 399/418/418 398/428/428
f 398/428/428 399/418/418 400/429/429
f 400/429/429 399/418/418 395/423/423
f 395/423/423 399/418/418 401/430/430
f 392/419/419 401/430/430 399/418/418
f 401/430/430 392/419/419 394/422/422
f 396/425/425 402/424/424 400/429/429
f 400/429/429 402/424/424 408/431/431
f 686/432/432 408/431/431 402/424/424
f 408/431/431 686/432/432 409/433/433
f 403/434/434 409/433/433 686/432/432
f 404/435/435 409/433/433 403/434/434
f 409/433/433 404/435/435 405/436/436
f 682/437/437 405/436/436 404/435/435
f 405/436/436 682/437/437 406/438/438
f 407/439/439 406/438/438 682/437/437
f 400/429/429 408/431/431 398/428/428
f 398/428/428 408/431/431 410/440/440
f 409/433/433 410/440/440 408/431/431
f 405/436/436 410/440/440 409/433/433
f 410/440/440 405/436/436 411/441/441
f 406/438/438 411/441/441 405/436/436
f 411/441/441 406/438/438 545/442/442
f 545/442/442 406/438/438 412/443/443
f 407/439/439 412/443/443 406/438/438
f 413/444/444 414/445/445 415/446/446
f 415/446/446 414/445/445 416/447/447
f 426/448/448 416/447/447 414/445/445
f 416/447/447 426/448/448 465/449/449
f 427/450/450 465/449/449 426/448/448
f 417/451/451 465/449/449 427/450/450
f 465/449/449 417/451/451 418/452/452
f 419/453/453 418/452/452 417/451/451
f 418/452/452 419/453/453 420/454/454
f 1020/455/455 420/454/454 419/453/453
f 998/456/456 421/457/457 422/458/458
f 967/459/459 422/458/458 421/457/457
f 422/458/458 967/459/459 999/460/460
f 999/460/460 967/459/459 1000/461/461
f 423/462/462 1000/461/461 967/459/459
f 1000/461/461 423/462/462 424/463/463
f 425/464/464 424/463/463 423/462/462
f 424/463/463 425/464/464 952/465/465
f 414/466/445 591/467/466 426/468/448
f 426/468/448 591/467/466 427/469/450
f 597/470/467 427/469/450 591/467/466
f 428/471/468 427/469/450 597/470/467
f 427/469/450 428/471/468 417/472/451
f 419/473/453 417/472/451 428/471/468
f 429/474/469 585/475/470 430/476/471
f 430/476/471 585/475/470 431/477/472
f 413/478/444 431/477/472 585/475/470
f 432/479/473 431/477/472 413/478/444
f 431/477/472 432/479/473 433/480/474
f 434/481/475 433/480/474 432/479/473
f 1018/482/476 433/480/474 434/481/475
f 433/480/474 1018/482/476 435/483/477
f 1020/484/455 435/483/477 1018/482/476
f 436/485/478 435/483/477 1020/484/455
f 435/483/477 436/485/478 437/486/479
f 438/487/480 437/486/479 436/485/478
f 430/476/471 431/477/472 439/488/481
f 433/480/474 439/488/481 431/477/472
f 435/483/477 439/488/481 433/480/474
f 439/488/481 435/483/477 437/486/479
f 440/489/482 1028/490/483 566/491/484
f 441/492/485 566/491/484 1028/490/483
f 566/491/484 441/492/485 442/493/486
f 443/494/487 442/493/486 441/492/485
f 442/493/486 443/494/487 444/495/488
f 445/496/489 444/495/488 443/494/487
f 444/495/488 445/496/489 571/497/490
f 1025/498/491 571/497/490 445/496/489
f 571/497/490 1025/498/491 446/499/492
f 447/500/493 446/499/492 1025/498/491
f 446/499/492 447/500/493 448/501/494
f 449/502/495 448/501/494 447/500/493
f 450/503/496 448/501/494 449/502/495
f 448/501/494 450/503/496 451/504/497
f 452/505/498 451/504/497 450/503/496
f 451/504/497 452/505/498 453/506/499
f 454/507/500 453/506/499 452/505/498
f 453/506/499 454/507/500 455/508/501
f 456/509/502 455/508/501 454/507/500
f 455/508/501 456/509/502 579/510/503
f 457/511/504 579/510/503 456/509/502
f 579/510/503 457/511/504 581/512/505
f 458/513/506 581/512/505 457/511/504
f 581/512/505 458/513/506 459/514/507
f 567/515/508 460/516/509 440/489/482
f 1028/490/483 440/489/482 460/516/509
f 461/517/510 463/518/511 462/519/512
f 462/519/512 463/518/511 416/447/447
f 464/520/513 416/447/447 463/518/511
f 416/447/447 465/449/449 462/519/512
f 462/519/512 465/449/449 466/521/514
f 466/521/514 465/449/449 467/522/515
f 467/522/515 465/449/449 468/523/516
f 468/523/516 465/449/449 469/524/517
f 418/452/452 469/524/517 465/449/449
f 469/524/517 418/452/452 470/525/518
f 471/526/519 470/525/518 418/452/452
f 472/527/520 473/528/521 474/529/522
f 475/530/523 474/529/522 473/528/521
f 474/529/522 475/530/523 476/531/524
f 477/532/525 476/531/524 475/530/523
f 476/531/524 477/532/525 478/533/526
f 479/534/527 478/533/526 477/532/525
f 478/533/526 479/534/527 480/535/528
f 481/536/529 480/535/528 479/534/527
f 511/537/530 480/535/528 481/536/529
f 480/535/528 511/537/530 482/538/531
f 483/539/532 482/538/531 511/537/530
f 482/538/531 483/539/532 484/540/533
f 485/541/534 484/540/533 483/539/532
f 484/540/533 485/541/534 486/542/535
f 487/543/536 486/542/535 485/541/534
f 486/542/535 487/543/536 488/544/537
f 489/545/538 488/544/537 487/543/536
f 488/544/537 489/545/538 490/546/539
f 491/547/540 490/546/539 489/545/538
f 490/546/539 491/547/540 492/548/541
f 416/447/447 464/520/513 415/446/446
f 415/446/446 464/520/513 494/549/542
f 493/550/543 494/549/542 464/520/513
f 496/551/544 494/549/542 493/550/543
f 494/549/542 496/551/544 495/552/545
f 495/552/545 496/551/544 497/553/546
f 498/554/547 497/553/546 496/551/544
f 497/553/546 498/554/547 500/555/548
f 499/556/549 500/555/548 498/554/547
f 501/557/550 500/555/548 499/556/549
f 500/555/548 501/557/550 929/558/551
f 598/559/552 929/558/551 501/557/550
f 502/560/553 929/558/551 598/559/552
f 929/558/551 502/560/553 503/561/554
f 504/562/555 503/561/554 502/560/553
f 505/563/556 503/561/554 504/562/555
f 503/561/554 505/563/556 506/564/557
f 507/565/558 506/564/557 505/563/556
f 506/564/557 507/565/558 508/566/559
f 508/566/559 507/565/558 509/567/560
f 510/568/561 509/567/560 507/565/558
f 471/526/519 509/567/560 510/568/561
f 509/567/560 471/526/519 420/454/454
f 418/452/452 420/454/454 471/526/519
f 473/528/521 464/569/513 475/530/523
f 463/570/511 475/530/523 464/569/513
f 475/530/523 463/570/511 477/532/525
f 461/571/510 477/532/525 463/570/511
f 477/532/525 461/571/510 479/534/527
f 462/572/512 479/534/527 461/571/510
f 479/534/527 462/572/512 481/536/529
f 466/573/514 481/536/529 462/572/512
f 481/536/529 466/573/514 511/537/530
f 467/574/515 511/537/530 466/573/514
f 468/575/516 511/537/530 467/574/515
f 511/537/530 468/575/516 483/539/532
f 469/576/517 483/539/532 468/575/516
f 483/539/532 469/576/517 485/541/534
f 512/577/562 485/541/534 469/576/517
f 485/541/534 512/577/562 487/543/536
f 470/578/518 487/543/536 512/577/562
f 487/543/536 470/578/518 489/545/538
f 471/579/519 489/545/538 470/578/518
f 489/545/538 471/579/519 491/547/540
f 472/527/520 493/580/543 473/528/521
f 464/569/513 473/528/521 493/580/543
f 513/581/563 514/582/564 1027/583/565
f 1027/583/565 514/582/564 515/584/566
f 516/585/567 515/584/566 514/582/564
f 517/586/568 515/584/566 516/585/567
f 515/584/566 517/586/568 1026/587/569
f 518/588/570 1026/587/569 517/586/568
f 1026/587/569 518/588/570 1024/589/571
f 519/590/572 1024/589/571 518/588/570
f 1024/589/571 519/590/572 1023/591/573
f 520/592/574 1023/591/573 519/590/572
f 941/593/575 1023/591/573 520/592/574
f 1023/591/573 941/593/575 521/594/576
f 521/594/576 941/593/575 1022/595/577
f 522/596/578 1022/595/577 941/593/575
f 1022/595/577 522/596/578 524/597/579
f 523/598/580 524/597/579 522/596/578
f 937/599/581 524/597/579 523/598/580
f 524/597/579 937/599/581 525/600/582
f 526/601/583 525/600/582 937/599/581
f 527/602/584 528/603/585 529/604/60
f 530/605/586 529/604/60 528/603/585
f 529/604/60 530/605/586 531/606/62
f 531/606/62 530/605/586 915/607/63
f 532/608/587 915/607/63 530/605/586
f 915/607/63 532/608/587 534/609/65
f 536/610/588 534/609/65 532/608/587
f 915/607/63 534/609/65 533/611/77
f 533/611/77 534/609/65 535/612/67
f 536/610/588 535/612/67 534/609/65
f 614/613/589 535/612/67 536/610/588
f 652/614/590 535/612/67 614/613/589
f 535/612/67 652/614/590 537/615/70
f 535/612/67 537/615/70 533/611/77
f 533/611/77 537/615/70 539/616/72
f 539/616/72 537/615/70 538/617/591
f 652/614/590 538/617/591 537/615/70
f 538/617/591 648/618/592 539/616/72
f 539/616/72 648/618/592 540/619/74
f 540/619/74 648/618/592 541/620/75
f 542/621/593 541/620/75 648/618/592
f 541/620/75 542/621/593 527/602/584
f 552/622/594 543/623/595 544/624/596
f 546/625/597 544/624/596 543/623/595
f 544/624/596 546/625/597 545/442/442
f 545/442/442 546/625/597 549/626/598
f 549/626/598 546/625/597 547/627/599
f 547/627/599 546/625/597 548/628/600
f 543/623/595 548/628/600 546/625/597
f 545/442/442 549/626/598 411/441/441
f 411/441/441 549/626/598 550/629/601
f 550/629/601 549/626/598 551/630/602
f 547/627/599 551/630/602 549/626/598
f 543/623/595 552/622/594 548/628/600
f 548/628/600 552/622/594 553/631/603
f 553/631/603 552/622/594 554/632/604
f 555/633/605 554/632/604 552/622/594
f 552/622/594 544/624/596 555/633/605
f 545/442/442 555/633/605 544/624/596
f 555/633/605 545/442/442 556/634/606
f 412/443/443 556/634/606 545/442/442
f 556/634/606 412/443/443 554/632/604
f 407/439/439 682/437/437 412/443/443
f 553/631/603 412/443/443 682/437/437
f 412/443/443 553/631/603 554/632/604
f 992/635/607 991/636/608 557/637/609
f 557/637/609 991/636/608 559/638/610
f 558/639/611 559/638/610 991/636/608
f 560/640/612 559/638/610 558/639/611
f 559/638/610 560/640/612 561/641/613
f 562/642/614 561/641/613 560/640/612
f 561/641/613 562/642/614 563/643/615
f 564/644/616 563/643/615 562/642/614
f 565/645/617 459/514/507 1021/646/618
f 458/513/506 1021/646/618 459/514/507
f 492/548/541 491/547/540 510/647/561
f 471/579/519 510/647/561 491/547/540
f 440/489/482 566/491/484 567/515/508
f 567/515/508 566/491/484 568/648/619
f 442/493/486 568/648/619 566/491/484
f 568/648/619 442/493/486 569/649/620
f 444/495/488 569/649/620 442/493/486
f 569/649/620 444/495/488 570/650/621
f 570/650/621 444/495/488 572/651/622
f 571/497/490 572/651/622 444/495/488
f 446/499/492 572/651/622 571/497/490
f 572/651/622 446/499/492 573/652/623
f 573/652/623 446/499/492 574/653/624
f 448/501/494 574/653/624 446/499/492
f 451/504/497 574/653/624 448/501/494
f 574/653/624 451/504/497 575/654/625
f 453/506/499 575/654/625 451/504/497
f 575/654/625 453/506/499 576/655/626
f 455/508/501 576/655/626 453/506/499
f 576/655/626 455/508/501 577/656/627
f 579/510/503 577/656/627 455/508/501
f 577/656/627 579/510/503 578/657/628
f 578/657/628 579/510/503 580/658/629
f 581/512/505 580/658/629 579/510/503
f 459/514/507 580/658/629 581/512/505
f 580/658/629 459/514/507 565/645/617
f 397/426/426 584/427/427 551/630/602
f 551/630/602 584/427/427 550/629/601
f 398/428/428 550/629/601 584/427/427
f 410/440/440 550/629/601 398/428/428
f 550/629/601 410/440/440 411/441/441
f 413/478/444 585/475/470 414/659/445
f 414/659/445 585/475/470 592/660/630
f 429/474/469 592/660/630 585/475/470
f 592/660/630 429/474/469 586/661/631
f 430/476/471 586/661/631 429/474/469
f 586/661/631 430/476/471 587/662/632
f 439/488/481 587/662/632 430/476/471
f 587/662/632 439/488/481 588/663/633
f 588/663/633 439/488/481 589/664/634
f 437/486/479 589/664/634 439/488/481
f 589/664/634 437/486/479 596/665/635
f 438/487/480 596/665/635 437/486/479
f 596/665/635 438/487/480 590/666/636
f 436/485/478 590/666/636 438/487/480
f 590/666/636 436/485/478 419/667/453
f 1020/484/455 419/667/453 436/485/478
f 414/659/445 592/660/630 591/668/466
f 591/668/466 592/660/630 593/669/637
f 586/661/631 593/669/637 592/660/630
f 587/662/632 593/669/637 586/661/631
f 593/669/637 587/662/632 594/670/638
f 588/663/633 594/670/638 587/662/632
f 589/664/634 594/670/638 588/663/633
f 594/670/638 589/664/634 595/671/639
f 596/665/635 595/671/639 589/664/634
f 590/666/636 595/671/639 596/665/635
f 595/671/639 590/666/636 428/672/468
f 419/667/453 428/672/468 590/666/636
f 591/668/466 593/669/637 597/673/467
f 594/670/638 597/673/467 593/669/637
f 595/671/639 597/673/467 594/670/638
f 597/673/467 595/671/639 428/672/468
f 493/580/543 472/527/520 496/674/544
f 474/529/522 496/674/544 472/527/520
f 496/674/544 474/529/522 498/675/547
f 476/531/524 498/675/547 474/529/522
f 498/675/547 476/531/524 499/676/549
f 478/533/526 499/676/549 476/531/524
f 499/676/549 478/533/526 501/677/550
f 480/535/528 501/677/550 478/533/526
f 501/677/550 480/535/528 598/678/552
f 482/538/531 598/678/552 480/535/528
f 484/540/533 598/678/552 482/538/531
f 598/678/552 484/540/533 502/679/553
f 486/542/535 502/679/553 484/540/533
f 502/679/553 486/542/535 504/680/555
f 488/544/537 504/680/555 486/542/535
f 504/680/555 488/544/537 505/681/556
f 490/546/539 505/681/556 488/544/537
f 505/681/556 490/546/539 507/682/558
f 492/548/541 507/682/558 490/546/539
f 507/682/558 492/548/541 510/647/561
f 460/516/509 567/515/508 599/683/640
f 568/648/619 599/683/640 567/515/508
f 599/683/640 568/648/619 600/684/641
f 569/649/620 600/684/641 568/648/619
f 600/684/641 569/649/620 601/685/642
f 570/650/621 601/685/642 569/649/620
f 601/685/642 570/650/621 602/686/643
f 572/651/622 602/686/643 570/650/621
f 602/686/643 572/651/622 603/687/644
f 573/652/623 603/687/644 572/651/622
f 603/687/644 573/652/623 1017/688/645
f 574/653/624 1017/688/645 573/652/623
f 575/654/625 1017/688/645 574/653/624
f 1017/688/645 575/654/625 604/689/646
f 576/655/626 604/689/646 575/654/625
f 604/689/646 576/655/626 605/690/647
f 577/656/627 605/690/647 576/655/626
f 605/690/647 577/656/627 1019/691/648
f 578/657/628 1019/691/648 577/656/627
f 1019/691/648 578/657/628 606/692/649
f 580/658/629 606/692/649 578/657/628
f 606/692/649 580/658/629 607/693/650
f 565/645/617 607/693/650 580/658/629
f 607/693/650 565/645/617 1021/646/618
f 57/694/60 58/695/62 608/696/651
f 60/697/63 608/696/651 58/695/62
f 73/698/77 608/696/651 60/697/63
f 608/696/651 73/698/77 609/699/652
f 609/699/652 73/698/77 610/700/653
f 69/701/72 610/700/653 73/698/77
f 611/702/74 610/700/653 69/701/72
f 71/703/75 610/700/653 611/702/74
f 612/704/58 610/700/653 71/703/75
f 610/700/653 612/704/58 609/699/652
f 609/699/652 612/704/58 608/696/651
f 57/694/60 608/696/651 612/704/58
f 536/705/588 613/706/654 614/707/589
f 614/707/589 613/706/654 615/708/655
f 615/708/655 613/706/654 616/709/656
f 616/709/656 613/706/654 617/710/657
f 617/710/657 613/706/654 622/711/658
f 536/705/588 622/711/658 613/706/654
f 622/711/658 536/705/588 618/712/659
f 532/713/587 618/712/659 536/705/588
f 618/712/659 532/713/587 640/714/660
f 530/715/586 640/714/660 532/713/587
f 640/714/660 530/715/586 528/716/585
f 619/717/661 620/718/662 640/714/660
f 640/714/660 620/718/662 618/712/659
f 621/719/663 618/712/659 620/718/662
f 618/712/659 621/719/663 622/711/658
f 622/711/658 621/719/663 617/710/657
f 725/720/664 617/710/657 621/719/663
f 617/710/657 725/720/664 616/709/656
f 623/721/665 616/709/656 725/720/664
f 616/709/656 623/721/665 624/722/666
f 624/722/666 623/721/665 625/723/667
f 986/724/668 625/723/667 623/721/665
f 625/723/667 986/724/668 649/725/669
f 626/726/670 649/725/669 986/724/668
f 649/725/669 626/726/670 650/727/671
f 650/727/671 626/726/670 627/728/672
f 718/729/673 627/728/672 626/726/670
f 627/728/672 718/729/673 647/730/674
f 718/729/673 628/731/675 647/730/674
f 647/730/674 628/731/675 629/732/676
f 715/733/677 629/732/676 628/731/675
f 629/732/676 715/733/677 630/734/678
f 631/735/679 630/734/678 715/733/677
f 630/734/678 631/735/679 633/736/680
f 632/737/681 633/736/680 631/735/679
f 634/738/682 633/736/680 632/737/681
f 633/736/680 634/738/682 645/739/683
f 645/739/683 634/738/682 635/740/684
f 636/741/685 635/740/684 634/738/682
f 637/742/686 635/740/684 636/741/685
f 635/740/684 637/742/686 643/743/687
f 643/743/687 637/742/686 638/744/688
f 701/745/689 638/744/688 637/742/686
f 703/746/690 638/744/688 701/745/689
f 638/744/688 703/746/690 641/747/691
f 705/748/692 641/747/691 703/746/690
f 641/747/691 705/748/692 639/749/693
f 619/717/661 639/749/693 705/748/692
f 640/714/660 639/749/693 619/717/661
f 528/716/585 639/749/693 640/714/660
f 639/749/693 528/716/585 642/750/694
f 639/749/693 642/750/694 641/747/691
f 641/747/691 642/750/694 643/743/687
f 643/743/687 642/750/694 644/751/695
f 644/751/695 642/750/694 527/752/584
f 528/716/585 527/752/584 642/750/694
f 633/736/680 645/739/683 630/734/678
f 630/734/678 645/739/683 646/753/696
f 646/753/696 645/739/683 644/751/695
f 635/740/684 644/751/695 645/739/683
f 644/751/695 635/740/684 643/743/687
f 630/734/678 646/753/696 629/732/676
f 629/732/676 646/753/696 542/754/593
f 542/754/593 646/753/696 527/752/584
f 644/751/695 527/752/584 646/753/696
f 629/732/676 542/754/593 647/730/674
f 648/755/592 647/730/674 542/754/593
f 538/756/591 647/730/674 648/755/592
f 647/730/674 538/756/591 627/728/672
f 652/757/590 627/728/672 538/756/591
f 627/728/672 652/757/590 650/727/671
f 616/709/656 624/722/666 615/708/655
f 625/723/667 615/708/655 624/722/666
f 615/708/655 625/723/667 651/758/697
f 649/725/669 651/758/697 625/723/667
f 650/727/671 651/758/697 649/725/669
f 652/757/590 651/758/697 650/727/671
f 614/707/589 651/758/697 652/757/590
f 651/758/697 614/707/589 615/708/655
f 84/759/90 96/760/105 653/761/698
f 654/762/104 653/761/698 96/760/105
f 653/761/698 654/762/104 662/763/699
f 662/763/699 654/762/104 655/764/700
f 657/765/112 655/764/700 654/762/104
f 655/764/700 657/765/112 656/766/701
f 656/766/701 657/765/112 665/767/702
f 113/768/119 665/767/702 657/765/112
f 665/767/702 113/768/119 667/769/703
f 85/770/91 667/769/703 113/768/119
f 667/769/703 85/770/91 671/771/704
f 671/771/704 85/770/91 658/772/705
f 84/759/90 658/772/705 85/770/91
f 658/772/705 84/759/90 659/773/706
f 653/761/698 659/773/706 84/759/90
f 659/773/706 653/761/698 660/774/707
f 662/763/699 660/774/707 653/761/698
f 660/774/707 662/763/699 661/775/708
f 661/775/708 662/763/699 253/776/273
f 655/764/700 253/776/273 662/763/699
f 253/776/273 655/764/700 259/777/280
f 656/766/701 259/777/280 655/764/700
f 259/777/280 656/766/701 693/778/709
f 693/778/709 656/766/701 663/779/710
f 665/767/702 663/779/710 656/766/701
f 663/779/710 665/767/702 664/780/711
f 664/780/711 665/767/702 666/781/712
f 667/769/703 666/781/712 665/767/702
f 666/781/712 667/769/703 677/782/713
f 677/782/713 667/769/703 393/783/420
f 393/783/420 667/769/703 668/784/421
f 668/784/421 667/769/703 669/785/714
f 671/771/704 669/785/714 667/769/703
f 669/785/714 671/771/704 688/786/715
f 688/786/715 671/771/704 670/787/716
f 670/787/716 671/771/704 672/788/717
f 672/788/717 671/771/704 710/789/718
f 658/772/705 710/789/718 671/771/704
f 710/789/718 658/772/705 673/790/719
f 659/773/706 673/790/719 658/772/705
f 673/790/719 659/773/706 674/791/720
f 660/774/707 674/791/720 659/773/706
f 674/791/720 660/774/707 675/792/721
f 661/775/708 675/792/721 660/774/707
f 675/792/721 661/775/708 676/793/258
f 676/793/258 661/775/708 248/794/268
f 253/776/273 248/794/268 661/775/708
f 393/783/420 397/795/426 677/782/713
f 677/782/713 397/795/426 689/796/722
f 689/796/722 397/795/426 678/797/723
f 551/798/602 678/797/723 397/795/426
f 547/799/599 678/797/723 551/798/602
f 678/797/723 547/799/599 679/800/724
f 679/800/724 547/799/599 680/801/725
f 548/802/600 680/801/725 547/799/599
f 680/801/725 548/802/600 694/803/726
f 553/804/603 694/803/726 548/802/600
f 694/803/726 553/804/603 695/805/727
f 682/806/437 695/805/727 553/804/603
f 695/805/727 682/806/437 681/807/728
f 681/807/728 682/806/437 699/808/729
f 699/808/729 682/806/437 700/809/730
f 700/809/730 682/806/437 683/810/731
f 404/811/435 683/810/731 682/806/437
f 403/812/434 683/810/731 404/811/435
f 683/810/731 403/812/434 684/813/732
f 684/813/732 403/812/434 685/814/733
f 686/815/432 685/814/733 403/812/434
f 402/816/424 685/814/733 686/815/432
f 685/814/733 402/816/424 702/817/734
f 702/817/734 402/816/424 687/818/735
f 687/818/735 402/816/424 688/786/715
f 688/786/715 402/816/424 669/785/714
f 668/784/421 669/785/714 402/816/424
f 677/782/713 689/796/722 666/781/712
f 666/781/712 689/796/722 664/780/711
f 664/780/711 689/796/722 690/819/736
f 678/797/723 690/819/736 689/796/722
f 679/800/724 690/819/736 678/797/723
f 690/819/736 679/800/724 691/820/737
f 691/820/737 679/800/724 692/821/738
f 680/801/725 692/821/738 679/800/724
f 694/803/726 692/821/738 680/801/725
f 692/821/738 694/803/726 693/778/709
f 693/778/709 694/803/726 268/822/287
f 268/822/287 694/803/726 713/823/259
f 713/823/259 694/803/726 696/824/739
f 695/805/727 696/824/739 694/803/726
f 681/807/728 696/824/739 695/805/727
f 696/824/739 681/807/728 697/825/740
f 699/808/729 697/825/740 681/807/728
f 697/825/740 699/808/729 698/826/741
f 698/826/741 699/808/729 631/827/679
f 631/827/679 699/808/729 632/828/681
f 700/809/730 632/828/681 699/808/729
f 683/810/731 632/828/681 700/809/730
f 632/828/681 683/810/731 634/829/682
f 684/813/732 634/829/682 683/810/731
f 634/829/682 684/813/732 636/830/685
f 636/830/685 684/813/732 637/831/686
f 685/814/733 637/831/686 684/813/732
f 637/831/686 685/814/733 701/832/689
f 702/817/734 701/832/689 685/814/733
f 687/818/735 701/832/689 702/817/734
f 701/832/689 687/818/735 703/833/690
f 703/833/690 687/818/735 704/834/742
f 704/834/742 687/818/735 670/787/716
f 688/786/715 670/787/716 687/818/735
f 703/833/690 704/834/742 705/835/692
f 705/835/692 704/834/742 706/836/743
f 706/836/743 704/834/742 707/837/744
f 670/787/716 707/837/744 704/834/742
f 672/788/717 707/837/744 670/787/716
f 707/837/744 672/788/717 708/838/745
f 709/839/746 708/838/745 672/788/717
f 672/788/717 710/789/718 709/839/746
f 709/839/746 710/789/718 711/840/747
f 673/790/719 711/840/747 710/789/718
f 711/840/747 673/790/719 712/841/748
f 674/791/720 712/841/748 673/790/719
f 712/841/748 674/791/720 739/842/749
f 675/792/721 739/842/749 674/791/720
f 739/842/749 675/792/721 714/843/750
f 676/793/258 714/843/750 675/792/721
f 713/823/259 714/843/750 676/793/258
f 696/824/739 714/843/750 713/823/259
f 714/843/750 696/824/739 740/844/751
f 743/845/752 740/844/751 696/824/739
f 631/827/679 715/846/677 698/826/741
f 698/826/741 715/846/677 716/847/753
f 628/848/675 716/847/753 715/846/677
f 716/847/753 628/848/675 717/849/754
f 718/850/673 717/849/754 628/848/675
f 626/851/670 717/849/754 718/850/673
f 717/849/754 626/851/670 747/852/755
f 986/853/668 747/852/755 626/851/670
f 747/852/755 986/853/668 719/854/756
f 692/821/738 693/778/709 691/820/737
f 663/779/710 691/820/737 693/778/709
f 691/820/737 663/779/710 690/819/736
f 664/780/711 690/819/736 663/779/710
f 705/835/692 706/836/743 619/855/661
f 619/855/661 706/836/743 721/856/757
f 721/856/757 706/836/743 720/857/758
f 707/837/744 720/857/758 706/836/743
f 708/838/745 720/857/758 707/837/744
f 720/857/758 708/838/745 723/858/759
f 619/855/661 721/856/757 620/859/662
f 620/859/662 721/856/757 621/860/663
f 621/860/663 721/856/757 722/861/760
f 720/857/758 722/861/760 721/856/757
f 723/858/759 722/861/760 720/857/758
f 722/861/760 723/858/759 728/862/761
f 728/862/761 723/858/759 724/863/762
f 708/838/745 724/863/762 723/858/759
f 724/863/762 708/838/745 734/864/763
f 621/860/663 722/861/760 725/865/664
f 725/865/664 722/861/760 726/866/764
f 728/862/761 726/866/764 722/861/760
f 726/866/764 728/862/761 727/867/765
f 727/867/765 728/862/761 985/868/766
f 985/868/766 728/862/761 729/869/767
f 729/869/767 728/862/761 730/870/768
f 730/870/768 728/862/761 731/871/769
f 724/863/762 731/871/769 728/862/761
f 731/871/769 724/863/762 969/872/770
f 734/864/763 969/872/770 724/863/762
f 969/872/770 734/864/763 732/873/771
f 732/873/771 734/864/763 733/874/772
f 733/874/772 734/864/763 735/875/773
f 708/838/745 735/875/773 734/864/763
f 709/839/746 735/875/773 708/838/745
f 735/875/773 709/839/746 736/876/774
f 711/840/747 736/876/774 709/839/746
f 736/876/774 711/840/747 737/877/775
f 712/841/748 737/877/775 711/840/747
f 737/877/775 712/841/748 738/878/776
f 739/842/749 738/878/776 712/841/748
f 714/843/750 740/844/751 739/842/749
f 739/842/749 740/844/751 738/878/776
f 738/878/776 740/844/751 741/879/777
f 743/845/752 741/879/777 740/844/751
f 741/879/777 743/845/752 742/880/778
f 742/880/778 743/845/752 744/881/779
f 697/825/740 744/881/779 743/845/752
f 697/825/740 698/826/741 744/881/779
f 716/847/753 744/881/779 698/826/741
f 744/881/779 716/847/753 745/882/780
f 717/849/754 745/882/780 716/847/753
f 747/852/755 745/882/780 717/849/754
f 745/882/780 747/852/755 746/883/781
f 746/883/781 747/852/755 749/884/782
f 719/854/756 749/884/782 747/852/755
f 744/881/779 745/882/780 742/880/778
f 746/883/781 742/880/778 745/882/780
f 742/880/778 746/883/781 748/885/783
f 749/884/782 748/885/783 746/883/781
f 748/885/783 749/884/782 750/886/784
f 750/886/784 749/884/782 751/887/785
f 752/888/786 751/887/785 749/884/782
f 759/889/787 755/890/788 753/891/789
f 753/891/789 755/890/788 754/892/790
f 754/892/790 755/890/788 764/893/791
f 764/893/791 755/890/788 766/894/792
f 766/894/792 755/890/788 756/895/793
f 759/889/787 756/895/793 755/890/788
f 756/895/793 759/889/787 769/896/794
f 769/896/794 759/889/787 757/897/795
f 757/897/795 759/889/787 758/898/796
f 758/898/796 759/889/787 774/899/797
f 753/891/789 774/899/797 759/889/787
f 774/899/797 753/891/789 760/900/798
f 762/901/799 760/900/798 753/891/789
f 760/900/798 762/901/799 761/902/800
f 778/903/801 761/902/800 762/901/799
f 761/902/800 778/903/801 816/904/802
f 753/891/789 754/892/790 762/901/799
f 762/901/799 754/892/790 779/905/803
f 779/905/803 754/892/790 763/906/804
f 764/893/791 763/906/804 754/892/790
f 763/906/804 764/893/791 783/907/805
f 783/907/805 764/893/791 765/908/806
f 766/894/792 765/908/806 764/893/791
f 765/908/806 766/894/792 767/909/807
f 767/909/807 766/894/792 787/910/808
f 768/911/809 787/910/808 766/894/792
f 766/894/792 756/895/793 768/911/809
f 769/896/794 768/911/809 756/895/793
f 768/911/809 769/896/794 793/912/810
f 793/912/810 769/896/794 794/913/811
f 794/913/811 769/896/794 796/914/812
f 757/897/795 796/914/812 769/896/794
f 796/914/812 757/897/795 770/915/813
f 770/915/813 757/897/795 771/916/814
f 758/898/796 771/916/814 757/897/795
f 771/916/814 758/898/796 801/917/815
f 801/917/815 758/898/796 772/918/816
f 774/899/797 772/918/816 758/898/796
f 772/918/816 774/899/797 773/919/817
f 773/919/817 774/899/797 775/920/818
f 760/900/798 775/920/818 774/899/797
f 775/920/818 760/900/798 776/921/819
f 761/902/800 776/921/819 760/900/798
f 776/921/819 761/902/800 777/922/820
f 762/901/799 779/905/803 778/903/801
f 778/903/801 779/905/803 780/923/821
f 780/923/821 779/905/803 781/924/822
f 763/906/804 781/924/822 779/905/803
f 781/924/822 763/906/804 782/925/823
f 783/907/805 782/925/823 763/906/804
f 782/925/823 783/907/805 784/926/824
f 784/926/824 783/907/805 785/927/825
f 765/908/806 785/927/825 783/907/805
f 785/927/825 765/908/806 777/922/820
f 767/909/807 777/922/820 765/908/806
f 777/922/820 767/909/807 776/921/819
f 776/921/819 767/909/807 775/920/818
f 775/920/818 767/909/807 786/928/826
f 787/910/808 786/928/826 767/909/807
f 786/928/826 787/910/808 789/929/827
f 789/929/827 787/910/808 788/930/828
f 788/930/828 787/910/808 793/912/810
f 768/911/809 793/912/810 787/910/808
f 775/920/818 786/928/826 773/919/817
f 773/919/817 786/928/826 805/931/829
f 789/929/827 805/931/829 786/928/826
f 805/931/829 789/929/827 790/932/830
f 790/932/830 789/929/827 791/933/831
f 788/930/828 791/933/831 789/929/827
f 793/912/810 791/933/831 788/930/828
f 791/933/831 793/912/810 792/934/832
f 792/934/832 793/912/810 795/935/833
f 794/913/811 795/935/833 793/912/810
f 796/914/812 795/935/833 794/913/811
f 795/935/833 796/914/812 814/936/834
f 814/936/834 796/914/812 797/937/835
f 797/937/835 796/914/812 798/938/836
f 770/915/813 798/938/836 796/914/812
f 798/938/836 770/915/813 799/939/837
f 799/939/837 770/915/813 853/940/838
f 771/916/814 853/940/838 770/915/813
f 853/940/838 771/916/814 800/941/839
f 801/917/815 800/941/839 771/916/814
f 800/941/839 801/917/815 858/942/840
f 858/942/840 801/917/815 802/943/841
f 772/918/816 802/943/841 801/917/815
f 802/943/841 772/918/816 803/944/842
f 773/919/817 803/944/842 772/918/816
f 805/931/829 803/944/842 773/919/817
f 803/944/842 805/931/829 804/945/843
f 804/945/843 805/931/829 833/946/844
f 833/946/844 805/931/829 806/947/845
f 790/932/830 806/947/845 805/931/829
f 806/947/845 790/932/830 836/948/846
f 867/949/847 836/948/846 790/932/830
f 778/903/801 780/923/821 815/950/848
f 815/950/848 780/923/821 807/951/849
f 807/951/849 780/923/821 808/952/850
f 781/924/822 808/952/850 780/923/821
f 808/952/850 781/924/822 809/953/851
f 782/925/823 809/953/851 781/924/822
f 809/953/851 782/925/823 823/954/852
f 784/926/824 823/954/852 782/925/823
f 823/954/852 784/926/824 810/955/853
f 810/955/853 784/926/824 811/956/854
f 785/927/825 811/956/854 784/926/824
f 811/956/854 785/927/825 816/904/802
f 777/922/820 816/904/802 785/927/825
f 816/904/802 777/922/820 761/902/800
f 790/932/830 791/933/831 867/949/847
f 867/949/847 791/933/831 869/957/855
f 792/934/832 869/957/855 791/933/831
f 869/957/855 792/934/832 812/958/856
f 795/935/833 812/958/856 792/934/832
f 812/958/856 795/935/833 840/959/857
f 814/936/834 840/959/857 795/935/833
f 840/959/857 814/936/834 813/960/858
f 813/960/858 814/936/834 846/961/859
f 797/937/835 846/961/859 814/936/834
f 846/961/859 797/937/835 849/962/860
f 778/903/801 815/950/848 816/904/802
f 816/904/802 815/950/848 811/956/854
f 817/963/861 811/956/854 815/950/848
f 811/956/854 817/963/861 810/955/853
f 818/964/862 810/955/853 817/963/861
f 810/955/853 818/964/862 824/965/863
f 820/966/864 824/965/863 818/964/862
f 824/965/863 820/966/864 819/967/865
f 819/967/865 820/966/864 828/968/866
f 828/968/866 820/966/864 821/969/867
f 818/964/862 821/969/867 820/966/864
f 821/969/867 818/964/862 822/970/868
f 817/963/861 822/970/868 818/964/862
f 822/970/868 817/963/861 807/951/849
f 815/950/848 807/951/849 817/963/861
f 810/955/853 824/965/863 823/954/852
f 823/954/852 824/965/863 825/971/869
f 819/967/865 825/971/869 824/965/863
f 825/971/869 819/967/865 826/972/870
f 828/968/866 826/972/870 819/967/865
f 826/972/870 828/968/866 827/973/871
f 827/973/871 828/968/866 829/974/872
f 821/969/867 829/974/872 828/968/866
f 822/970/868 829/974/872 821/969/867
f 829/974/872 822/970/868 830/975/873
f 807/951/849 830/975/873 822/970/868
f 808/952/850 830/975/873 807/951/849
f 830/975/873 808/952/850 831/976/874
f 809/953/851 831/976/874 808/952/850
f 831/976/874 809/953/851 825/971/869
f 823/954/852 825/971/869 809/953/851
f 829/974/872 830/975/873 827/973/871
f 831/976/874 827/973/871 830/975/873
f 827/973/871 831/976/874 826/972/870
f 825/971/869 826/972/870 831/976/874
f 802/943/841 803/944/842 832/977/875
f 804/945/843 832/977/875 803/944/842
f 833/946/844 832/977/875 804/945/843
f 832/977/875 833/946/844 839/978/876
f 839/978/876 833/946/844 834/979/877
f 806/947/845 834/979/877 833/946/844
f 834/979/877 806/947/845 835/980/878
f 836/948/846 835/980/878 806/947/845
f 835/980/878 836/948/846 843/981/879
f 843/981/879 836/948/846 837/982/880
f 867/949/847 837/982/880 836/948/846
f 802/943/841 832/977/875 838/983/881
f 839/978/876 838/983/881 832/977/875
f 838/983/881 839/978/876 859/984/882
f 859/984/882 839/978/876 845/985/883
f 834/979/877 845/985/883 839/978/876
f 845/985/883 834/979/877 813/960/858
f 835/980/878 813/960/858 834/979/877
f 813/960/858 835/980/878 840/959/857
f 840/959/857 835/980/878 841/986/884
f 843/981/879 841/986/884 835/980/878
f 841/986/884 843/981/879 842/987/885
f 842/987/885 843/981/879 844/988/886
f 837/982/880 844/988/886 843/981/879
f 844/988/886 837/982/880 866/989/887
f 813/960/858 846/961/859 845/985/883
f 845/985/883 846/961/859 847/990/888
f 849/962/860 847/990/888 846/961/859
f 847/990/888 849/962/860 848/991/889
f 848/991/889 849/962/860 850/992/890
f 850/992/890 849/962/860 865/993/891
f 797/937/835 865/993/891 849/962/860
f 798/938/836 865/993/891 797/937/835
f 865/993/891 798/938/836 851/994/892
f 799/939/837 851/994/892 798/938/836
f 851/994/892 799/939/837 852/995/893
f 854/996/894 852/995/893 799/939/837
f 799/939/837 853/940/838 854/996/894
f 854/996/894 853/940/838 855/997/895
f 800/941/839 855/997/895 853/940/838
f 855/997/895 800/941/839 856/998/896
f 858/942/840 856/998/896 800/941/839
f 856/998/896 858/942/840 857/999/897
f 857/999/897 858/942/840 838/983/881
f 802/943/841 838/983/881 858/942/840
f 838/983/881 859/984/882 857/999/897
f 857/999/897 859/984/882 860/1000/898
f 860/1000/898 859/984/882 847/990/888
f 845/985/883 847/990/888 859/984/882
f 847/990/888 848/991/889 860/1000/898
f 860/1000/898 848/991/889 861/1001/899
f 861/1001/899 848/991/889 862/1002/900
f 862/1002/900 848/991/889 863/1003/901
f 850/992/890 863/1003/901 848/991/889
f 863/1003/901 850/992/890 864/1004/902
f 865/993/891 864/1004/902 850/992/890
f 851/994/892 864/1004/902 865/993/891
f 864/1004/902 851/994/892 1014/1005/903
f 852/995/893 1014/1005/903 851/994/892
f 837/982/880 867/949/847 866/989/887
f 866/989/887 867/949/847 868/1006/904
f 869/957/855 868/1006/904 867/949/847
f 868/1006/904 869/957/855 871/1007/905
f 871/1007/905 869/957/855 870/1008/906
f 812/958/856 870/1008/906 869/957/855
f 840/959/857 870/1008/906 812/958/856
f 841/986/884 870/1008/906 840/959/857
f 870/1008/906 841/986/884 872/1009/907
f 842/987/885 872/1009/907 841/986/884
f 872/1009/907 842/987/885 875/1010/908
f 877/1011/909 875/1010/908 842/987/885
f 870/1008/906 872/1009/907 871/1007/905
f 871/1007/905 872/1009/907 873/1012/910
f 875/1010/908 873/1012/910 872/1009/907
f 873/1012/910 875/1010/908 874/1013/911
f 874/1013/911 875/1010/908 878/1014/912
f 877/1011/909 878/1014/912 875/1010/908
f 878/1014/912 877/1011/909 876/1015/913
f 876/1015/913 877/1011/909 882/1016/914
f 882/1016/914 877/1011/909 844/988/886
f 842/987/885 844/988/886 877/1011/909
f 874/1013/911 878/1014/912 879/1017/915
f 879/1017/915 878/1014/912 883/1018/916
f 876/1015/913 883/1018/916 878/1014/912
f 883/1018/916 876/1015/913 880/1019/917
f 880/1019/917 876/1015/913 881/1020/918
f 882/1016/914 881/1020/918 876/1015/913
f 881/1020/918 882/1016/914 889/1021/919
f 889/1021/919 882/1016/914 866/989/887
f 844/988/886 866/989/887 882/1016/914
f 879/1017/915 883/1018/916 884/1022/920
f 884/1022/920 883/1018/916 885/1023/921
f 880/1019/917 885/1023/921 883/1018/916
f 885/1023/921 880/1019/917 886/1024/922
f 886/1024/922 880/1019/917 887/1025/923
f 881/1020/918 887/1025/923 880/1019/917
f 887/1025/923 881/1020/918 891/1026/924
f 889/1021/919 891/1026/924 881/1020/918
f 891/1026/924 889/1021/919 888/1027/925
f 888/1027/925 889/1021/919 868/1006/904
f 866/989/887 868/1006/904 889/1021/919
f 888/1027/925 890/1028/926 891/1026/924
f 891/1026/924 890/1028/926 892/1029/927
f 893/1030/928 892/1029/927 890/1028/926
f 892/1029/927 893/1030/928 894/1031/929
f 895/1032/930 894/1031/929 893/1030/928
f 894/1031/929 895/1032/930 896/1033/931
f 897/1034/932 896/1033/931 895/1032/930
f 896/1033/931 897/1034/932 898/1035/933
f 898/1035/933 897/1034/932 899/1036/934
f 899/1036/934 897/1034/932 884/1022/920
f 895/1032/930 884/1022/920 897/1034/932
f 884/1022/920 895/1032/930 879/1017/915
f 893/1030/928 879/1017/915 895/1032/930
f 879/1017/915 893/1030/928 874/1013/911
f 890/1028/926 874/1013/911 893/1030/928
f 874/1013/911 890/1028/926 873/1012/910
f 888/1027/925 873/1012/910 890/1028/926
f 873/1012/910 888/1027/925 871/1007/905
f 868/1006/904 871/1007/905 888/1027/925
f 884/1022/920 885/1023/921 899/1036/934
f 899/1036/934 885/1023/921 900/1037/935
f 886/1024/922 900/1037/935 885/1023/921
f 900/1037/935 886/1024/922 901/1038/936
f 901/1038/936 886/1024/922 902/1039/937
f 887/1025/923 902/1039/937 886/1024/922
f 902/1039/937 887/1025/923 892/1029/927
f 891/1026/924 892/1029/927 887/1025/923
f 899/1036/934 900/1037/935 898/1035/933
f 901/1038/936 898/1035/933 900/1037/935
f 898/1035/933 901/1038/936 903/1040/938
f 902/1039/937 903/1040/938 901/1038/936
f 903/1040/938 902/1039/937 894/1031/929
f 892/1029/927 894/1031/929 902/1039/937
f 894/1031/929 896/1033/931 903/1040/938
f 898/1035/933 903/1040/938 896/1033/931
f 115/123/123 904/121/121 98/1041/78
f 98/1041/78 904/121/121 87/1042/94
f 119/127/127 87/1042/94 904/121/121
f 87/1042/94 119/127/127 101/1043/92
f 117/125/125 101/1043/92 119/127/127
f 101/1043/92 117/125/125 99/1044/106
f 121/129/129 99/1044/106 117/125/125
f 99/1044/106 121/129/129 106/1045/113
f 123/131/131 106/1045/113 121/129/129
f 106/1045/113 123/131/131 75/1046/80
f 115/123/123 75/1046/80 123/131/131
f 75/1046/80 115/123/123 98/1041/78
f 138/1047/137 905/1048/136 906/120/120
f 906/120/120 905/1048/136 118/126/126
f 133/1049/143 118/126/126 905/1048/136
f 118/126/126 133/1049/143 116/124/124
f 132/1050/142 116/124/124 133/1049/143
f 116/124/124 132/1050/142 120/128/128
f 136/1051/146 120/128/128 132/1050/142
f 120/128/128 136/1051/146 122/130/130
f 140/1052/149 122/130/130 136/1051/146
f 122/130/130 140/1052/149 114/122/122
f 138/1047/137 114/122/122 140/1052/149
f 114/122/122 138/1047/137 906/120/120
f 142/153/153 907/151/151 124/1053/132
f 124/1053/132 907/151/151 130/1054/140
f 146/157/157 130/1054/140 907/151/151
f 130/1054/140 146/157/157 128/1055/138
f 144/155/155 128/1055/138 146/157/157
f 128/1055/138 144/155/155 134/1056/144
f 148/159/159 134/1056/144 144/155/155
f 134/1056/144 148/159/159 137/1057/147
f 150/161/161 137/1057/147 148/159/159
f 137/1057/147 150/161/161 125/1058/134
f 142/153/153 125/1058/134 150/161/161
f 125/1058/134 142/153/153 124/1053/132
f 154/1059/167 153/1060/166 908/150/150
f 908/150/150 153/1060/166 145/156/156
f 160/1061/173 145/156/156 153/1060/166
f 145/156/156 160/1061/173 143/154/154
f 158/1062/172 143/154/154 160/1061/173
f 143/154/154 158/1062/172 147/158/158
f 163/1063/176 147/158/158 158/1062/172
f 147/158/158 163/1063/176 149/160/160
f 167/1064/179 149/160/160 163/1063/176
f 149/160/160 167/1064/179 141/152/152
f 154/1059/167 141/152/152 167/1064/179
f 141/152/152 154/1059/167 908/150/150
f 169/183/183 910/181/181 909/1065/162
f 909/1065/162 910/181/181 157/1066/170
f 173/187/187 157/1066/170 910/181/181
f 157/1066/170 173/187/187 155/1067/168
f 171/185/185 155/1067/168 173/187/187
f 155/1067/168 171/185/185 161/1068/174
f 175/189/189 161/1068/174 171/185/185
f 161/1068/174 175/189/189 165/1069/177
f 177/191/191 165/1069/177 175/189/189
f 165/1069/177 177/191/191 151/1070/164
f 169/183/183 151/1070/164 177/191/191
f 151/1070/164 169/183/183 909/1065/162
f 192/1071/197 911/1072/196 912/180/180
f 912/180/180 911/1072/196 172/186/186
f 186/1073/203 172/186/186 911/1072/196
f 172/186/186 186/1073/203 170/184/184
f 185/1074/202 170/184/184 186/1073/203
f 170/184/184 185/1074/202 174/188/188
f 189/1075/206 174/188/188 185/1074/202
f 174/188/188 189/1075/206 176/190/190
f 194/1076/209 176/190/190 189/1075/206
f 176/190/190 194/1076/209 168/182/182
f 192/1071/197 168/182/182 194/1076/209
f 168/182/182 192/1071/197 912/180/180
f 197/213/213 913/211/211 178/1077/192
f 178/1077/192 913/211/211 182/1078/200
f 201/217/217 182/1078/200 913/211/211
f 182/1078/200 201/217/217 181/1079/198
f 199/215/215 181/1079/198 201/217/217
f 181/1079/198 199/215/215 187/1080/204
f 203/219/219 187/1080/204 199/215/215
f 187/1080/204 203/219/219 190/1081/207
f 205/221/221 190/1081/207 203/219/219
f 190/1081/207 205/221/221 179/1082/194
f 197/213/213 179/1082/194 205/221/221
f 179/1082/194 197/213/213 178/1077/192
f 212/1083/229 211/1084/228 195/210/210
f 195/210/210 211/1084/228 200/216/216
f 218/1085/237 200/216/216 211/1084/228
f 200/216/216 218/1085/237 198/214/214
f 217/1086/236 198/214/214 218/1085/237
f 198/214/214 217/1086/236 202/218/218
f 223/1087/241 202/218/218 217/1086/236
f 202/218/218 223/1087/241 204/220/220
f 227/1088/245 204/220/220 223/1087/241
f 204/220/220 227/1088/245 196/212/212
f 212/1083/229 196/212/212 227/1088/245
f 196/212/212 212/1083/229 195/210/210
f 529/1089/60 531/1090/62 914/1091/651
f 915/1092/63 914/1091/651 531/1090/62
f 533/1093/77 914/1091/651 915/1092/63
f 914/1091/651 533/1093/77 916/1094/652
f 916/1094/652 533/1093/77 917/1095/653
f 539/1096/72 917/1095/653 533/1093/77
f 540/1097/74 917/1095/653 539/1096/72
f 541/1098/75 917/1095/653 540/1097/74
f 527/1099/584 917/1095/653 541/1098/75
f 917/1095/653 527/1099/584 916/1094/652
f 916/1094/652 527/1099/584 914/1091/651
f 529/1089/60 914/1091/651 527/1099/584
f 270/290/290 271/291/291 918/1100/246
f 918/1100/246 271/291/291 230/1101/247
f 279/299/299 230/1101/247 271/291/291
f 230/1101/247 279/299/299 260/1102/281
f 277/297/297 260/1102/281 279/299/299
f 260/1102/281 277/297/297 263/1103/274
f 273/294/294 263/1103/274 277/297/297
f 263/1103/274 273/294/294 240/1104/260
f 275/295/295 240/1104/260 273/294/294
f 240/1104/260 275/295/295 241/1105/261
f 270/290/290 241/1105/261 275/295/295
f 241/1105/261 270/290/290 918/1100/246
f 282/1106/304 283/1107/305 919/288/288
f 919/288/288 283/1107/305 269/289/289
f 296/1108/317 269/289/289 283/1107/305
f 269/289/289 296/1108/317 278/298/298
f 291/1109/314 278/298/298 296/1108/317
f 278/298/298 291/1109/314 276/296/296
f 289/1110/311 276/296/296 291/1109/314
f 276/296/296 289/1110/311 272/292/292
f 288/1111/310 272/292/292 289/1110/311
f 272/292/292 288/1111/310 274/293/293
f 282/1106/304 274/293/293 288/1111/310
f 274/293/293 282/1106/304 919/288/288
f 298/320/320 299/321/321 920/1112/300
f 920/1112/300 299/321/321 280/1113/301
f 307/329/329 280/1113/301 299/321/321
f 280/1113/301 307/329/329 293/1114/315
f 305/327/327 293/1114/315 307/329/329
f 293/1114/315 305/327/327 294/1115/312
f 302/324/324 294/1115/312 305/327/327
f 294/1115/312 302/324/324 284/1116/306
f 303/325/325 284/1116/306 302/324/324
f 284/1116/306 303/325/325 285/1117/307
f 298/320/320 285/1117/307 303/325/325
f 285/1117/307 298/320/320 920/1112/300
f 310/1118/334 921/1119/335 922/318/318
f 922/318/318 921/1119/335 297/319/319
f 323/1120/347 297/319/319 921/1119/335
f 297/319/319 323/1120/347 306/328/328
f 319/1121/344 306/328/328 323/1120/347
f 306/328/328 319/1121/344 304/326/326
f 316/1122/341 304/326/326 319/1121/344
f 304/326/326 316/1122/341 300/322/322
f 315/1123/340 300/322/322 316/1122/341
f 300/322/322 315/1123/340 301/323/323
f 310/1118/334 301/323/323 315/1123/340
f 301/323/323 310/1118/334 922/318/318
f 326/350/350 327/351/351 923/1124/330
f 923/1124/330 327/351/351 308/1125/331
f 335/359/359 308/1125/331 327/351/351
f 308/1125/331 335/359/359 321/1126/345
f 333/357/357 321/1126/345 335/359/359
f 321/1126/345 333/357/357 317/1127/342
f 330/354/354 317/1127/342 333/357/357
f 317/1127/342 330/354/354 311/1128/336
f 331/355/355 311/1128/336 330/354/354
f 311/1128/336 331/355/355 313/1129/337
f 326/350/350 313/1129/337 331/355/355
f 313/1129/337 326/350/350 923/1124/330
f 338/1130/364 339/1131/365 324/348/348
f 324/348/348 339/1131/365 325/349/349
f 352/1132/377 325/349/349 339/1131/365
f 325/349/349 352/1132/377 334/358/358
f 348/1133/374 334/358/358 352/1132/377
f 334/358/358 348/1133/374 332/356/356
f 345/1134/371 332/356/356 348/1133/374
f 332/356/356 345/1134/371 328/352/352
f 344/1135/370 328/352/352 345/1134/371
f 328/352/352 344/1135/370 329/353/353
f 338/1130/364 329/353/353 344/1135/370
f 329/353/353 338/1130/364 324/348/348
f 354/380/380 355/381/381 924/1136/360
f 924/1136/360 355/381/381 336/1137/361
f 363/389/389 336/1137/361 355/381/381
f 336/1137/361 363/389/389 349/1138/375
f 361/387/387 349/1138/375 363/389/389
f 349/1138/375 361/387/387 346/1139/372
f 358/384/384 346/1139/372 361/387/387
f 346/1139/372 358/384/384 340/1140/366
f 359/385/385 340/1140/366 358/384/384
f 340/1140/366 359/385/385 342/1141/367
f 354/380/380 342/1141/367 359/385/385
f 342/1141/367 354/380/380 924/1136/360
f 370/1142/396 371/1143/397 925/378/378
f 925/378/378 371/1143/397 353/379/379
f 387/1144/413 353/379/379 371/1143/397
f 353/379/379 387/1144/413 362/388/388
f 382/1145/409 362/388/388 387/1144/413
f 362/388/388 382/1145/409 360/386/386
f 379/1146/405 360/386/386 382/1145/409
f 360/386/386 379/1146/405 356/382/382
f 377/1147/403 356/382/382 379/1146/405
f 356/382/382 377/1147/403 357/383/383
f 370/1142/396 357/383/383 377/1147/403
f 357/383/383 370/1142/396 925/378/378
f 513/1148/563 494/1149/542 951/1150/939
f 951/1150/939 494/1149/542 926/1151/940
f 495/1152/545 926/1151/940 494/1149/542
f 926/1151/940 495/1152/545 927/1153/941
f 497/1154/546 927/1153/941 495/1152/545
f 927/1153/941 497/1154/546 928/1155/942
f 500/1156/548 928/1155/942 497/1154/546
f 928/1155/942 500/1156/548 930/1157/943
f 929/1158/551 930/1157/943 500/1156/548
f 503/1159/554 930/1157/943 929/1158/551
f 930/1157/943 503/1159/554 931/1160/944
f 506/1161/557 931/1160/944 503/1159/554
f 931/1160/944 506/1161/557 932/1162/945
f 508/1163/559 932/1162/945 506/1161/557
f 932/1162/945 508/1163/559 933/1164/946
f 509/1165/560 933/1164/946 508/1163/559
f 933/1164/946 509/1165/560 954/1166/947
f 526/1167/583 954/1166/947 509/1165/560
f 954/1166/947 526/1167/583 934/1168/948
f 934/1168/948 526/1167/583 935/1169/949
f 935/1169/949 526/1167/583 958/1170/950
f 937/1171/581 958/1170/950 526/1167/583
f 958/1170/950 937/1171/581 936/1172/951
f 936/1172/951 937/1171/581 938/1173/952
f 523/1174/580 938/1173/952 937/1171/581
f 938/1173/952 523/1174/580 939/1175/953
f 522/1176/578 939/1175/953 523/1174/580
f 939/1175/953 522/1176/578 940/1177/954
f 941/1178/575 940/1177/954 522/1176/578
f 520/1179/574 940/1177/954 941/1178/575
f 940/1177/954 520/1179/574 942/1180/955
f 942/1180/955 520/1179/574 943/1181/956
f 519/1182/572 943/1181/956 520/1179/574
f 518/1183/570 943/1181/956 519/1182/572
f 943/1181/956 518/1183/570 944/1184/957
f 517/1185/568 944/1184/957 518/1183/570
f 516/1186/567 944/1184/957 517/1185/568
f 944/1184/957 516/1186/567 945/1187/958
f 514/1188/564 945/1187/958 516/1186/567
f 945/1187/958 514/1188/564 946/1189/959
f 946/1189/959 514/1188/564 947/1190/960
f 513/1148/563 947/1190/960 514/1188/564
f 947/1190/960 513/1148/563 948/1191/961
f 948/1191/961 513/1148/563 949/1192/962
f 951/1150/939 949/1192/962 513/1148/563
f 949/1192/962 951/1150/939 950/1193/963
f 950/1193/963 951/1150/939 952/1194/465
f 952/1194/465 951/1150/939 968/1195/964
f 926/1151/940 968/1195/964 951/1150/939
f 968/1195/964 926/1151/940 730/870/768
f 927/1153/941 730/870/768 926/1151/940
f 730/870/768 927/1153/941 729/869/767
f 928/1155/942 729/869/767 927/1153/941
f 729/869/767 928/1155/942 985/868/766
f 930/1157/943 985/868/766 928/1155/942
f 931/1160/944 985/868/766 930/1157/943
f 985/868/766 931/1160/944 752/888/786
f 932/1162/945 752/888/786 931/1160/944
f 752/888/786 932/1162/945 751/887/785
f 933/1164/946 751/887/785 932/1162/945
f 751/887/785 933/1164/946 953/1196/965
f 954/1166/947 953/1196/965 933/1164/946
f 953/1196/965 954/1166/947 564/1197/616
f 564/1197/616 954/1166/947 955/1198/966
f 934/1168/948 955/1198/966 954/1166/947
f 935/1169/949 955/1198/966 934/1168/948
f 955/1198/966 935/1169/949 956/1199/967
f 958/1170/950 956/1199/967 935/1169/949
f 956/1199/967 958/1170/950 957/1200/968
f 957/1200/968 958/1170/950 959/1201/969
f 936/1172/951 959/1201/969 958/1170/950
f 959/1201/969 936/1172/951 992/1202/607
f 938/1173/952 992/1202/607 936/1172/951
f 992/1202/607 938/1173/952 960/1203/970
f 939/1175/953 960/1203/970 938/1173/952
f 940/1177/954 960/1203/970 939/1175/953
f 960/1203/970 940/1177/954 961/1204/971
f 942/1180/955 961/1204/971 940/1177/954
f 961/1204/971 942/1180/955 995/1205/972
f 995/1205/972 942/1180/955 962/1206/973
f 943/1181/956 962/1206/973 942/1180/955
f 962/1206/973 943/1181/956 963/1207/974
f 944/1184/957 963/1207/974 943/1181/956
f 945/1187/958 963/1207/974 944/1184/957
f 963/1207/974 945/1187/958 998/1208/456
f 946/1189/959 998/1208/456 945/1187/958
f 998/1208/456 946/1189/959 964/1209/975
f 947/1190/960 964/1209/975 946/1189/959
f 964/1209/975 947/1190/960 966/1210/976
f 966/1210/976 947/1190/960 965/1211/977
f 948/1191/961 965/1211/977 947/1190/960
f 965/1211/977 948/1191/961 950/1193/963
f 949/1192/962 950/1193/963 948/1191/961
f 952/1194/465 425/1212/464 950/1193/963
f 950/1193/963 425/1212/464 965/1211/977
f 423/1213/462 965/1211/977 425/1212/464
f 965/1211/977 423/1213/462 966/1210/976
f 967/1214/459 966/1210/976 423/1213/462
f 421/1215/457 966/1210/976 967/1214/459
f 966/1210/976 421/1215/457 964/1209/975
f 998/1208/456 964/1209/975 421/1215/457
f 730/870/768 731/871/769 968/1195/964
f 969/872/770 968/1195/964 731/871/769
f 732/873/771 968/1195/964 969/872/770
f 968/1195/964 732/873/771 952/1194/465
f 952/1194/465 732/873/771 424/1216/463
f 424/1216/463 732/873/771 975/1217/978
f 733/874/772 975/1217/978 732/873/771
f 975/1217/978 733/874/772 970/1218/979
f 970/1218/979 733/874/772 979/1219/980
f 979/1219/980 733/874/772 981/1220/981
f 735/875/773 981/1220/981 733/874/772
f 736/876/774 981/1220/981 735/875/773
f 981/1220/981 736/876/774 971/1221/982
f 737/877/775 971/1221/982 736/876/774
f 971/1221/982 737/877/775 982/1222/983
f 738/878/776 982/1222/983 737/877/775
f 741/879/777 982/1222/983 738/878/776
f 982/1222/983 741/879/777 972/1223/984
f 742/880/778 972/1223/984 741/879/777
f 972/1223/984 742/880/778 973/1224/985
f 748/885/783 973/1224/985 742/880/778
f 973/1224/985 748/885/783 974/1225/986
f 424/1216/463 975/1217/978 1000/1226/461
f 1000/1226/461 975/1217/978 1002/1227/987
f 1002/1227/987 975/1217/978 976/1228/988
f 970/1218/979 976/1228/988 975/1217/978
f 976/1228/988 970/1218/979 977/1229/989
f 979/1219/980 977/1229/989 970/1218/979
f 977/1229/989 979/1219/980 978/1230/990
f 978/1230/990 979/1219/980 980/1231/991
f 981/1220/981 980/1231/991 979/1219/980
f 971/1221/982 980/1231/991 981/1220/981
f 980/1231/991 971/1221/982 983/1232/992
f 982/1222/983 983/1232/992 971/1221/982
f 972/1223/984 983/1232/992 982/1222/983
f 983/1232/992 972/1223/984 1007/1233/993
f 973/1224/985 1007/1233/993 972/1223/984
f 1007/1233/993 973/1224/985 984/1234/994
f 974/1225/986 984/1234/994 973/1224/985
f 984/1234/994 974/1225/986 953/1196/965
f 953/1196/965 974/1225/986 750/886/784
f 748/885/783 750/886/784 974/1225/986
f 752/888/786 749/884/782 985/868/766
f 985/868/766 749/884/782 727/867/765
f 719/854/756 727/867/765 749/884/782
f 727/867/765 719/854/756 987/1235/995
f 986/853/668 987/1235/995 719/854/756
f 623/1236/665 987/1235/995 986/853/668
f 725/865/664 987/1235/995 623/1236/665
f 726/866/764 987/1235/995 725/865/664
f 987/1235/995 726/866/764 727/867/765
f 564/1197/616 955/1198/966 563/1237/615
f 956/1199/967 563/1237/615 955/1198/966
f 563/1237/615 956/1199/967 561/1238/613
f 957/1200/968 561/1238/613 956/1199/967
f 561/1238/613 957/1200/968 559/1239/610
f 559/1239/610 957/1200/968 557/1240/609
f 959/1201/969 557/1240/609 957/1200/968
f 557/1240/609 959/1201/969 992/1202/607
f 953/1196/965 564/1197/616 984/1234/994
f 562/1241/614 984/1234/994 564/1197/616
f 984/1234/994 562/1241/614 988/1242/996
f 560/1243/612 988/1242/996 562/1241/614
f 988/1242/996 560/1243/612 989/1244/997
f 989/1244/997 560/1243/612 990/1245/998
f 558/1246/611 990/1245/998 560/1243/612
f 991/1247/608 990/1245/998 558/1246/611
f 992/1202/607 990/1245/998 991/1247/608
f 960/1203/970 990/1245/998 992/1202/607
f 990/1245/998 960/1203/970 993/1248/999
f 961/1204/971 993/1248/999 960/1203/970
f 993/1248/999 961/1204/971 994/1249/1000
f 995/1205/972 994/1249/1000 961/1204/971
f 994/1249/1000 995/1205/972 996/1250/1001
f 996/1250/1001 995/1205/972 1009/1251/1002
f 962/1206/973 1009/1251/1002 995/1205/972
f 1009/1251/1002 962/1206/973 997/1252/1003
f 963/1207/974 997/1252/1003 962/1206/973
f 997/1252/1003 963/1207/974 1001/1253/1004
f 998/1208/456 1001/1253/1004 963/1207/974
f 422/1254/458 1001/1253/1004 998/1208/456
f 999/1255/460 1001/1253/1004 422/1254/458
f 1000/1226/461 1001/1253/1004 999/1255/460
f 1002/1227/987 1001/1253/1004 1000/1226/461
f 1001/1253/1004 1002/1227/987 1008/1256/1005
f 1008/1256/1005 1002/1227/987 1003/1257/1006
f 976/1228/988 1003/1257/1006 1002/1227/987
f 1003/1257/1006 976/1228/988 1004/1258/1007
f 977/1229/989 1004/1258/1007 976/1228/988
f 1004/1258/1007 977/1229/989 1015/1259/1008
f 978/1230/990 1015/1259/1008 977/1229/989
f 1015/1259/1008 978/1230/990 1005/1260/1009
f 1005/1260/1009 978/1230/990 1006/1261/1010
f 980/1231/991 1006/1261/1010 978/1230/990
f 983/1232/992 1006/1261/1010 980/1231/991
f 1007/1233/993 1006/1261/1010 983/1232/992
f 1006/1261/1010 1007/1233/993 1016/1262/1011
f 1016/1262/1011 1007/1233/993 988/1242/996
f 984/1234/994 988/1242/996 1007/1233/993
f 1001/1253/1004 1008/1256/1005 997/1252/1003
f 997/1252/1003 1008/1256/1005 1010/1263/1012
f 1010/1263/1012 1008/1256/1005 855/997/895
f 1003/1257/1006 855/997/895 1008/1256/1005
f 855/997/895 1003/1257/1006 854/996/894
f 854/996/894 1003/1257/1006 852/995/893
f 1004/1258/1007 852/995/893 1003/1257/1006
f 997/1252/1003 1010/1263/1012 1009/1251/1002
f 1009/1251/1002 1010/1263/1012 1011/1264/1013
f 1011/1264/1013 1010/1263/1012 856/998/896
f 855/997/895 856/998/896 1010/1263/1012
f 1009/1251/1002 1011/1264/1013 996/1250/1001
f 996/1250/1001 1011/1264/1013 994/1249/1000
f 994/1249/1000 1011/1264/1013 861/1001/899
f 861/1001/899 1011/1264/1013 860/1000/898
f 860/1000/898 1011/1264/1013 857/999/897
f 856/998/896 857/999/897 1011/1264/1013
f 994/1249/1000 861/1001/899 993/1248/999
f 862/1002/900 993/1248/999 861/1001/899
f 993/1248/999 862/1002/900 990/1245/998
f 990/1245/998 862/1002/900 989/1244/997
f 863/1003/901 989/1244/997 862/1002/900
f 989/1244/997 863/1003/901 1012/1265/1014
f 1012/1265/1014 863/1003/901 1013/1266/1015
f 864/1004/902 1013/1266/1015 863/1003/901
f 1014/1005/903 1013/1266/1015 864/1004/902
f 1013/1266/1015 1014/1005/903 1015/1259/1008
f 1015/1259/1008 1014/1005/903 1004/1258/1007
f 852/995/893 1004/1258/1007 1014/1005/903
f 1006/1261/1010 1016/1262/1011 1005/1260/1009
f 1005/1260/1009 1016/1262/1011 1012/1265/1014
f 988/1242/996 1012/1265/1014 1016/1262/1011
f 1012/1265/1014 988/1242/996 989/1244/997
f 1012/1265/1014 1013/1266/1015 1005/1260/1009
f 1015/1259/1008 1005/1260/1009 1013/1266/1015
f 413/444/444 599/1267/640 600/1268/641
f 413/444/444 600/1268/641 432/1269/473
f 601/1270/642 432/1269/473 600/1268/641
f 602/1271/643 432/1269/473 601/1270/642
f 603/1272/644 432/1269/473 602/1271/643
f 432/1269/473 603/1272/644 434/1273/475
f 1017/1274/645 434/1273/475 603/1272/644
f 604/1275/646 434/1273/475 1017/1274/645
f 434/1273/475 604/1275/646 1018/1276/476
f 605/1277/647 1018/1276/476 604/1275/646
f 1019/1278/648 1018/1276/476 605/1277/647
f 606/1279/649 1018/1276/476 1019/1278/648
f 1018/1276/476 606/1279/649 1020/455/455
f 607/1280/650 1020/455/455 606/1279/649
f 1021/1281/618 1020/455/455 607/1280/650
f 1020/455/455 1021/1281/618 420/454/454
f 420/454/454 1021/1281/618 526/1282/583
f 458/1283/506 526/1282/583 1021/1281/618
f 526/1282/583 458/1283/506 525/1284/582
f 525/1284/582 458/1283/506 524/1285/579
f 457/1286/504 524/1285/579 458/1283/506
f 524/1285/579 457/1286/504 1022/1287/577
f 456/1288/502 1022/1287/577 457/1286/504
f 454/1289/500 1022/1287/577 456/1288/502
f 1022/1287/577 454/1289/500 521/1290/576
f 452/1291/498 521/1290/576 454/1289/500
f 450/1292/496 521/1290/576 452/1291/498
f 521/1290/576 450/1292/496 1023/1293/573
f 449/1294/495 1023/1293/573 450/1292/496
f 447/1295/493 1023/1293/573 449/1294/495
f 1023/1293/573 447/1295/493 1024/1296/571
f 1025/1297/491 1024/1296/571 447/1295/493
f 445/1298/489 1024/1296/571 1025/1297/491
f 1024/1296/571 445/1298/489 1026/1299/569
f 443/1300/487 1026/1299/569 445/1298/489
f 441/1301/485 1026/1299/569 443/1300/487
f 1026/1299/569 441/1301/485 515/1302/566
f 1028/1303/483 515/1302/566 441/1301/485
f 515/1302/566 1028/1303/483 1027/1304/565
f 1027/1304/565 1028/1303/483 513/1305/563
f 460/1306/509 513/1305/563 1028/1303/483
f 513/1305/563 460/1306/509 415/446/446
f 415/446/446 460/1306/509 413/444/444
f 599/1267/640 413/444/444 460/1306/509
f 1036/1307/1016 1032/1308/1017 1029/1309/1018
f 1029/1309/1018 1032/1308/1017 1030/1310/1019
f 1030/1310/1019 1032/1308/1017 1031/1311/1020
f 1031/1311/1020 1032/1308/1017 1033/1312/1021
f 1036/1307/1016 1033/1312/1021 1032/1308/1017
f 1033/1312/1021 1036/1307/1016 1034/1313/1022
f 1034/1313/1022 1036/1307/1016 1035/1314/1023
f 1035/1314/1023 1036/1307/1016 1043/1315/1024
f 1043/1315/1024 1036/1307/1016 1037/1316/1025
f 1029/1309/1018 1037/1316/1025 1036/1307/1016
f 1030/1310/1019 1037/1316/1025 1029/1309/1018
f 1037/1316/1025 1030/1310/1019 1038/1317/1026
f 1038/1317/1026 1030/1310/1019 1039/1318/1027
f 1031/1311/1020 1039/1318/1027 1030/1310/1019
f 1039/1318/1027 1031/1311/1020 1040/1319/1028
f 1040/1319/1028 1031/1311/1020 1048/1320/1029
f 1033/1312/1021 1048/1320/1029 1031/1311/1020
f 1034/1313/1022 1048/1320/1029 1033/1312/1021
f 1048/1320/1029 1034/1313/1022 1041/1321/1030
f 1035/1314/1023 1041/1321/1030 1034/1313/1022
f 1043/1315/1024 1041/1321/1030 1035/1314/1023
f 1041/1321/1030 1043/1315/1024 1042/1322/1031
f 1042/1322/1031 1043/1315/1024 1044/1323/1032
f 1037/1316/1025 1044/1323/1032 1043/1315/1024
f 1038/1317/1026 1044/1323/1032 1037/1316/1025
f 1044/1323/1032 1038/1317/1026 1051/1324/1033
f 1051/1324/1033 1038/1317/1026 1056/1325/1034
f 1039/1318/1027 1056/1325/1034 1038/1317/1026
f 1056/1325/1034 1039/1318/1027 1045/1326/1035
f 1040/1319/1028 1045/1326/1035 1039/1318/1027
f 1045/1326/1035 1040/1319/1028 1046/1327/1036
f 1046/1327/1036 1040/1319/1028 1047/1328/1037
f 1048/1320/1029 1047/1328/1037 1040/1319/1028
f 1041/1321/1030 1047/1328/1037 1048/1320/1029
f 1042/1322/1031 1047/1328/1037 1041/1321/1030
f 1047/1328/1037 1042/1322/1031 1049/1329/1038
f 1049/1329/1038 1042/1322/1031 1050/1330/1039
f 1044/1323/1032 1050/1330/1039 1042/1322/1031
f 1051/1324/1033 1050/1330/1039 1044/1323/1032
f 1050/1330/1039 1051/1324/1033 1052/1331/1040
f 1052/1331/1040 1051/1324/1033 1053/1332/1041
f 1053/1332/1041 1051/1324/1033 1054/1333/1042
f 1054/1333/1042 1051/1324/1033 1055/1334/1043
f 1081/1335/1044 1055/1334/1043 1051/1324/1033
f 1051/1324/1033 1056/1325/1034 1081/1335/1044
f 1081/1335/1044 1056/1325/1034 1057/1336/1045
f 1045/1326/1035 1057/1336/1045 1056/1325/1034
f 1057/1336/1045 1045/1326/1035 1083/1337/1046
f 1083/1337/1046 1045/1326/1035 1058/1338/1047
f 1058/1338/1047 1045/1326/1035 1059/1339/1048
f 1046/1327/1036 1059/1339/1048 1045/1326/1035
f 1059/1339/1048 1046/1327/1036 1060/1340/1049
f 1060/1340/1049 1046/1327/1036 1087/1341/1050
f 1087/1341/1050 1046/1327/1036 1061/1342/1051
f 1061/1342/1051 1046/1327/1036 1093/1343/1052
f 1093/1343/1052 1046/1327/1036 1049/1329/1038
f 1047/1328/1037 1049/1329/1038 1046/1327/1036
f 1053/1332/1041 1062/1344/1053 1052/1331/1040
f 1052/1331/1040 1062/1344/1053 1095/1345/1054
f 1095/1345/1054 1062/1344/1053 1129/1346/1055
f 1129/1346/1055 1062/1344/1053 1063/1347/1056
f 1063/1347/1056 1062/1344/1053 1064/1348/1057
f 1064/1348/1057 1062/1344/1053 1067/1349/1058
f 1053/1332/1041 1067/1349/1058 1062/1344/1053
f 1054/1333/1042 1067/1349/1058 1053/1332/1041
f 1067/1349/1058 1054/1333/1042 1065/1350/1059
f 1065/1350/1059 1054/1333/1042 1066/1351/1060
f 1055/1334/1043 1066/1351/1060 1054/1333/1042
f 1066/1351/1060 1055/1334/1043 1072/1352/1061
f 1064/1348/1057 1067/1349/1058 1068/1353/1062
f 1068/1353/1062 1067/1349/1058 1069/1354/1063
f 1069/1354/1063 1067/1349/1058 1058/1338/1047
f 1065/1350/1059 1058/1338/1047 1067/1349/1058
f 1058/1338/1047 1065/1350/1059 1074/1355/1064
f 1066/1351/1060 1074/1355/1064 1065/1350/1059
f 1074/1355/1064 1066/1351/1060 1070/1356/1065
f 1072/1352/1061 1070/1356/1065 1066/1351/1060
f 1070/1356/1065 1072/1352/1061 1071/1357/1066
f 1071/1357/1066 1072/1352/1061 1077/1358/1067
f 1077/1358/1067 1072/1352/1061 1073/1359/1068
f 1055/1334/1043 1073/1359/1068 1072/1352/1061
f 1073/1359/1068 1055/1334/1043 1081/1335/1044
f 1058/1338/1047 1074/1355/1064 1083/1337/1046
f 1083/1337/1046 1074/1355/1064 1075/1360/1069
f 1070/1356/1065 1075/1360/1069 1074/1355/1064
f 1075/1360/1069 1070/1356/1065 1076/1361/1070
f 1071/1357/1066 1076/1361/1070 1070/1356/1065
f 1077/1358/1067 1076/1361/1070 1071/1357/1066
f 1076/1361/1070 1077/1358/1067 1078/1362/1071
f 1078/1362/1071 1077/1358/1067 1079/1363/1072
f 1073/1359/1068 1079/1363/1072 1077/1358/1067
f 1079/1363/1072 1073/1359/1068 1080/1364/1073
f 1081/1335/1044 1080/1364/1073 1073/1359/1068
f 1057/1336/1045 1080/1364/1073 1081/1335/1044
f 1080/1364/1073 1057/1336/1045 1082/1365/1074
f 1083/1337/1046 1082/1365/1074 1057/1336/1045
f 1075/1360/1069 1082/1365/1074 1083/1337/1046
f 1082/1365/1074 1075/1360/1069 1078/1362/1071
f 1076/1361/1070 1078/1362/1071 1075/1360/1069
f 1058/1338/1047 1059/1339/1048 1069/1354/1063
f 1069/1354/1063 1059/1339/1048 1068/1353/1062
f 1068/1353/1062 1059/1339/1048 1084/1366/1075
f 1084/1366/1075 1059/1339/1048 1085/1367/1076
f 1085/1367/1076 1059/1339/1048 1099/1368/1077
f 1060/1340/1049 1099/1368/1077 1059/1339/1048
f 1099/1368/1077 1060/1340/1049 1101/1369/1078
f 1086/1370/1079 1101/1369/1078 1060/1340/1049
f 1060/1340/1049 1087/1341/1050 1086/1370/1079
f 1086/1370/1079 1087/1341/1050 1088/1371/1080
f 1088/1371/1080 1087/1341/1050 1089/1372/1081
f 1089/1372/1081 1087/1341/1050 1090/1373/1082
f 1061/1342/1051 1090/1373/1082 1087/1341/1050
f 1090/1373/1082 1061/1342/1051 1110/1374/1083
f 1110/1374/1083 1061/1342/1051 1091/1375/1084
f 1093/1343/1052 1091/1375/1084 1061/1342/1051
f 1091/1375/1084 1093/1343/1052 1092/1376/1085
f 1092/1376/1085 1093/1343/1052 1094/1377/1086
f 1049/1329/1038 1094/1377/1086 1093/1343/1052
f 1094/1377/1086 1049/1329/1038 1050/1330/1039
f 1099/1368/1077 1097/1378/1087 1085/1367/1076
f 1085/1367/1076 1097/1378/1087 1095/1345/1054
f 1095/1345/1054 1097/1378/1087 1096/1379/1088
f 1096/1379/1088 1097/1378/1087 1098/1380/1089
f 1098/1380/1089 1097/1378/1087 1100/1381/1090
f 1099/1368/1077 1100/1381/1090 1097/1378/1087
f 1101/1369/1078 1100/1381/1090 1099/1368/1077
f 1100/1381/1090 1101/1369/1078 1121/1382/1091
f 1121/1382/1091 1101/1369/1078 1102/1383/1092
f 1086/1370/1079 1102/1383/1092 1101/1369/1078
f 1102/1383/1092 1086/1370/1079 1103/1384/1093
f 1088/1371/1080 1103/1384/1093 1086/1370/1079
f 1103/1384/1093 1088/1371/1080 1104/1385/1094
f 1104/1385/1094 1088/1371/1080 1098/1380/1089
f 1089/1372/1081 1098/1380/1089 1088/1371/1080
f 1098/1380/1089 1089/1372/1081 1096/1379/1088
f 1096/1379/1088 1089/1372/1081 1105/1386/1095
f 1090/1373/1082 1105/1386/1095 1089/1372/1081
f 1105/1386/1095 1090/1373/1082 1107/1387/1096
f 1095/1345/1054 1096/1379/1088 1052/1331/1040
f 1105/1386/1095 1052/1331/1040 1096/1379/1088
f 1052/1331/1040 1105/1386/1095 1050/1330/1039
f 1050/1330/1039 1105/1386/1095 1106/1388/1097
f 1107/1387/1096 1106/1388/1097 1105/1386/1095
f 1106/1388/1097 1107/1387/1096 1114/1389/1098
f 1114/1389/1098 1107/1387/1096 1108/1390/1099
f 1090/1373/1082 1108/1390/1099 1107/1387/1096
f 1110/1374/1083 1108/1390/1099 1090/1373/1082
f 1108/1390/1099 1110/1374/1083 1109/1391/1100
f 1109/1391/1100 1110/1374/1083 1111/1392/1101
f 1091/1375/1084 1111/1392/1101 1110/1374/1083
f 1111/1392/1101 1091/1375/1084 1116/1393/1102
f 1092/1376/1085 1116/1393/1102 1091/1375/1084
f 1116/1393/1102 1092/1376/1085 1112/1394/1103
f 1112/1394/1103 1092/1376/1085 1113/1395/1104
f 1094/1377/1086 1113/1395/1104 1092/1376/1085
f 1113/1395/1104 1094/1377/1086 1106/1388/1097
f 1050/1330/1039 1106/1388/1097 1094/1377/1086
f 1106/1388/1097 1114/1389/1098 1113/1395/1104
f 1113/1395/1104 1114/1389/1098 1117/1396/1105
f 1117/1396/1105 1114/1389/1098 1115/1397/1106
f 1108/1390/1099 1115/1397/1106 1114/1389/1098
f 1109/1391/1100 1115/1397/1106 1108/1390/1099
f 1111/1392/1101 1115/1397/1106 1109/1391/1100
f 1115/1397/1106 1111/1392/1101 1117/1396/1105
f 1116/1393/1102 1117/1396/1105 1111/1392/1101
f 1112/1394/1103 1117/1396/1105 1116/1393/1102
f 1117/1396/1105 1112/1394/1103 1113/1395/1104
f 1079/1363/1072 1118/1398/1107 1078/1362/1071
f 1078/1362/1071 1118/1398/1107 1082/1365/1074
f 1082/1365/1074 1118/1398/1107 1080/1364/1073
f 1079/1363/1072 1080/1364/1073 1118/1398/1107
f 1104/1385/1094 1098/1380/1089 1119/1399/1108
f 1100/1381/1090 1119/1399/1108 1098/1380/1089
f 1121/1382/1091 1119/1399/1108 1100/1381/1090
f 1119/1399/1108 1121/1382/1091 1120/1400/1109
f 1120/1400/1109 1121/1382/1091 1122/1401/1110
f 1102/1383/1092 1122/1401/1110 1121/1382/1091
f 1122/1401/1110 1102/1383/1092 1123/1402/1111
f 1103/1384/1093 1123/1402/1111 1102/1383/1092
f 1123/1402/1111 1103/1384/1093 1124/1403/1112
f 1104/1385/1094 1124/1403/1112 1103/1384/1093
f 1119/1399/1108 1124/1403/1112 1104/1385/1094
f 1120/1400/1109 1124/1403/1112 1119/1399/1108
f 1124/1403/1112 1120/1400/1109 1123/1402/1111
f 1122/1401/1110 1123/1402/1111 1120/1400/1109
f 1068/1353/1062 1084/1366/1075 1125/1404/1113
f 1125/1404/1113 1084/1366/1075 1126/1405/1114
f 1085/1367/1076 1126/1405/1114 1084/1366/1075
f 1126/1405/1114 1085/1367/1076 1127/1406/1115
f 1095/1345/1054 1127/1406/1115 1085/1367/1076
f 1129/1346/1055 1127/1406/1115 1095/1345/1054
f 1127/1406/1115 1129/1346/1055 1128/1407/1116
f 1128/1407/1116 1129/1346/1055 1130/1408/1117
f 1063/1347/1056 1130/1408/1117 1129/1346/1055
f 1130/1408/1117 1063/1347/1056 1137/1409/1118
f 1137/1409/1118 1063/1347/1056 1131/1410/1119
f 1064/1348/1057 1131/1410/1119 1063/1347/1056
f 1068/1353/1062 1131/1410/1119 1064/1348/1057
f 1125/1404/1113 1131/1410/1119 1068/1353/1062
f 1131/1410/1119 1125/1404/1113 1132/1411/1120
f 1132/1411/1120 1125/1404/1113 1133/1412/1121
f 1126/1405/1114 1133/1412/1121 1125/1404/1113
f 1133/1412/1121 1126/1405/1114 1134/1413/1122
f 1127/1406/1115 1134/1413/1122 1126/1405/1114
f 1128/1407/1116 1134/1413/1122 1127/1406/1115
f 1134/1413/1122 1128/1407/1116 1140/1414/1123
f 1140/1414/1123 1128/1407/1116 1135/1415/1124
f 1130/1408/1117 1135/1415/1124 1128/1407/1116
f 1135/1415/1124 1130/1408/1117 1136/1416/1125
f 1137/1409/1118 1136/1416/1125 1130/1408/1117
f 1136/1416/1125 1137/1409/1118 1144/1417/1126
f 1144/1417/1126 1137/1409/1118 1132/1411/1120
f 1131/1410/1119 1132/1411/1120 1137/1409/1118
f 1133/1412/1121 1134/1413/1122 1138/1418/1127
f 1140/1414/1123 1138/1418/1127 1134/1413/1122
f 1138/1418/1127 1140/1414/1123 1139/1419/1128
f 1139/1419/1128 1140/1414/1123 1141/1420/1129
f 1135/1415/1124 1141/1420/1129 1140/1414/1123
f 1141/1420/1129 1135/1415/1124 1142/1421/1130
f 1136/1416/1125 1142/1421/1130 1135/1415/1124
f 1142/1421/1130 1136/1416/1125 1143/1422/1131
f 1144/1417/1126 1143/1422/1131 1136/1416/1125
f 1143/1422/1131 1144/1417/1126 1153/1423/1132
f 1153/1423/1132 1144/1417/1126 1145/1424/1133
f 1132/1411/1120 1145/1424/1133 1144/1417/1126
f 1133/1412/1121 1145/1424/1133 1132/1411/1120
f 1138/1418/1127 1145/1424/1133 1133/1412/1121
f 1145/1424/1133 1138/1418/1127 1146/1425/1134
f 1139/1419/1128 1146/1425/1134 1138/1418/1127
f 1146/1425/1134 1139/1419/1128 1147/1426/1135
f 1147/1426/1135 1139/1419/1128 1148/1427/1136
f 1141/1420/1129 1148/1427/1136 1139/1419/1128
f 1148/1427/1136 1141/1420/1129 1149/1428/1137
f 1142/1421/1130 1149/1428/1137 1141/1420/1129
f 1149/1428/1137 1142/1421/1130 1150/1429/1138
f 1143/1422/1131 1150/1429/1138 1142/1421/1130
f 1150/1429/1138 1143/1422/1131 1151/1430/1139
f 1153/1423/1132 1151/1430/1139 1143/1422/1131
f 1151/1430/1139 1153/1423/1132 1152/1431/1140
f 1152/1431/1140 1153/1423/1132 1146/1425/1134
f 1145/1424/1133 1146/1425/1134 1153/1423/1132
f 1146/1425/1134 1147/1426/1135 1152/1431/1140
f 1152/1431/1140 1147/1426/1135 1160/1432/1141
f 1160/1432/1141 1147/1426/1135 1154/1433/1142
f 1148/1427/1136 1154/1433/1142 1147/1426/1135
f 1154/1433/1142 1148/1427/1136 1155/1434/1143
f 1149/1428/1137 1155/1434/1143 1148/1427/1136
f 1155/1434/1143 1149/1428/1137 1156/1435/1144
f 1150/1429/1138 1156/1435/1144 1149/1428/1137
f 1156/1435/1144 1150/1429/1138 1157/1436/1145
f 1151/1430/1139 1157/1436/1145 1150/1429/1138
f 1157/1436/1145 1151/1430/1139 1158/1437/1146
f 1152/1431/1140 1158/1437/1146 1151/1430/1139
f 1160/1432/1141 1158/1437/1146 1152/1431/1140
f 1158/1437/1146 1160/1432/1141 1159/1438/1147
f 1159/1438/1147 1160/1432/1141 1161/1439/1148
f 1154/1433/1142 1161/1439/1148 1160/1432/1141
f 1161/1439/1148 1154/1433/1142 1162/1440/1149
f 1155/1434/1143 1162/1440/1149 1154/1433/1142
f 1162/1440/1149 1155/1434/1143 1163/1441/1150
f 1156/1435/1144 1163/1441/1150 1155/1434/1143
f 1163/1441/1150 1156/1435/1144 1164/1442/1151
f 1157/1436/1145 1164/1442/1151 1156/1435/1144
f 1164/1442/1151 1157/1436/1145 1165/1443/1152
f 1158/1437/1146 1165/1443/1152 1157/1436/1145
f 1159/1438/1147 1165/1443/1152 1158/1437/1146
f 1165/1443/1152 1159/1438/1147 1171/1444/1153
f 1171/1444/1153 1159/1438/1147 1166/1445/1154
f 1161/1439/1148 1166/1445/1154 1159/1438/1147
f 1166/1445/1154 1161/1439/1148 1167/1446/1155
f 1162/1440/1149 1167/1446/1155 1161/1439/1148
f 1167/1446/1155 1162/1440/1149 1168/1447/1156
f 1163/1441/1150 1168/1447/1156 1162/1440/1149
f 1168/1447/1156 1163/1441/1150 1169/1448/1157
f 1164/1442/1151 1169/1448/1157 1163/1441/1150
f 1169/1448/1157 1164/1442/1151 1170/1449/1158
f 1165/1443/1152 1170/1449/1158 1164/1442/1151
f 1171/1444/1153 1170/1449/1158 1165/1443/1152
f 1170/1449/1158 1171/1444/1153 1178/1450/1159
f 1178/1450/1159 1171/1444/1153 1172/1451/1160
f 1166/1445/1154 1172/1451/1160 1171/1444/1153
f 1172/1451/1160 1166/1445/1154 1173/1452/1161
f 1167/1446/1155 1173/1452/1161 1166/1445/1154
f 1173/1452/1161 1167/1446/1155 1174/1453/1162
f 1168/1447/1156 1174/1453/1162 1167/1446/1155
f 1174/1453/1162 1168/1447/1156 1175/1454/1163
f 1169/1448/1157 1175/1454/1163 1168/1447/1156
f 1175/1454/1163 1169/1448/1157 1176/1455/1164
f 1170/1449/1158 1176/1455/1164 1169/1448/1157
f 1178/1450/1159 1176/1455/1164 1170/1449/1158
f 1176/1455/1164 1178/1450/1159 1177/1456/1165
f 1177/1456/1165 1178/1450/1159 1182/1457/1166
f 1172/1451/1160 1182/1457/1166 1178/1450/1159
f 1182/1457/1166 1172/1451/1160 1183/1458/1167
f 1173/1452/1161 1183/1458/1167 1172/1451/1160
f 1183/1458/1167 1173/1452/1161 1179/1459/1168
f 1174/1453/1162 1179/1459/1168 1173/1452/1161
f 1179/1459/1168 1174/1453/1162 1180/1460/1169
f 1175/1454/1163 1180/1460/1169 1174/1453/1162
f 1180/1460/1169 1175/1454/1163 1181/1461/1170
f 1176/1455/1164 1181/1461/1170 1175/1454/1163
f 1177/1456/1165 1181/1461/1170 1176/1455/1164
f 1181/1461/1170 1177/1456/1165 1184/1462/1171
f 1182/1457/1166 1184/1462/1171 1177/1456/1165
f 1183/1458/1167 1184/1462/1171 1182/1457/1166
f 1179/1459/1168 1184/1462/1171 1183/1458/1167
f 1180/1460/1169 1184/1462/1171 1179/1459/1168
f 1184/1462/1171 1180/1460/1169 1181/1461/1170
f 1190/1463/1172 1186/1464/1173 1185/1465/1174
f 1185/1465/1174 1186/1464/1173 1192/1466/1175
f 1192/1466/1175 1186/1464/1173 1187/1467/1176
f 1187/1467/1176 1186/1464/1173 1195/1468/1177
f 1195/1468/1177 1186/1464/1173 1188/1469/1178
f 1188/1469/1178 1186/1464/1173 1189/1470/1179
f 1190/1463/1172 1189/1470/1179 1186/1464/1173
f 1189/1470/1179 1190/1463/1172 1196/1471/1180
f 1196/1471/1180 1190/1463/1172 1191/1472/1181
f 1185/1465/1174 1191/1472/1181 1190/1463/1172
f 1192/1466/1175 1191/1472/1181 1185/1465/1174
f 1191/1472/1181 1192/1466/1175 1198/1473/1182
f 1198/1473/1182 1192/1466/1175 1193/1474/1183
f 1187/1467/1176 1193/1474/1183 1192/1466/1175
f 1193/1474/1183 1187/1467/1176 1200/1475/1184
f 1200/1475/1184 1187/1467/1176 1194/1476/1185
f 1195/1468/1177 1194/1476/1185 1187/1467/1176
f 1188/1469/1178 1194/1476/1185 1195/1468/1177
f 1194/1476/1185 1188/1469/1178 1202/1477/1186
f 1189/1470/1179 1202/1477/1186 1188/1469/1178
f 1196/1471/1180 1202/1477/1186 1189/1470/1179
f 1202/1477/1186 1196/1471/1180 1204/1478/1187
f 1204/1478/1187 1196/1471/1180 1197/1479/1188
f 1191/1472/1181 1197/1479/1188 1196/1471/1180
f 1198/1473/1182 1197/1479/1188 1191/1472/1181
f 1197/1479/1188 1198/1473/1182 1199/1480/1189
f 1199/1480/1189 1198/1473/1182 1209/1481/1190
f 1193/1474/1183 1209/1481/1190 1198/1473/1182
f 1209/1481/1190 1193/1474/1183 1210/1482/1191
f 1200/1475/1184 1210/1482/1191 1193/1474/1183
f 1210/1482/1191 1200/1475/1184 1212/1483/1192
f 1212/1483/1192 1200/1475/1184 1201/1484/1193
f 1194/1476/1185 1201/1484/1193 1200/1475/1184
f 1202/1477/1186 1201/1484/1193 1194/1476/1185
f 1204/1478/1187 1201/1484/1193 1202/1477/1186
f 1201/1484/1193 1204/1478/1187 1203/1485/1194
f 1203/1485/1194 1204/1478/1187 1205/1486/1195
f 1197/1479/1188 1205/1486/1195 1204/1478/1187
f 1199/1480/1189 1205/1486/1195 1197/1479/1188
f 1205/1486/1195 1199/1480/1189 1227/1487/1196
f 1227/1487/1196 1199/1480/1189 1206/1488/1197
f 1209/1481/1190 1206/1488/1197 1199/1480/1189
f 1206/1488/1197 1209/1481/1190 1207/1489/1198
f 1207/1489/1198 1209/1481/1190 1208/1490/1199
f 1208/1490/1199 1209/1481/1190 1233/1491/1200
f 1233/1491/1200 1209/1481/1190 1213/1492/1201
f 1210/1482/1191 1213/1492/1201 1209/1481/1190
f 1213/1492/1201 1210/1482/1191 1216/1493/1202
f 1216/1493/1202 1210/1482/1191 1219/1494/1203
f 1219/1494/1203 1210/1482/1191 1211/1495/1204
f 1212/1483/1192 1211/1495/1204 1210/1482/1191
f 1211/1495/1204 1212/1483/1192 1222/1496/1205
f 1222/1496/1205 1212/1483/1192 1203/1485/1194
f 1201/1484/1193 1203/1485/1194 1212/1483/1192
f 1233/1491/1200 1213/1492/1201 1234/1497/1206
f 1234/1497/1206 1213/1492/1201 1238/1498/1207
f 1238/1498/1207 1213/1492/1201 1214/1499/1208
f 1216/1493/1202 1214/1499/1208 1213/1492/1201
f 1214/1499/1208 1216/1493/1202 1215/1500/1209
f 1215/1500/1209 1216/1493/1202 1244/1501/1210
f 1244/1501/1210 1216/1493/1202 1217/1502/1211
f 1219/1494/1203 1217/1502/1211 1216/1493/1202
f 1217/1502/1211 1219/1494/1203 1218/1503/1212
f 1218/1503/1212 1219/1494/1203 1220/1504/1213
f 1211/1495/1204 1220/1504/1213 1219/1494/1203
f 1220/1504/1213 1211/1495/1204 1221/1505/1214
f 1222/1496/1205 1221/1505/1214 1211/1495/1204
f 1221/1505/1214 1222/1496/1205 1223/1506/1215
f 1223/1506/1215 1222/1496/1205 1243/1507/1216
f 1203/1485/1194 1243/1507/1216 1222/1496/1205
f 1243/1507/1216 1203/1485/1194 1224/1508/1217
f 1224/1508/1217 1203/1485/1194 1225/1509/1218
f 1225/1509/1218 1203/1485/1194 1256/1510/1219
f 1205/1486/1195 1256/1510/1219 1203/1485/1194
f 1256/1510/1219 1205/1486/1195 1276/1511/1220
f 1276/1511/1220 1205/1486/1195 1226/1512/1221
f 1227/1487/1196 1226/1512/1221 1205/1486/1195
f 1226/1512/1221 1227/1487/1196 1280/1513/1222
f 1280/1513/1222 1227/1487/1196 1228/1514/1223
f 1206/1488/1197 1228/1514/1223 1227/1487/1196
f 1228/1514/1223 1206/1488/1197 1229/1515/1224
f 1207/1489/1198 1229/1515/1224 1206/1488/1197
f 1229/1515/1224 1207/1489/1198 1230/1516/1225
f 1230/1516/1225 1207/1489/1198 1231/1517/1226
f 1208/1490/1199 1231/1517/1226 1207/1489/1198
f 1231/1517/1226 1208/1490/1199 1232/1518/1227
f 1232/1518/1227 1208/1490/1199 1253/1519/1228
f 1233/1491/1200 1253/1519/1228 1208/1490/1199
f 1234/1497/1206 1253/1519/1228 1233/1491/1200
f 1253/1519/1228 1234/1497/1206 1235/1520/1229
f 1235/1520/1229 1234/1497/1206 1236/1521/1230
f 1237/1522/1231 1236/1521/1230 1234/1497/1206
f 1234/1497/1206 1238/1498/1207 1237/1522/1231
f 1237/1522/1231 1238/1498/1207 1239/1523/1232
f 1239/1523/1232 1238/1498/1207 1240/1524/1233
f 1240/1524/1233 1238/1498/1207 1241/1525/1234
f 1214/1499/1208 1241/1525/1234 1238/1498/1207
f 1241/1525/1234 1214/1499/1208 1242/1526/1235
f 1215/1500/1209 1242/1526/1235 1214/1499/1208
f 1242/1526/1235 1215/1500/1209 1266/1527/1236
f 1266/1527/1236 1215/1500/1209 1224/1508/1217
f 1244/1501/1210 1224/1508/1217 1215/1500/1209
f 1224/1508/1217 1244/1501/1210 1243/1507/1216
f 1243/1507/1216 1244/1501/1210 1252/1528/1237
f 1245/1529/1238 1252/1528/1237 1244/1501/1210
f 1244/1501/1210 1217/1502/1211 1245/1529/1238
f 1218/1503/1212 1245/1529/1238 1217/1502/1211
f 1245/1529/1238 1218/1503/1212 1249/1530/1239
f 1249/1530/1239 1218/1503/1212 1246/1531/1240
f 1220/1504/1213 1246/1531/1240 1218/1503/1212
f 1246/1531/1240 1220/1504/1213 1247/1532/1241
f 1221/1505/1214 1247/1532/1241 1220/1504/1213
f 1247/1532/1241 1221/1505/1214 1248/1533/1242
f 1223/1506/1215 1248/1533/1242 1221/1505/1214
f 1248/1533/1242 1223/1506/1215 1250/1534/1243
f 1250/1534/1243 1223/1506/1215 1252/1528/1237
f 1243/1507/1216 1252/1528/1237 1223/1506/1215
f 1247/1532/1241 1248/1533/1242 1246/1531/1240
f 1250/1534/1243 1246/1531/1240 1248/1533/1242
f 1246/1531/1240 1250/1534/1243 1249/1530/1239
f 1249/1530/1239 1250/1534/1243 1251/1535/1244
f 1252/1528/1237 1251/1535/1244 1250/1534/1243
f 1245/1529/1238 1251/1535/1244 1252/1528/1237
f 1251/1535/1244 1245/1529/1238 1249/1530/1239
f 1235/1520/1229 1255/1536/1245 1253/1519/1228
f 1253/1519/1228 1255/1536/1245 1254/1537/1246
f 1254/1537/1246 1255/1536/1245 1256/1510/1219
f 1256/1510/1219 1255/1536/1245 1257/1538/1247
f 1257/1538/1247 1255/1536/1245 1287/1539/1248
f 1287/1539/1248 1255/1536/1245 1258/1540/1249
f 1235/1520/1229 1258/1540/1249 1255/1536/1245
f 1236/1521/1230 1258/1540/1249 1235/1520/1229
f 1258/1540/1249 1236/1521/1230 1291/1541/1250
f 1291/1541/1250 1236/1521/1230 1259/1542/1251
f 1237/1522/1231 1259/1542/1251 1236/1521/1230
f 1259/1542/1251 1237/1522/1231 1260/1543/1252
f 1239/1523/1232 1260/1543/1252 1237/1522/1231
f 1260/1543/1252 1239/1523/1232 1261/1544/1253
f 1261/1544/1253 1239/1523/1232 1288/1545/1254
f 1240/1524/1233 1288/1545/1254 1239/1523/1232
f 1288/1545/1254 1240/1524/1233 1257/1538/1247
f 1257/1538/1247 1240/1524/1233 1256/1510/1219
f 1256/1510/1219 1240/1524/1233 1262/1546/1255
f 1241/1525/1234 1262/1546/1255 1240/1524/1233
f 1262/1546/1255 1241/1525/1234 1263/1547/1256
f 1242/1526/1235 1263/1547/1256 1241/1525/1234
f 1263/1547/1256 1242/1526/1235 1264/1548/1257
f 1264/1548/1257 1242/1526/1235 1272/1549/1258
f 1266/1527/1236 1272/1549/1258 1242/1526/1235
f 1272/1549/1258 1266/1527/1236 1265/1550/1259
f 1265/1550/1259 1266/1527/1236 1267/1551/1260
f 1224/1508/1217 1267/1551/1260 1266/1527/1236
f 1267/1551/1260 1224/1508/1217 1225/1509/1218
f 1256/1510/1219 1262/1546/1255 1225/1509/1218
f 1225/1509/1218 1262/1546/1255 1268/1552/1261
f 1263/1547/1256 1268/1552/1261 1262/1546/1255
f 1268/1552/1261 1263/1547/1256 1269/1553/1262
f 1264/1548/1257 1269/1553/1262 1263/1547/1256
f 1269/1553/1262 1264/1548/1257 1270/1554/1263
f 1270/1554/1263 1264/1548/1257 1271/1555/1264
f 1272/1549/1258 1271/1555/1264 1264/1548/1257
f 1265/1550/1259 1271/1555/1264 1272/1549/1258
f 1271/1555/1264 1265/1550/1259 1273/1556/1265
f 1273/1556/1265 1265/1550/1259 1274/1557/1266
f 1267/1551/1260 1274/1557/1266 1265/1550/1259
f 1274/1557/1266 1267/1551/1260 1268/1552/1261
f 1225/1509/1218 1268/1552/1261 1267/1551/1260
f 1271/1555/1264 1273/1556/1265 1270/1554/1263
f 1270/1554/1263 1273/1556/1265 1275/1558/1267
f 1274/1557/1266 1275/1558/1267 1273/1556/1265
f 1275/1558/1267 1274/1557/1266 1269/1553/1262
f 1268/1552/1261 1269/1553/1262 1274/1557/1266
f 1256/1510/1219 1276/1511/1220 1254/1537/1246
f 1254/1537/1246 1276/1511/1220 1253/1519/1228
f 1253/1519/1228 1276/1511/1220 1232/1518/1227
f 1232/1518/1227 1276/1511/1220 1277/1559/1268
f 1226/1512/1221 1277/1559/1268 1276/1511/1220
f 1277/1559/1268 1226/1512/1221 1278/1560/1269
f 1280/1513/1222 1278/1560/1269 1226/1512/1221
f 1278/1560/1269 1280/1513/1222 1279/1561/1270
f 1279/1561/1270 1280/1513/1222 1281/1562/1271
f 1228/1514/1223 1281/1562/1271 1280/1513/1222
f 1281/1562/1271 1228/1514/1223 1282/1563/1272
f 1229/1515/1224 1282/1563/1272 1228/1514/1223
f 1282/1563/1272 1229/1515/1224 1283/1564/1273
f 1230/1516/1225 1283/1564/1273 1229/1515/1224
f 1283/1564/1273 1230/1516/1225 1286/1565/1274
f 1286/1565/1274 1230/1516/1225 1284/1566/1275
f 1231/1517/1226 1284/1566/1275 1230/1516/1225
f 1284/1566/1275 1231/1517/1226 1277/1559/1268
f 1232/1518/1227 1277/1559/1268 1231/1517/1226
f 1281/1562/1271 1282/1563/1272 1279/1561/1270
f 1283/1564/1273 1279/1561/1270 1282/1563/1272
f 1279/1561/1270 1283/1564/1273 1285/1567/1276
f 1286/1565/1274 1285/1567/1276 1283/1564/1273
f 1284/1566/1275 1285/1567/1276 1286/1565/1274
f 1285/1567/1276 1284/1566/1275 1278/1560/1269
f 1277/1559/1268 1278/1560/1269 1284/1566/1275
f 1257/1538/1247 1287/1539/1248 1288/1545/1254
f 1288/1545/1254 1287/1539/1248 1289/1568/1277
f 1289/1568/1277 1287/1539/1248 1290/1569/1278
f 1258/1540/1249 1290/1569/1278 1287/1539/1248
f 1291/1541/1250 1290/1569/1278 1258/1540/1249
f 1290/1569/1278 1291/1541/1250 1292/1570/1279
f 1292/1570/1279 1291/1541/1250 1293/1571/1280
f 1259/1542/1251 1293/1571/1280 1291/1541/1250
f 1293/1571/1280 1259/1542/1251 1294/1572/1281
f 1260/1543/1252 1294/1572/1281 1259/1542/1251
f 1294/1572/1281 1260/1543/1252 1295/1573/1282
f 1261/1544/1253 1295/1573/1282 1260/1543/1252
f 1295/1573/1282 1261/1544/1253 1302/1574/1283
f 1302/1574/1283 1261/1544/1253 1289/1568/1277
f 1288/1545/1254 1289/1568/1277 1261/1544/1253
f 1289/1568/1277 1290/1569/1278 1296/1575/1284
f 1292/1570/1279 1296/1575/1284 1290/1569/1278
f 1296/1575/1284 1292/1570/1279 1297/1576/1285
f 1297/1576/1285 1292/1570/1279 1298/1577/1286
f 1293/1571/1280 1298/1577/1286 1292/1570/1279
f 1298/1577/1286 1293/1571/1280 1299/1578/1287
f 1294/1572/1281 1299/1578/1287 1293/1571/1280
f 1299/1578/1287 1294/1572/1281 1300/1579/1288
f 1295/1573/1282 1300/1579/1288 1294/1572/1281
f 1300/1579/1288 1295/1573/1282 1301/1580/1289
f 1302/1574/1283 1301/1580/1289 1295/1573/1282
f 1301/1580/1289 1302/1574/1283 1306/1581/1290
f 1306/1581/1290 1302/1574/1283 1296/1575/1284
f 1289/1568/1277 1296/1575/1284 1302/1574/1283
f 1296/1575/1284 1297/1576/1285 1306/1581/1290
f 1306/1581/1290 1297/1576/1285 1308/1582/1291
f 1308/1582/1291 1297/1576/1285 1303/1583/1292
f 1298/1577/1286 1303/1583/1292 1297/1576/1285
f 1303/1583/1292 1298/1577/1286 1319/1584/1293
f 1299/1578/1287 1319/1584/1293 1298/1577/1286
f 1319/1584/1293 1299/1578/1287 1304/1585/1294
f 1300/1579/1288 1304/1585/1294 1299/1578/1287
f 1304/1585/1294 1300/1579/1288 1310/1586/1295
f 1301/1580/1289 1310/1586/1295 1300/1579/1288
f 1310/1586/1295 1301/1580/1289 1305/1587/1296
f 1306/1581/1290 1305/1587/1296 1301/1580/1289
f 1308/1582/1291 1305/1587/1296 1306/1581/1290
f 1305/1587/1296 1308/1582/1291 1307/1588/1297
f 1307/1588/1297 1308/1582/1291 1309/1589/1298
f 1303/1583/1292 1309/1589/1298 1308/1582/1291
f 1309/1589/1298 1303/1583/1292 1318/1590/1299
f 1319/1584/1293 1318/1590/1299 1303/1583/1292
f 1307/1588/1297 1312/1591/1300 1305/1587/1296
f 1305/1587/1296 1312/1591/1300 1310/1586/1295
f 1310/1586/1295 1312/1591/1300 1311/1592/1301
f 1311/1592/1301 1312/1591/1300 1313/1593/1302
f 1313/1593/1302 1312/1591/1300 1314/1594/1303
f 1307/1588/1297 1314/1594/1303 1312/1591/1300
f 1314/1594/1303 1307/1588/1297 1315/1595/1304
f 1309/1589/1298 1315/1595/1304 1307/1588/1297
f 1315/1595/1304 1309/1589/1298 1316/1596/1305
f 1309/1589/1298 1318/1590/1299 1316/1596/1305
f 1316/1596/1305 1318/1590/1299 1317/1597/1306
f 1317/1597/1306 1318/1590/1299 1320/1598/1307
f 1319/1584/1293 1320/1598/1307 1318/1590/1299
f 1304/1585/1294 1320/1598/1307 1319/1584/1293
f 1320/1598/1307 1304/1585/1294 1311/1592/1301
f 1310/1586/1295 1311/1592/1301 1304/1585/1294
f 1320/1598/1307 1311/1592/1301 1321/1599/1308
f 1313/1593/1302 1321/1599/1308 1311/1592/1301
f 1321/1599/1308 1313/1593/1302 1327/1600/1309
f 1327/1600/1309 1313/1593/1302 1322/1601/1310
f 1314/1594/1303 1322/1601/1310 1313/1593/1302
f 1322/1601/1310 1314/1594/1303 1323/1602/1311
f 1315/1595/1304 1323/1602/1311 1314/1594/1303
f 1323/1602/1311 1315/1595/1304 1324/1603/1312
f 1316/1596/1305 1324/1603/1312 1315/1595/1304
f 1324/1603/1312 1316/1596/1305 1325/1604/1313
f 1317/1597/1306 1325/1604/1313 1316/1596/1305
f 1325/1604/1313 1317/1597/1306 1326/1605/1314
f 1326/1605/1314 1317/1597/1306 1321/1599/1308
f 1320/1598/1307 1321/1599/1308 1317/1597/1306
f 1321/1599/1308 1327/1600/1309 1326/1605/1314
f 1326/1605/1314 1327/1600/1309 1333/1606/1315
f 1333/1606/1315 1327/1600/1309 1328/1607/1316
f 1322/1601/1310 1328/1607/1316 1327/1600/1309
f 1328/1607/1316 1322/1601/1310 1329/1608/1317
f 1323/1602/1311 1329/1608/1317 1322/1601/1310
f 1329/1608/1317 1323/1602/1311 1330/1609/1318
f 1324/1603/1312 1330/1609/1318 1323/1602/1311
f 1330/1609/1318 1324/1603/1312 1331/1610/1319
f 1325/1604/1313 1331/1610/1319 1324/1603/1312
f 1331/1610/1319 1325/1604/1313 1337/1611/1320
f 1326/1605/1314 1337/1611/1320 1325/1604/1313
f 1333/1606/1315 1337/1611/1320 1326/1605/1314
f 1337/1611/1320 1333/1606/1315 1332/1612/1321
f 1332/1612/1321 1333/1606/1315 1334/1613/1322
f 1328/1607/1316 1334/1613/1322 1333/1606/1315
f 1334/1613/1322 1328/1607/1316 1338/1614/1323
f 1329/1608/1317 1338/1614/1323 1328/1607/1316
f 1338/1614/1323 1329/1608/1317 1340/1615/1324
f 1330/1609/1318 1340/1615/1324 1329/1608/1317
f 1340/1615/1324 1330/1609/1318 1335/1616/1325
f 1331/1610/1319 1335/1616/1325 1330/1609/1318
f 1335/1616/1325 1331/1610/1319 1336/1617/1326
f 1337/1611/1320 1336/1617/1326 1331/1610/1319
f 1332/1612/1321 1336/1617/1326 1337/1611/1320
f 1336/1617/1326 1332/1612/1321 1339/1618/1327
f 1334/1613/1322 1339/1618/1327 1332/1612/1321
f 1338/1614/1323 1339/1618/1327 1334/1613/1322
f 1340/1615/1324 1339/1618/1327 1338/1614/1323
f 1335/1616/1325 1339/1618/1327 1340/1615/1324
f 1339/1618/1327 1335/1616/1325 1336/1617/1326
f 1278/1560/1269 1279/1561/1270 1285/1567/1276
f 1269/1553/1262 1270/1554/1263 1275/1558/1267
f 641/747/691 643/743/687 638/744/688
f 395/423/423 396/425/425 400/429/429
f 395/423/423 401/430/430 394/422/422
f 388/414/414 394/422/422 392/419/419
f 494/549/542 513/1305/563 415/446/446
f 554/632/604 555/633/605 556/634/606
f 509/567/560 420/454/454 526/1282/583
f 953/1196/965 750/886/784 751/887/785
f 469/524/517 470/525/518 512/1619/562
f 259/777/280 693/778/709 268/822/287
f 743/845/752 696/824/739 697/825/740
f 1347/1620/1328 1348/1621/1329 1349/1622/1330
f 1349/1622/1330 1348/1621/1329 1350/1623/1331
f 1351/1624/1332 1350/1623/1331 1348/1621/1329
f 1350/1623/1331 1351/1624/1332 1376/1625/1333
f 1352/1626/1334 1376/1625/1333 1351/1624/1332
f 1376/1625/1333 1352/1626/1334 1353/1627/1335
f 1354/1628/1336 1353/1627/1335 1352/1626/1334
f 1353/1627/1335 1354/1628/1336 1377/1629/1337
f 1356/1630/1338 1377/1629/1337 1354/1628/1336
f 1377/1629/1337 1356/1630/1338 1355/1631/1339
f 1355/1631/1339 1356/1630/1338 1357/1632/1340
f 1357/1632/1340 1356/1630/1338 1358/1633/1341
f 1358/1633/1341 1356/1630/1338 1359/1634/1342
f 1359/1634/1342 1356/1630/1338 1361/1635/1343
f 1360/1636/1344 1361/1635/1343 1356/1630/1338
f 1362/1637/1345 1361/1635/1343 1360/1636/1344
f 1361/1635/1343 1362/1637/1345 1363/1638/1346
f 1364/1639/1347 1363/1638/1346 1362/1637/1345
f 1363/1638/1346 1364/1639/1347 1365/1640/1348
f 1366/1641/1349 1365/1640/1348 1364/1639/1347
f 1365/1640/1348 1366/1641/1349 1367/1642/1350
f 1368/1643/1351 1367/1642/1350 1366/1641/1349
f 1387/1644/1352 1367/1642/1350 1368/1643/1351
f 1367/1642/1350 1387/1644/1352 1369/1645/1353
f 1370/1646/1354 1369/1645/1353 1387/1644/1352
f 1369/1645/1353 1370/1646/1354 1371/1647/1355
f 1372/1648/1356 1371/1647/1355 1370/1646/1354
f 1371/1647/1355 1372/1648/1356 1382/1649/1357
f 1373/1650/1358 1382/1649/1357 1372/1648/1356
f 1382/1649/1357 1373/1650/1358 1375/1651/1359
f 1374/1652/1360 1375/1651/1359 1373/1650/1358
f 1375/1651/1359 1374/1652/1360 1350/1623/1331
f 1349/1622/1330 1350/1623/1331 1374/1652/1360
f 1350/1623/1331 1376/1625/1333 1375/1651/1359
f 1375/1651/1359 1376/1625/1333 1383/1653/1361
f 1353/1627/1335 1383/1653/1361 1376/1625/1333
f 1383/1653/1361 1353/1627/1335 1378/1654/1362
f 1377/1629/1337 1378/1654/1362 1353/1627/1335
f 1355/1631/1339 1378/1654/1362 1377/1629/1337
f 1378/1654/1362 1355/1631/1339 1379/1655/1363
f 1357/1632/1340 1379/1655/1363 1355/1631/1339
f 1379/1655/1363 1357/1632/1340 1380/1656/1364
f 1358/1633/1341 1380/1656/1364 1357/1632/1340
f 1380/1656/1364 1358/1633/1341 1381/1657/1365
f 1359/1634/1342 1381/1657/1365 1358/1633/1341
f 1381/1657/1365 1359/1634/1342 1363/1638/1346
f 1361/1635/1343 1363/1638/1346 1359/1634/1342
f 1375/1651/1359 1383/1653/1361 1382/1649/1357
f 1382/1649/1357 1383/1653/1361 1384/1658/1366
f 1378/1654/1362 1384/1658/1366 1383/1653/1361
f 1379/1655/1363 1384/1658/1366 1378/1654/1362
f 1384/1658/1366 1379/1655/1363 1385/1659/1367
f 1380/1656/1364 1385/1659/1367 1379/1655/1363
f 1385/1659/1367 1380/1656/1364 1386/1660/1368
f 1381/1657/1365 1386/1660/1368 1380/1656/1364
f 1386/1660/1368 1381/1657/1365 1365/1640/1348
f 1363/1638/1346 1365/1640/1348 1381/1657/1365
f 1382/1649/1357 1384/1658/1366 1371/1647/1355
f 1385/1659/1367 1371/1647/1355 1384/1658/1366
f 1371/1647/1355 1385/1659/1367 1369/1645/1353
f 1386/1660/1368 1369/1645/1353 1385/1659/1367
f 1369/1645/1353 1386/1660/1368 1367/1642/1350
f 1365/1640/1348 1367/1642/1350 1386/1660/1368
f 1368/1643/1351 1388/1661/1369 1387/1644/1352
f 1387/1644/1352 1388/1661/1369 1389/1662/1370
f 1390/1663/1371 1389/1662/1370 1388/1661/1369
f 1391/1664/1372 1389/1662/1370 1390/1663/1371
f 1389/1662/1370 1391/1664/1372 1392/1665/1373
f 1346/1666/1374 1392/1665/1373 1391/1664/1372
f 1392/1665/1373 1346/1666/1374 1393/1667/1375
f 1345/1668/1376 1393/1667/1375 1346/1666/1374
f 1393/1667/1375 1345/1668/1376 1394/1669/1377
f 1344/1670/1378 1394/1669/1377 1345/1668/1376
f 1394/1669/1377 1344/1670/1378 1395/1671/1379
f 1343/1672/1380 1395/1671/1379 1344/1670/1378
f 1395/1671/1379 1343/1672/1380 1396/1673/1381
f 1342/1674/1382 1396/1673/1381 1343/1672/1380
f 1396/1673/1381 1342/1674/1382 1397/1675/1383
f 1341/1676/1384 1397/1675/1383 1342/1674/1382
f 1397/1675/1383 1347/1620/1328 1396/1673/1381
f 1349/1622/1330 1396/1673/1381 1347/1620/1328
f 1396/1673/1381 1349/1622/1330 1395/1671/1379
f 1374/1652/1360 1395/1671/1379 1349/1622/1330
f 1395/1671/1379 1374/1652/1360 1394/1669/1377
f 1373/1650/1358 1394/1669/1377 1374/1652/1360
f 1394/1669/1377 1373/1650/1358 1393/1667/1375
f 1372/1648/1356 1393/1667/1375 1373/1650/1358
f 1393/1667/1375 1372/1648/1356 1392/1665/1373
f 1370/1646/1354 1392/1665/1373 1372/1648/1356
f 1392/1665/1373 1370/1646/1354 1389/1662/1370
f 1387/1644/1352 1389/1662/1370 1370/1646/1354
