# Blender v2.79 (sub 0) OBJ File: ''
# www.blender.org
mtllib spongebob.mtl
o spongebob_smd_mesh.010
v 4.236688 4.046608 0.069895
v 3.626321 4.046950 0.069805
v 3.626321 4.121488 -0.059084
v 3.465656 4.047502 0.069805
v 3.465678 4.122046 -0.059084
v 3.276340 4.047877 0.069805
v 3.276340 4.286224 0.136936
v 3.465646 4.278404 -0.024326
v 3.466272 4.285846 0.136936
v 4.236688 4.286188 0.137503
v 4.409863 4.279483 -0.039257
v 4.409864 4.123468 0.223723
v 4.409864 4.287088 0.149464
v 4.236688 4.123387 0.199891
v 3.626322 4.285288 0.136936
v 3.626321 4.123315 0.198694
v 3.466646 4.123874 0.198694
v 3.276340 4.124251 0.198694
v 2.611645 4.127635 0.201897
v 5.806483 4.343689 0.127253
v 5.793894 4.342538 -0.027790
v 5.315353 4.496942 0.121105
v 5.315210 4.489733 -0.029231
v 4.948792 4.467403 0.181072
v 4.567166 4.425599 0.072874
v 4.948459 4.460483 -0.097595
v 5.280749 4.462715 -0.303965
v 5.754869 4.217789 -0.208583
v 5.697368 4.353491 -0.348875
v 5.721444 4.200886 -0.375272
v 2.611645 4.045898 0.069804
v 2.611645 4.125817 -0.062289
v 2.611645 4.275200 -0.023985
v 3.208788 4.417510 -0.141578
v 3.208786 4.523402 0.067573
v 2.611645 4.273705 0.149004
v 3.276340 4.278782 -0.024326
v 3.276340 4.122426 -0.059084
v 3.626321 4.277854 -0.024326
v 4.236688 4.278672 -0.025181
v 4.236689 4.121570 -0.060101
v 4.409863 4.121641 -0.073979
v 4.973552 4.421081 -0.248966
v 4.622974 4.107052 -0.218528
v 4.593553 4.363750 -0.191375
v 5.278778 4.332080 -0.356525
v 5.529770 4.426463 -0.351584
v 5.288651 4.473821 0.245899
v 5.289065 4.332116 0.229546
v 5.579855 4.435301 0.254387
v 5.264854 4.239767 0.312679
v 5.569127 4.286819 0.237305
v 5.769557 4.202353 0.293375
v 5.296445 4.332080 -0.107873
v 5.271523 4.237489 -0.219365
v 5.493653 4.156345 -0.256148
v 5.641766 4.155725 -0.282491
v 5.514174 4.290914 -0.406484
v 4.994098 4.232891 -0.287423
v 4.987330 4.143961 -0.077714
v 4.409863 4.046266 0.069805
v 4.840198 3.966625 0.330005
v 4.991615 4.143295 0.164674
v 4.630427 3.977597 0.038467
v 5.272028 4.345004 0.426872
v 5.525585 4.181258 0.352396
v 5.527772 4.301453 0.489476
v 5.544116 4.425014 0.441821
v 5.713082 4.353491 0.419681
v 5.737220 4.200886 0.457607
v 5.747498 4.360160 0.310421
v 5.275403 4.459888 0.377920
v 4.953617 4.416410 0.388684
v 5.034788 4.141963 0.586478
v 4.598855 4.320776 0.417655
v 4.573690 4.091959 0.473833
v 4.627484 3.942191 0.365365
v 5.731172 4.361690 -0.238895
v 5.540237 4.288196 -0.132623
v 5.546792 4.432900 -0.175886
v 5.294591 4.470887 -0.149291
v 5.829173 4.169000 0.157853
v 5.619195 4.447279 0.152291
v 5.316199 4.331954 0.162757
v 4.992236 4.271536 0.181342
v 5.298776 4.215080 0.060193
v 5.607819 4.282751 0.194078
v 5.569092 4.133388 0.060698
v 5.827390 4.169621 -0.040156
v 5.712840 4.118690 0.060203
v 5.607765 4.282751 -0.076382
v 4.993064 4.271536 -0.080954
v 5.316182 4.331954 -0.046061
v 5.618123 4.440422 -0.059498
v 4.914313 4.142504 0.414389
v 4.960258 4.273580 0.419851
v 5.321365 4.071143 0.508898
v 5.245766 3.919060 0.471467
v 5.234498 3.882232 0.618086
v 5.374583 3.945503 0.627833
v 5.250248 3.960695 0.688844
v 5.294573 4.082159 0.652808
v 4.945912 4.030687 0.605702
v 4.950377 3.959741 0.552476
v 4.935752 3.979360 0.441245
v -2.609179 4.127638 0.201895
v -3.501547 4.047501 0.070859
v -4.267241 4.123388 0.199888
v -4.267241 4.046609 0.069892
v -4.407396 4.123468 0.223720
v -3.659557 4.285290 0.137992
v -3.503394 4.123874 0.199738
v -3.659546 4.123317 0.199750
v -3.504809 4.285848 0.137972
v -3.273873 4.124252 0.198691
v -2.609178 4.275200 -0.023987
v -3.273873 4.286225 0.136933
v -3.505568 4.278405 -0.023294
v -3.660749 4.277855 -0.023277
v -4.267241 4.286190 0.137500
v -4.407396 4.287088 0.149461
v -4.407395 4.279483 -0.039260
v -4.267241 4.278675 -0.025184
v -3.273873 4.278782 -0.024329
v -3.273873 4.122425 -0.059087
v -2.609179 4.125821 -0.062291
v -5.824922 4.169621 -0.040161
v -5.804016 4.343690 0.127248
v -5.791415 4.342538 -0.027795
v -5.616726 4.447280 0.152286
v -5.615654 4.440422 -0.059502
v -4.945992 4.460483 -0.097599
v -4.564699 4.425599 0.072871
v -4.946327 4.467404 0.181068
v -4.951140 4.416410 0.388680
v -5.286183 4.473821 0.245895
v -5.541647 4.425014 0.441816
v -5.767090 4.202354 0.293370
v -5.745030 4.360160 0.310416
v -5.710614 4.353491 0.419676
v -5.525304 4.301453 0.489471
v -5.272926 4.459889 0.377916
v -5.269559 4.345004 0.426867
v -4.957792 4.273580 0.419848
v -5.262377 4.239767 0.312675
v -5.734743 4.200887 0.457602
v -5.523117 4.181258 0.352392
v -3.206321 3.847926 0.067570
v -2.609178 4.273706 0.149002
v -3.206321 4.523405 0.067570
v -3.206319 4.349513 0.297403
v -2.609179 4.045899 0.069802
v -3.273873 4.047878 0.069802
v -3.505303 4.122047 -0.058051
v -3.659545 4.046951 0.070861
v -3.660442 4.121490 -0.058033
v -4.267242 4.121571 -0.060104
v -4.407396 4.046267 0.069802
v -4.407396 4.121642 -0.073982
v -4.837731 3.966625 0.330001
v -4.625017 3.942191 0.365362
v -5.232022 3.882232 0.618081
v -5.243298 3.919060 0.471463
v -4.947901 3.959741 0.552472
v -4.627959 3.977597 0.038464
v -4.620507 4.107052 -0.218532
v -4.971085 4.421081 -0.248970
v -5.276300 4.332080 -0.356529
v -5.278272 4.462715 -0.303969
v -5.527292 4.426463 -0.351588
v -5.511704 4.290914 -0.406488
v -5.718966 4.200886 -0.375276
v -5.694900 4.353491 -0.348879
v -5.728695 4.361690 -0.238899
v -5.292123 4.470887 -0.149295
v -4.591077 4.363750 -0.191378
v -4.989758 4.271536 0.181338
v -5.566659 4.286819 0.237300
v -5.073370 4.137932 0.475684
v -4.991632 4.232891 -0.287427
v -5.491176 4.156346 -0.256152
v -5.639288 4.155725 -0.282495
v -5.752401 4.217789 -0.208587
v -5.269056 4.237490 -0.219369
v -5.544321 4.432898 -0.175890
v -5.293977 4.332080 -0.107877
v -5.537769 4.288196 -0.132627
v -5.605349 4.282751 0.194073
v -5.296307 4.215080 0.060189
v -5.566618 4.133389 0.060693
v -5.710371 4.118690 0.060198
v -5.826705 4.169000 0.157848
v -5.605287 4.282751 -0.076386
v -5.312742 4.489733 -0.029235
v -5.313713 4.331954 -0.046065
v -4.990597 4.271536 -0.080958
v -4.984864 4.143961 -0.077718
v -5.313732 4.331954 0.162753
v -4.989148 4.143295 0.164670
v -5.312886 4.496942 0.121101
v -4.911847 4.142504 0.414385
v -4.933284 3.979360 0.441241
v -4.596387 4.320776 0.417652
v -4.571214 4.091959 0.473830
v -5.318889 4.071143 0.508893
v -4.943446 4.030687 0.605698
v -5.032320 4.141963 0.586474
v -5.247780 3.960695 0.688839
v -5.292097 4.082159 0.652803
v -5.372117 3.945503 0.627828
v -5.286597 4.332116 0.229542
v -5.577378 4.435301 0.254382
v 1.069007 0.009810 -0.138384
v 1.342994 0.009810 0.389782
v 1.312925 0.009810 0.017722
v 0.795524 0.009810 0.393327
v 0.782321 2.727946 0.306747
v 0.733658 2.167867 0.381312
v 0.675338 2.167309 -0.098217
v 0.736862 2.727946 -0.052011
v 1.069007 2.166742 0.491562
v 1.069007 2.166742 -0.356409
v 1.427657 2.060173 -0.065322
v 1.473557 2.167309 -0.098217
v 1.386509 2.727946 -0.052011
v 1.068080 2.727946 -0.251037
v 1.068080 2.865682 0.067572
v 1.068080 2.727946 0.386181
v 1.370363 2.060173 0.319059
v 1.069007 2.060173 0.425043
v 1.069007 1.901269 -0.083898
v 1.206221 1.585414 0.011061
v 1.040675 2.167867 0.222048
v 0.941585 1.735345 0.082863
v 1.040675 1.735345 0.219978
v 0.941585 1.585414 0.082863
v 1.040675 1.585414 0.219978
v 1.185413 2.167867 0.153495
v 1.206221 1.901269 0.011061
v 1.040675 1.901269 0.219978
v 1.397399 0.064485 0.716014
v 1.305923 0.101385 1.256221
v 1.436063 0.001215 1.045135
v 0.825080 0.009810 0.017721
v 0.695336 0.121464 0.134568
v 0.800942 0.119142 0.417492
v 0.740615 0.064485 0.716013
v 0.755411 0.258624 0.436024
v 0.618008 0.297154 1.035847
v 0.701951 0.001215 1.045135
v 0.794326 0.581338 1.309627
v 0.832082 0.101385 1.256221
v 1.069006 0.406954 1.434313
v 1.069007 0.198432 1.358119
v 1.519997 0.297153 1.035847
v 1.338251 0.119151 0.417493
v 1.414895 2.167867 0.381312
v 1.337666 2.727946 0.306747
v 0.941954 2.167867 0.082566
v 0.941586 1.901269 0.082863
v 1.069007 1.585414 -0.083898
v 1.069007 1.735345 -0.083898
v 1.069007 1.323703 -0.083898
v 1.206221 1.735345 0.011061
v 1.186619 1.901269 0.154656
v 1.186619 1.735345 0.154656
v 1.186619 1.585414 0.154656
v 1.186619 1.323703 0.154656
v 0.941586 0.776926 0.082863
v 0.941586 1.068625 0.082863
v 1.211432 0.671724 0.014319
v 1.206221 0.776925 0.011061
v 1.069007 0.669807 -0.083898
v 1.069007 0.776925 -0.083898
v 1.069007 1.068625 -0.083898
v 1.040675 0.669906 0.225936
v 1.040676 0.776926 0.219979
v 1.186619 0.776925 0.154656
v 1.040675 1.068625 0.219978
v 1.206221 1.068625 0.011061
v 1.206221 1.323703 0.011061
v 1.040675 1.323703 0.219978
v 0.941586 1.323704 0.082863
v 1.186619 1.068625 0.154656
v -0.940109 1.901269 0.082862
v -1.069007 1.901269 -0.083899
v -1.069007 1.735345 -0.083899
v -0.940110 1.585415 0.082863
v -1.040675 1.901269 0.219977
v -1.186772 2.167867 0.153494
v -1.187996 1.901269 0.154655
v -0.701951 0.001215 1.045134
v -0.740615 0.064485 0.716013
v -1.338251 0.119142 0.417492
v -1.312934 0.009810 0.017721
v -1.397399 0.064485 0.716013
v -1.436063 0.001215 1.045134
v -1.305923 0.101385 1.256220
v -1.069007 0.198432 1.358118
v -1.069007 0.406954 1.434312
v -0.832091 0.101385 1.256220
v -0.755421 0.258625 0.436023
v -0.800951 0.119151 0.417492
v -0.695336 0.121464 0.134568
v -1.069007 2.167867 -0.085969
v -1.207832 1.735345 0.011060
v -1.069007 1.585414 -0.083899
v -1.207832 1.585414 0.011060
v -1.069007 1.323703 -0.083899
v -1.040675 1.735345 0.219977
v -0.940109 1.735345 0.082862
v -1.040675 1.323703 0.219977
v -1.040675 1.585414 0.219977
v -1.187996 1.323703 0.154655
v -1.187996 1.585414 0.154655
v -1.187996 1.735345 0.154655
v -1.207832 1.901269 0.011060
v -1.207832 1.323703 0.011060
v -1.069007 0.669807 -0.083899
v -1.069007 0.776926 -0.083899
v -0.940109 1.068625 0.082862
v -1.213097 0.671724 0.014318
v -1.207833 0.776926 0.011060
v -1.187997 0.776926 0.154656
v -1.191758 0.672633 0.158643
v -0.935591 0.672183 0.086481
v -0.940109 0.776926 0.082863
v -1.040676 0.776926 0.219978
v -1.342490 0.009810 0.393327
v -0.795020 0.009810 0.389781
v -0.825089 0.009810 0.017721
v -0.940109 1.323703 0.082862
v -1.207832 1.068625 0.011060
v -1.069007 1.068625 -0.083899
v -1.040675 1.068625 0.219977
v -1.187996 1.068625 0.154655
v -2.160505 3.413432 -0.790269
v -2.211400 3.913391 -0.405191
v -2.229355 3.827315 0.143270
v -2.160505 3.413432 1.076818
v -2.211400 3.913391 0.691739
v -0.531615 5.331167 1.400780
v -1.006449 5.369018 1.264888
v -0.541988 3.413432 1.076818
v -1.680859 3.798254 1.106567
v -0.098712 3.640637 1.136457
v 0.224667 3.811673 1.106568
v 0.098739 3.640637 1.136457
v 0.000009 3.413432 1.076818
v -1.449288 7.344802 -1.399529
v -0.941787 7.320663 -1.403377
v -1.361400 7.859429 -1.497654
v 0.365370 8.900005 0.636274
v -2.359629 8.433219 -1.578342
v -2.669940 7.628169 -1.376544
v -1.384906 5.575221 1.168302
v -1.012694 5.598666 1.174268
v -0.989485 5.388511 1.342030
v 0.001197 5.594627 1.479839
v 0.001197 5.338799 1.614108
v 0.468383 5.621476 1.378755
v 0.991880 5.387626 1.342031
v -0.588389 4.939050 1.370637
v -0.120317 4.881099 1.450105
v -1.326765 5.371486 1.105889
v -1.300070 5.388583 1.227654
v -0.524853 5.356676 1.547398
v 0.092514 5.321744 1.467232
v 0.527257 5.356676 1.547399
v 1.302474 5.377382 1.227655
v 1.008853 5.367729 1.264889
v -2.801828 8.702166 0.277081
v -1.976843 8.758963 0.193952
v -2.792279 8.867127 0.958489
v -2.269279 3.955735 -0.891920
v -1.704762 3.959957 -0.925589
v -1.264194 4.336139 -0.904862
v -2.350918 4.780046 -0.900488
v -2.456721 5.196215 -1.050527
v -0.523649 5.323428 1.327685
v -0.597333 4.953931 1.447905
v -0.121675 4.905432 1.514565
v -1.788518 4.362354 1.131053
v -0.522972 5.286602 -0.207694
v -0.879219 5.419163 -0.071848
v 0.000009 5.395638 -0.117487
v 0.000009 5.471705 0.552023
v 0.000009 3.776924 1.161063
v -0.128646 3.637064 1.106568
v -0.196912 3.421262 1.126737
v -0.168409 3.421262 1.157724
v -0.292132 2.958139 1.180377
v 0.292149 2.958139 1.180377
v 0.000009 2.681434 1.173834
v 0.168426 3.421262 1.157724
v 0.103122 3.627245 1.138041
v 0.000009 2.711422 1.196037
v -2.904959 8.776506 0.950884
v -2.784602 7.779896 -0.261936
v -2.892205 8.324049 -1.495857
v -0.089106 5.317281 1.394353
v 0.091501 5.317281 1.394354
v 0.879237 5.447298 0.551718
v 1.329169 5.368670 1.105890
v 0.879237 5.419163 -0.071848
v -0.879219 5.447298 0.551717
v 0.128664 3.637064 1.106568
v 0.000009 3.596483 1.106568
v 0.196929 3.421262 1.126737
v 0.328986 2.957446 1.152819
v -0.328960 2.957446 1.152819
v -1.256236 5.285959 0.604042
v -1.304927 5.260988 0.679336
v -1.253882 5.288010 0.655649
v -0.604022 5.192685 1.047857
v 0.606417 5.192684 1.047857
v 0.640180 5.096453 1.076255
v 1.186460 5.281147 0.654944
v 1.272480 5.254040 0.677459
v -1.074250 5.260943 0.703276
v -1.059848 5.260943 0.801922
v 0.001198 5.169716 1.064124
v 0.589852 5.192684 0.966515
v 1.078780 5.254027 0.800751
v 1.191300 5.278366 0.605450
v 1.081677 5.254027 0.701534
v 1.001436 5.181465 0.720925
v 0.589852 5.072076 0.966515
v 0.001198 5.169716 0.973051
v -0.587448 5.192685 0.966515
v 0.000009 3.404670 -0.820018
v 0.522990 5.286602 -0.207694
v 0.735372 5.040582 -0.119541
v 0.537579 5.015395 0.309777
v 0.727434 5.112609 0.114975
v -0.463671 5.093012 0.615653
v 0.001198 5.108089 0.815238
v 0.000009 5.088116 0.687680
v 0.000009 5.055077 0.580814
v 0.463689 5.093012 0.615654
v 0.358138 5.124300 0.781817
v 0.553572 5.167974 0.605988
v -0.355742 5.124300 0.781817
v -0.371692 5.164945 0.787810
v 0.001198 5.150743 0.851274
v -2.229355 2.416996 -0.820019
v 2.229382 2.416996 -0.820017
v -2.229355 3.859364 -0.820019
v -0.863640 3.828485 -0.820018
v 0.000009 3.413432 -0.790268
v 0.000009 3.844631 -0.830206
v 1.704781 3.844631 -0.820017
v 2.229382 3.835190 -0.820017
v 0.001198 4.633173 1.234084
v 0.001198 4.554313 1.179048
v 0.498055 4.502127 1.189830
v -0.103104 3.627245 1.138041
v 0.000009 3.625931 1.154808
v 0.000009 3.608723 1.155087
v -1.548798 8.689568 0.592320
v -1.520797 8.571021 -0.237479
v -1.215900 8.712420 0.668059
v -1.778189 8.683564 -0.454283
v 2.160532 3.413432 -0.790267
v 2.229382 3.827315 0.143271
v 2.211426 3.913391 0.691740
v 2.081837 5.374343 1.180978
v 2.615149 6.272984 1.130652
v 2.268337 5.710710 1.179688
v 2.488429 5.687884 1.170270
v 2.274102 6.083599 1.178789
v 2.095813 6.834784 1.111865
v 1.574832 7.571321 0.890849
v 2.057360 7.451102 1.080634
v 1.753030 7.870139 1.134014
v 1.680885 3.798254 1.106568
v 0.542015 3.413432 1.076819
v 2.362357 4.613024 0.059553
v 2.366588 4.294463 0.094484
v 2.298412 3.972377 -0.416331
v 1.856917 8.545071 -1.677871
v 1.496610 4.929454 1.153415
v 2.500129 5.358594 1.117288
v -0.090110 5.321744 1.467232
v 0.982729 7.813102 0.897439
v 1.677103 7.723894 1.048292
v 1.023490 7.904383 1.041602
v 1.047514 8.074108 1.166756
v 1.359004 8.439240 1.121686
v 0.552865 7.837424 1.029119
v 0.001198 7.887330 1.071903
v 0.606562 8.424712 1.122427
v 0.272125 7.929693 1.088066
v 0.558378 8.903217 1.166408
v 0.386833 7.599663 0.916050
v 0.001198 7.557781 1.035953
v 0.135874 7.002916 0.961356
v -0.125504 7.002916 0.961355
v -0.379595 7.599663 0.916050
v -0.550461 7.837424 1.029118
v -0.269730 7.929693 1.088066
v 0.001198 8.216877 1.107853
v 0.000009 8.827140 1.124405
v -1.356609 8.439240 1.121685
v -1.750635 7.870139 1.134013
v -2.011706 8.275790 1.122834
v -2.054965 7.451102 1.080633
v -2.359599 8.097628 1.050479
v -2.701783 7.369636 1.095703
v -2.569222 6.782699 1.031272
v -2.271708 6.083599 1.178787
v -2.488402 5.687884 1.170269
v -2.486197 5.348154 1.134809
v -1.936995 5.209725 1.145508
v -1.701763 5.311364 1.167474
v -1.545684 5.316319 1.165305
v -1.409833 5.038402 1.168935
v -0.981954 4.740259 1.155368
v -0.476940 4.571945 1.232470
v 0.479335 4.571945 1.232471
v 0.984349 4.716814 1.155369
v 1.412238 5.038402 1.168936
v 1.548080 5.317204 1.165307
v 1.704158 5.312438 1.167476
v 1.521097 5.346252 1.164881
v 1.387300 5.573610 1.168217
v 1.314722 5.958915 1.175977
v 1.601236 6.333889 0.999768
v 1.888910 6.242459 1.163484
v -2.093409 6.834784 1.111863
v -1.886515 6.242459 1.163483
v -1.574448 6.333889 0.999767
v -1.590294 6.118269 1.117142
v -1.312317 5.958915 1.175976
v -1.019647 6.229421 0.967239
v -0.790132 6.062518 1.134475
v -1.628152 5.503113 1.172904
v -1.518702 5.325848 1.164857
v -1.518702 5.368845 1.164857
v -1.470036 5.358312 1.188626
v -1.071280 5.147773 1.219782
v -0.979039 5.334273 1.253315
v -0.517104 5.296629 1.314549
v -0.546333 5.043215 1.341423
v 0.001197 4.988738 1.359039
v 0.548737 5.043215 1.341424
v 1.073675 5.147772 1.219783
v 1.472432 5.359198 1.188627
v 1.521097 5.369730 1.164881
v -0.465988 5.621474 1.378763
v -0.213580 6.343893 1.066495
v -0.320901 6.215037 1.197333
v -0.185791 6.374364 1.626753
v -0.275958 5.975699 1.298336
v 0.001197 5.874074 1.407965
v 0.188185 5.999201 1.735947
v 0.001198 6.402931 1.287175
v 0.001198 6.460672 1.174142
v 0.323296 6.215037 1.197333
v 0.216763 6.344063 1.066432
v 0.792527 6.062518 1.134476
v 0.278362 5.975699 1.298336
v -1.674707 7.723894 1.048291
v -1.045110 8.074108 1.166755
v -1.021086 7.904383 1.041601
v -0.604167 8.424712 1.122427
v 0.001198 6.910359 1.004380
v 1.015090 5.576064 1.174269
v 2.456749 5.199466 -1.050525
v 1.334192 5.299997 -1.059265
v 1.371898 5.819338 -1.142461
v 0.122721 4.881099 1.450105
v 0.590784 4.939050 1.370638
v 0.526044 5.323428 1.327685
v 0.599728 4.953931 1.447905
v 0.534010 5.331167 1.400781
v 0.124079 4.905432 1.514565
v 2.308478 4.306668 1.087255
v 2.213984 4.974130 1.101382
v 2.166651 4.925550 1.106227
v 1.715268 4.710075 1.146879
v 2.008871 5.142094 1.151461
v 1.565602 4.700806 1.145783
v 1.428707 4.585777 1.148721
v 1.116102 4.287467 1.154536
v 1.178154 3.921158 1.168074
v 1.607941 4.223704 1.142482
v 2.885446 8.626332 0.986364
v 2.160531 3.413432 1.076819
v 2.478065 5.448532 0.076530
v 2.544526 5.928428 -0.076581
v 2.747180 7.776552 -1.290070
v 2.952595 8.616171 -0.373032
v 2.791469 7.902903 -0.272164
v 1.606418 6.722496 -1.116882
v 1.608704 6.830466 -1.103815
v -0.547474 3.404670 1.106568
v 0.986194 8.133414 1.257606
v 0.858901 8.134788 1.256405
v 0.302066 8.050018 1.203101
v 0.411521 8.089983 1.226627
v 1.496755 8.052260 1.197666
v 1.386580 8.082852 1.217964
v 1.276836 7.861158 1.105950
v 0.423734 7.805302 1.076754
v 0.430661 7.821349 1.064478
v 0.538436 7.861138 1.104180
v 0.501405 7.930158 1.075147
v 0.858896 7.887422 1.130268
v 0.857510 7.965106 1.111742
v 0.986030 7.884701 1.132339
v 1.338359 7.927331 1.078358
v 1.385112 7.817115 1.060217
v 1.391058 7.801374 1.072322
v 1.710429 7.710294 0.984453
v 1.725080 7.787004 0.941182
v 2.080403 7.402750 0.655233
v 2.200630 6.888048 0.190419
v 1.956033 7.472725 -0.280680
v 1.306955 7.837892 -0.584617
v 0.519977 7.837892 -0.584617
v -0.116214 7.472725 -0.280681
v -0.360809 6.888048 0.190418
v -0.065370 7.856671 0.202141
v -0.240579 7.402761 0.655221
v 0.129366 7.710294 0.984452
v -0.967252 8.134788 1.256404
v -0.839958 8.133414 1.257605
v -1.524087 8.050018 1.203101
v -1.414633 8.089983 1.226627
v -0.329398 8.052260 1.197665
v -0.439574 8.082852 1.217964
v -1.402420 7.805302 1.076753
v -1.395492 7.821349 1.064477
v -1.696787 7.710294 0.984452
v -1.711032 7.787822 0.940335
v -1.287717 7.861138 1.104179
v -0.967258 7.887422 1.130267
v -0.840123 7.884701 1.132338
v -0.549317 7.861158 1.105949
v -0.441041 7.817115 1.060216
v -0.435096 7.801374 1.072321
v -0.101073 7.787004 0.941181
v -0.115724 7.710294 0.984452
v 0.254250 7.402750 0.655233
v -0.155508 7.838195 0.852008
v 0.374476 6.888048 0.190419
v 0.079037 7.856671 0.202141
v 0.129881 7.472725 -0.280680
v -0.508700 7.837892 -0.584617
v -0.529900 8.176145 -0.073722
v -1.295678 7.837892 -0.584617
v -1.282586 8.176145 -0.073722
v -1.942367 7.472725 -0.280681
v -1.891523 7.856671 0.202140
v -2.186962 6.888048 0.190418
v -2.066731 7.402761 0.655220
v 2.616688 6.247698 0.315129
v -1.734759 8.506236 -1.684749
v -1.833179 7.776052 -1.453990
v -1.816532 7.324633 -1.381779
v 0.000010 7.897581 -1.533792
v 0.000010 7.275865 -1.410518
v 0.612029 7.505189 -1.441374
v 0.555176 7.883250 -1.517061
v 0.943569 7.873227 -1.505357
v 1.229649 7.701844 -1.464522
v 1.326052 7.863353 -1.493830
v 2.263438 8.156753 -1.527207
v 1.777310 8.137127 -1.552349
v 1.887970 8.039232 -1.513838
v 2.669960 7.768435 -1.376542
v 1.767400 7.832181 -1.455312
v 1.591030 6.889963 -1.291442
v 2.636515 7.102417 -1.314541
v 1.789510 6.718296 -1.264113
v 2.526985 6.153636 -1.215297
v 1.768744 6.623553 -1.278392
v 1.377960 6.250454 -1.211920
v 1.386538 6.860424 -1.310196
v 1.193182 6.880376 -1.318645
v 0.000010 6.279719 -1.229879
v -0.573614 6.278987 -1.226577
v 0.000010 5.849319 -1.151830
v 0.589842 5.324203 -1.062893
v 0.000010 6.877230 -1.338230
v -0.470972 6.562046 -1.276801
v 0.000010 6.578474 -1.284054
v 0.611757 7.126000 -1.368705
v 0.542159 7.274399 -1.397281
v -2.412775 4.729039 -0.620811
v -2.361929 4.371891 -0.846389
v -2.365464 4.377112 0.085420
v -2.614270 6.271773 -0.723998
v -2.477968 5.447978 -0.026860
v -2.481322 5.248748 -0.311191
v -1.503878 4.290063 1.142006
v -1.397736 4.282866 1.013279
v -1.314767 4.203974 1.148938
v -1.290490 4.083846 1.156954
v -1.492131 4.275148 1.010509
v -1.511729 4.125873 1.145983
v -1.497655 4.130066 1.014242
v 1.883046 4.352441 1.123258
v 2.031072 4.786406 1.120109
v 2.021556 4.863264 1.122313
v 2.071911 4.940121 1.124518
v 2.055933 4.937265 0.969601
v 2.017426 4.871026 0.968068
v 2.112602 4.783611 0.956153
v 2.133336 4.764054 1.108898
v 2.156141 4.836867 0.954281
v 2.180247 4.832394 1.107767
v 2.134172 4.915614 0.955426
v 2.340245 7.330582 1.091454
v 2.259217 7.593058 0.891233
v 2.260890 7.611728 1.048318
v 2.347302 7.697321 1.053422
v 2.077373 8.243266 1.109628
v 2.081822 8.059204 0.928676
v 2.464743 8.044162 1.028767
v 2.502215 8.369230 1.069008
v 2.402793 8.493777 1.066320
v -2.355734 8.121498 1.051001
v -2.457685 8.458967 0.902934
v -2.470502 8.471836 1.072463
v -2.552816 6.007005 0.281028
v -2.387780 6.034199 0.290786
v -2.374179 5.911836 0.125163
v -2.318443 5.514761 0.045787
v -2.298548 5.297437 0.119008
v -2.465105 5.115471 0.371197
v -2.299961 5.144897 0.378216
v -2.537205 5.328952 0.815160
v -2.386155 5.482200 0.889184
v -2.365298 5.780853 0.828659
v -2.529228 5.763805 0.828326
v -2.354967 5.038445 -0.403880
v -2.326799 4.798231 -0.586596
v -2.419540 4.769473 -0.484599
v -2.415610 4.830455 -0.335588
v -2.451994 4.978933 -0.605416
v -2.483267 6.710129 -0.909037
v -2.606673 6.536531 -0.900017
v -2.604397 6.480123 -0.754776
v -2.494583 6.474332 -0.758745
v -2.592908 6.611816 -0.628990
v -2.793529 8.535558 -0.886323
v -2.367855 8.521770 -1.534629
v -2.377901 8.572039 -0.953639
v -2.326554 8.634117 -0.824505
v -1.849622 8.629205 -1.002440
v -1.749606 8.642406 -1.003578
v -1.721025 8.601249 -1.623378
v -1.985762 8.598217 -1.180370
v -2.195829 8.568971 -1.198886
v -2.361571 8.444201 -0.922089
v -1.968127 8.465446 -1.170740
v -1.831986 8.496434 -0.992810
v -2.319585 8.506573 -0.788199
v -1.956264 8.500360 -0.728076
v -1.962512 8.632990 -0.743521
v -0.786174 8.684652 0.368747
v -0.814643 8.818476 0.038595
v -0.838977 8.659542 0.047488
v -1.067496 8.574435 -0.223090
v -1.704432 8.569636 -0.125039
v -1.532600 8.725263 -0.261476
v -1.810567 8.735662 -0.029426
v -1.784774 8.580895 -0.017109
v -1.810034 8.637697 0.286016
v -0.364351 8.710233 -0.766545
v -0.275168 8.660457 -1.115126
v -0.562963 8.540727 -1.119912
v -0.562963 8.662070 -1.119912
v -0.364351 8.588891 -0.766545
v -0.608732 8.695066 -0.893571
v 2.254933 8.647091 -0.808956
v 2.367875 8.521770 -1.534627
v 1.515196 8.623008 -1.143117
v 1.475918 8.916695 1.021643
v 2.871748 8.720840 -0.398079
v 2.266216 8.710625 -0.581323
v 2.151102 8.704715 -0.358837
v 1.918978 8.752194 -0.195915
v 2.801854 8.708925 0.277083
v 1.598111 8.827486 0.292306
v 1.053868 8.830659 0.146263
v 1.373746 8.684288 -1.028339
v 1.515196 8.450103 -1.143117
v 1.812040 8.668069 -1.212181
v 2.048402 8.445248 -1.105776
v 2.048402 8.618152 -1.105776
v 2.266216 8.537721 -0.581323
v 2.151102 8.531811 -0.358837
v 1.679753 8.594977 -0.194996
v 1.679753 8.767881 -0.194996
v 1.459724 8.769146 -0.277581
v 1.459724 8.596242 -0.277581
v 1.202383 8.716851 -0.606106
v 0.802028 8.647476 0.211667
v 0.802028 8.820380 0.211667
v 1.053868 8.657755 0.146264
v 1.223868 8.679564 0.351816
v 1.151690 8.662731 0.173655
v 1.151690 8.835635 0.173655
v 1.223868 8.852468 0.351816
v 1.125772 8.879615 0.547827
v 0.885880 8.720105 0.563035
v 0.885880 8.893009 0.563035
v 0.778494 8.705819 0.475247
v 0.778494 8.878724 0.475246
v 0.000009 2.416996 1.106568
v 0.000009 3.398152 1.106568
v 0.547500 3.404669 1.106568
v 2.229381 2.416996 1.106569
v 2.229381 3.404670 1.106569
v -2.229355 3.404669 1.106567
v -2.229355 2.416996 1.106567
v -2.229355 3.404669 -0.820019
v 0.000009 2.416996 -0.820018
v 2.229382 3.404670 -0.820017
v 2.345803 4.842755 -0.640273
v 2.331490 4.766128 -0.361478
v 2.406718 4.730009 -0.500019
v 2.334015 4.885991 -0.299175
v 2.429059 4.965962 -0.323496
v 2.345916 4.965962 -0.323496
v 2.472310 5.032599 -0.503621
v 2.389167 5.032599 -0.503621
v 2.544507 5.301693 0.817821
v 2.526948 5.739059 0.964350
v 2.611435 6.024265 0.704121
v 2.540968 5.890101 0.134098
v 2.414633 4.766128 -0.361478
v 2.403992 4.708777 -0.501983
v 2.428946 4.842755 -0.640273
v 2.456000 4.974860 -0.600895
v 2.429180 5.095528 0.009618
v 2.417159 4.885991 -0.299175
v 2.395767 4.854273 0.034586
v 2.627226 6.824069 -0.856082
v 2.592801 6.731906 -0.880521
v 2.592242 6.638479 -0.619781
v 2.500986 6.638479 -0.619781
v 2.504929 6.500998 -0.704838
v 2.596186 6.500998 -0.704838
v 1.364916 7.515426 -1.248619
v 1.227909 7.715789 -1.291108
v 1.388212 7.109302 -1.174590
v 1.413932 7.281727 -1.201743
v 1.294032 6.972901 -1.154105
v 0.956111 6.820369 -1.141413
v 0.610697 7.138270 -1.194977
v 0.972252 7.286057 -1.213114
v 0.540457 7.287915 -1.223786
v 0.701366 7.681605 -1.297591
v 1.579190 6.900136 -1.118468
v 0.945971 7.804174 -1.315537
v 0.947754 7.790203 -1.488944
v 0.703149 7.667633 -1.470998
v 1.389875 7.097625 -1.348413
v 1.296025 6.961506 -1.327964
v 1.190858 6.891490 -1.144752
v 0.809678 6.879021 -1.148000
v 0.957480 6.809006 -1.315286
v 0.810090 6.867409 -1.321851
v 0.610288 7.519224 -1.267978
v 1.415612 7.268927 -1.375364
v 1.366613 7.501505 -1.422038
v 1.761226 6.808331 -1.258011
v 1.751574 6.810140 -1.084620
v 1.778443 6.709996 -1.090657
v 1.483953 6.795731 -1.127612
v 1.491307 6.785652 -1.300838
v 1.544737 6.586538 -1.268742
v 1.545696 6.598160 -1.094898
v 1.865525 7.951335 -1.493532
v 1.863879 7.971083 -1.321573
v 1.616107 7.973115 -1.331959
v 1.666843 8.073590 -1.526216
v 1.619245 7.955122 -1.504269
v 1.765798 7.847064 -1.460183
v 1.003927 4.882380 -0.819525
v 1.078519 4.959635 -0.817665
v 1.149515 4.829463 -0.810450
v 1.173252 4.701671 -0.963005
v 1.008013 4.793292 -0.976879
v 1.264213 4.336139 -0.904861
v 0.648248 4.809050 -0.977888
v 0.295018 4.623276 -0.945065
v 0.285099 4.332981 -0.896245
v 0.098528 4.332380 -0.894604
v 0.102815 4.228621 -0.893332
v 0.000009 3.923074 -0.890020
v -0.171925 4.201381 -0.890941
v -0.127769 4.832927 -0.979610
v -1.301401 4.791431 -0.978728
v 0.045107 5.341916 -1.065548
v -0.909555 5.845801 -1.150296
v -1.346588 5.344385 -1.068440
v -2.426131 5.611224 -1.008488
v -1.826639 5.903328 -1.132759
v -1.843972 6.254416 -1.226900
v -1.417568 6.575413 -1.271350
v -1.405304 6.277925 -1.221790
v -1.290466 6.278071 -1.222450
v -1.283410 6.278080 -1.222491
v -1.387413 5.843954 -1.149491
v -0.920144 6.087503 -1.191762
v 1.297077 4.807627 -0.807433
v 1.004919 4.868038 -0.989237
v 1.005668 4.895925 -0.820749
v 1.008803 4.820750 -0.808322
v 1.173963 4.728672 -0.794373
v 1.008480 4.866482 -0.988995
v 1.073311 4.947930 -0.987115
v 1.208468 4.967522 -1.005648
v 1.218900 4.990756 -0.837105
v 1.296486 4.780655 -0.976070
v 0.002003 4.469430 -0.743883
v 0.104007 4.230474 -0.722566
v 0.000009 4.116622 -0.891779
v 0.001252 4.118174 -0.721010
v -0.197433 4.332699 -0.895474
v -0.198886 4.346116 -0.725408
v -0.133527 4.428304 -0.734900
v -0.134115 4.403371 -0.903796
v 0.000009 4.440793 -0.912233
v -1.290466 6.278071 -0.982424
v -1.417569 6.575413 -1.031324
v -1.311042 6.873261 -1.082324
v -0.963367 6.874314 -1.086535
v -0.526836 6.875634 -1.091822
v -0.937944 6.564210 -1.033470
v -0.470972 6.562046 -1.036776
v -0.928512 6.278533 -0.984507
v -0.920144 6.087503 -0.951735
v -1.831259 7.684177 -1.437540
v -1.990880 7.470530 -1.389331
v -1.429833 6.872901 -1.320912
v -2.485440 6.707639 -1.157141
v -2.543086 6.216951 -1.235046
v -1.311042 6.873261 -1.322350
v -0.953566 7.077037 -1.361450
v -0.953566 7.077037 -1.121424
v -0.526836 6.875634 -1.331849
v -0.573615 6.278987 -0.986550
v -1.283410 6.278080 -0.982464
v -1.963433 7.406989 -1.383972
v -1.963433 7.406989 -1.143947
v -1.816532 7.324633 -1.141753
v -1.831259 7.684177 -1.197514
v -1.640084 7.603190 -1.434539
v -1.651940 7.391848 -1.395713
v -1.651940 7.391848 -1.155687
v -1.640085 7.603190 -1.194514
v -1.664925 5.781777 -1.111820
v -1.699640 5.645517 -1.085237
v -1.940802 5.641975 -1.083196
v -1.940802 5.641975 -0.843170
v -1.959899 5.715686 -1.071778
v -1.826639 5.903328 -0.892733
v 3.208786 3.847924 0.067573
v 3.208785 4.051856 0.324496
v 3.208786 4.349513 0.297406
v 3.132853 4.495520 -0.200735
v 3.208788 4.167778 -0.237114
v 3.208788 3.953829 -0.141579
v 3.132854 3.875806 -0.200735
v 3.132854 3.764576 0.067573
v 2.876065 3.770011 0.067573
v 3.132853 4.012103 0.384049
v 2.876065 4.010509 0.359893
v 2.876068 4.419753 0.338122
v 3.132855 4.424693 0.356563
v 3.132853 4.606760 0.067573
v 3.132854 4.167029 -0.297063
v 2.876065 4.601315 0.067572
v 2.876065 4.495906 -0.182295
v 2.876065 4.165625 -0.267192
v 2.542138 4.395017 -0.113706
v 2.454731 4.167028 -0.168867
v 2.542138 3.976319 -0.113706
v 2.884490 3.827080 -0.221229
v 2.454731 3.912616 0.067572
v 2.498434 4.062349 0.276435
v 2.334796 4.167776 0.067572
v 2.542138 4.381994 0.248850
v 2.454731 4.458719 0.067572
v -3.206319 3.953828 -0.141581
v -3.206319 4.167776 -0.237116
v -3.206319 4.417508 -0.141581
v -3.130386 4.606760 0.067570
v -3.206319 4.051856 0.324493
v -3.130386 4.012103 0.384046
v -3.130386 3.764576 0.067570
v -2.873598 3.770012 0.067570
v -3.130386 3.875807 -0.200738
v -2.882021 3.827081 -0.221231
v -3.130386 4.167029 -0.297065
v -3.130386 4.495520 -0.200738
v -2.873598 4.495907 -0.182297
v -2.873599 4.601316 0.067570
v -3.130386 4.424690 0.356560
v -2.873598 4.010510 0.359890
v -2.452254 3.912617 0.067570
v -2.452254 4.167030 -0.168869
v -2.873598 4.165625 -0.267194
v -2.452254 4.458719 0.067570
v -2.495967 4.062350 0.276433
v -2.873598 4.419749 0.338119
v -2.332319 4.167776 0.067570
v -2.539671 3.976319 -0.113708
v -2.539671 4.395017 -0.113708
v -2.539671 4.381994 0.248848
v 1.365611 0.413703 -0.056520
v 1.190336 0.672634 0.158643
v 1.069007 0.471033 0.522046
v 0.772394 0.413703 -0.056520
v 0.937121 0.672183 0.086481
v 1.069007 0.391131 -0.285822
v 1.069007 0.121464 -0.169164
v 1.349258 0.121464 -0.086264
v 1.442678 0.121464 0.134569
v 1.386150 0.258625 0.436024
v 1.294169 0.431352 0.485038
v 1.069007 0.782875 0.950374
v 0.845348 0.431352 0.485037
v 0.718772 0.669439 0.917847
v 0.788747 0.121464 -0.086265
v 1.413626 0.667729 0.960049
v 1.069007 0.702073 1.326772
v 1.343678 0.581347 1.309627
v 1.069007 2.060173 -0.289890
v 1.069007 2.167867 -0.085968
v 1.206689 2.167867 0.011646
v 0.781520 2.060173 0.319059
v 0.726710 2.060173 -0.065322
v -0.675338 2.167309 -0.098218
v -1.473557 2.167309 -0.098218
v -1.414904 2.167867 0.381311
v -1.370363 2.060173 0.319058
v -1.069007 2.166742 0.491561
v -0.733667 2.167867 0.381312
v -0.781520 2.060173 0.319058
v -0.751505 2.727946 -0.052012
v -1.069925 2.727946 -0.251038
v -1.069007 2.166742 -0.356410
v -1.069925 2.727946 0.386180
v -0.800339 2.727946 0.306746
v -1.390649 2.727946 -0.052012
v -1.069925 2.865682 0.067571
v -1.345190 2.727946 0.306746
v -1.040675 0.669906 0.225936
v -1.069007 0.471033 0.522045
v -1.365620 0.413703 -0.056521
v -1.349258 0.121464 -0.086266
v -1.069007 0.121464 -0.169164
v -0.772394 0.413703 -0.056520
v -1.069007 0.391131 -0.285823
v -0.618017 0.297153 1.035846
v -0.845348 0.431352 0.485037
v -1.069007 0.782875 0.950373
v -1.294169 0.431352 0.485037
v -1.519998 0.297154 1.035846
v -1.386159 0.258624 0.436023
v -1.442678 0.121464 0.134567
v -1.069007 0.009810 -0.138384
v -0.788756 0.121464 -0.086265
v -0.724388 0.667729 0.960048
v -0.794336 0.581347 1.309626
v -1.069007 0.702073 1.326771
v -1.419242 0.669439 0.917847
v -1.343678 0.581338 1.309626
v -1.069007 2.060173 -0.289891
v -1.208300 2.167867 0.011645
v -0.726719 2.060173 -0.065323
v -0.940478 2.167867 0.082565
v -1.040675 2.167867 0.222047
v -1.069007 2.060173 0.425042
v -1.427657 2.060173 -0.065323
v -2.542626 5.200463 -0.976178
v -2.422229 4.798231 -0.586596
v -2.428849 4.766006 -0.837605
v -2.464991 5.278768 0.105252
v -2.362331 4.613025 0.059551
v -2.474187 5.167823 0.651017
v -2.408068 4.862180 1.008890
v -2.553355 5.484941 0.883878
v -2.526931 5.739059 0.964348
v -2.601164 6.016213 0.670748
v -2.587604 6.360403 -0.115501
v -2.544508 5.928428 -0.076583
v -2.541115 5.891874 0.124351
v -2.485320 5.496741 0.038886
v -2.450397 5.038445 -0.403880
v -2.337910 5.329472 0.500152
v -2.311799 5.209803 0.656869
v -2.373591 5.358823 0.829691
v -2.439530 6.059902 0.683563
v -2.368915 5.850633 0.493307
v -2.081728 8.464223 -0.983457
v -2.180220 8.436049 -1.188197
v -2.893321 8.724531 -0.398082
v -2.859004 8.458680 -0.880518
v -2.903041 8.450895 -1.426683
v -2.816433 8.534307 -1.498152
v -1.259757 8.454603 -1.611138
v -1.260720 8.543766 -1.554644
v -0.707085 8.647346 -1.638731
v -0.732402 8.556078 -1.729802
v 0.000010 8.530113 -1.556480
v 0.000010 8.441400 -1.641620
v 0.559387 8.647346 -1.638731
v 0.550351 8.556078 -1.716059
v 1.260739 8.543766 -1.554644
v 1.259776 8.454603 -1.611136
v 1.846792 8.640049 -1.606195
v 2.359648 8.433218 -1.598950
v 2.762772 8.348900 -1.543502
v 2.849708 8.315913 -1.459954
v 2.780668 8.522733 -1.466488
v 2.855620 8.428341 -1.411453
v 2.805688 8.515047 -0.880516
v 2.740213 8.591933 -0.886321
v 2.851633 8.643774 0.279072
v 2.877040 8.747364 0.901017
v 2.731726 8.867146 0.945639
v 1.703851 8.832778 1.088917
v 1.484837 8.843552 1.098201
v 2.245203 8.861313 0.974358
v 0.531963 8.969403 1.081484
v 0.000009 8.894217 1.057562
v -0.647938 8.922811 1.193390
v -0.621523 8.989005 1.101617
v -1.482177 8.847917 1.105118
v -2.244970 8.805658 1.065976
v -2.245186 8.860811 0.974356
v -2.455661 8.786856 1.082267
v -2.882413 8.685624 1.038481
v -2.851606 8.637015 0.279069
v -2.974168 8.619862 -0.373035
v -2.807920 7.371957 1.016980
v -2.746495 7.964797 0.919294
v -2.647693 6.792338 0.932101
v -2.635777 6.388310 1.125034
v -2.730664 6.387753 1.037464
v -2.560834 5.345373 1.047454
v -2.318955 4.304526 1.120913
v -2.378143 4.299509 1.050947
v -2.326105 3.936071 1.056923
v -2.229355 3.832337 1.106567
v -2.371744 3.904283 0.137266
v -2.324954 3.994544 -0.416333
v -2.353609 3.997568 -0.797321
v -2.263518 4.357677 -0.936609
v -2.494737 5.619620 -0.962057
v -2.632752 6.210344 -1.145747
v -2.584683 6.714633 -1.096913
v -2.665009 7.278033 -1.340769
v -2.747161 7.636288 -1.290072
v -2.813286 8.329133 -1.560458
v -2.269882 3.933740 1.146203
v -1.175005 3.844632 1.106567
v 0.000009 3.844632 1.118169
v 1.175022 3.844632 1.106568
v 1.682955 3.875636 1.146960
v 2.229381 3.883286 1.106569
v 2.326123 3.991430 1.056925
v 2.325583 3.996947 0.680094
v 2.211427 3.913391 -0.405189
v 2.371771 3.904283 0.137268
v 2.329912 3.941741 -0.797319
v 2.247904 3.917539 -0.891918
v 0.894916 3.805814 -0.820018
v 0.894916 3.860353 -0.906526
v -0.863640 3.899171 -0.906526
v -1.704762 3.881521 -0.820019
v 2.269899 3.984068 1.146205
v 2.367666 4.301651 1.017293
v 2.359980 4.854575 1.065736
v 2.408085 4.862180 1.008891
v 2.574775 5.355803 1.029933
v 2.550861 5.547431 0.997142
v 2.710035 6.272427 1.043091
v 2.569239 6.782699 1.031274
v 2.807938 7.371957 1.016982
v 2.701801 7.369636 1.095705
v 2.746513 7.964797 0.919296
v 2.663227 7.942143 0.987336
v 2.428876 4.766006 -0.837603
v 2.350936 4.780046 -0.900486
v 2.542645 5.203714 -0.976176
v 2.494766 5.622870 -0.962055
v 2.426149 5.614473 -1.008486
v 2.584702 6.714633 -1.096911
v 2.485468 6.707639 -1.157140
v 2.715608 7.069872 -1.232352
v -1.634024 6.037524 1.188955
v -2.265933 5.710710 1.179686
v -2.079433 5.374343 1.180976
v -1.785196 5.363864 1.172163
v -1.829995 5.636577 1.197139
v -1.312562 5.778554 1.174607
v -1.479635 5.822487 1.194265
v -1.769620 5.868456 1.198802
v -2.039613 6.074026 1.190393
v -2.112183 5.749944 1.197249
v -0.000119 4.865946 -0.811319
v 0.040294 5.366500 -0.896712
v -0.000414 5.090120 -0.849453
v 0.295238 5.106877 -0.852517
v 0.307338 5.463671 -0.894868
v 0.593996 5.348046 -0.893919
v 0.302668 4.852348 -0.810412
v -0.000000 4.733618 -0.788812
v 0.188185 6.374364 1.626753
v 0.001198 6.427805 1.614207
v 0.001197 6.721666 2.179117
v -0.248811 6.620591 2.197240
v -0.342355 6.384686 2.278056
v -0.315362 6.191285 1.665957
v -0.185791 6.038251 1.735947
v 0.001197 5.953660 1.712720
v 0.256401 6.156193 2.323960
v 0.317765 6.191285 1.665957
v 0.344758 6.384686 2.278057
v 0.251205 6.620591 2.197240
v 0.001197 6.650526 2.385115
v -0.201342 6.474372 2.400331
v -0.254007 6.156193 2.323960
v 0.001197 6.085154 2.348518
v 0.001197 6.376502 2.491142
v 0.203745 6.474372 2.400331
v -1.924048 4.593215 1.002984
v -1.541225 4.740475 1.016785
v -1.524771 4.938465 1.019564
v -1.633614 4.976575 1.018652
v -1.699745 4.689405 1.011019
v -1.911360 4.850221 1.010220
v -1.860452 4.638672 1.005205
v -1.803709 4.968572 1.143801
v -2.359963 4.854575 1.065734
v -1.928378 4.871820 1.142659
v -1.793609 4.420358 1.133552
v -1.682929 3.875636 1.146959
v -1.423016 4.056618 1.153843
v -1.380890 4.317117 1.145238
v -1.113707 4.287467 1.154535
v -1.526372 4.333262 1.140175
v -1.395357 4.295970 1.145320
v -1.577759 7.571321 0.890848
v -0.981130 7.813102 0.897438
v -0.996572 6.982259 0.747790
v -0.403275 6.418653 0.965981
v -1.813221 6.940512 0.955226
v -2.272057 8.490821 1.056046
v -2.388909 8.557877 1.068904
v -2.768462 8.758940 1.106452
v -2.492836 8.221416 1.013774
v -2.663209 7.942143 0.987334
v -2.207297 8.309249 1.080437
v -1.165179 3.994829 1.165351
v -1.178137 3.921158 1.168073
v -0.501707 4.230982 1.182877
v -0.541432 3.874898 1.165023
v 0.541458 3.874898 1.165023
v 0.000009 3.900647 1.174869
v 0.504111 4.230982 1.182877
v 0.001198 4.235807 1.169471
v -0.495660 4.502127 1.189829
v -1.326204 4.197148 1.016855
v -1.307343 4.088564 1.023781
v -1.417738 4.064701 1.021222
v -1.454374 4.198992 1.013680
v -1.594873 5.340739 0.551375
v -1.373590 5.301831 0.033803
v -1.179807 5.192345 0.440717
v -0.587448 5.072076 0.966515
v -0.537561 5.015395 0.309777
v -1.026345 5.194956 0.722374
v 0.001198 5.049109 0.973051
v 0.000009 5.005253 0.487412
v 1.156149 5.192342 0.432769
v 1.229867 5.240495 0.557811
v 1.452366 5.327239 0.390675
v 0.981434 5.335701 1.225930
v 1.081677 5.205192 0.844910
v 0.519508 5.296629 1.314550
v 0.001198 5.272881 1.327353
v 0.001198 5.048468 1.093429
v -0.637784 5.096453 1.076255
v -1.060193 5.212389 0.839095
v -1.312425 5.240935 0.554205
v 1.373608 5.301830 0.033804
v -0.671554 5.154329 0.367244
v -0.727416 5.112609 0.114974
v -0.700605 5.166776 -0.013096
v -0.735345 5.040582 -0.119542
v -0.397971 5.143493 -0.292222
v -0.628434 5.224494 0.298088
v -0.553555 5.167974 0.605987
v 0.350245 5.216930 0.721015
v 0.374097 5.164945 0.787810
v 0.514377 5.232485 0.581760
v 0.671571 5.154329 0.367245
v 0.700623 5.166776 -0.013096
v 0.397998 5.143493 -0.292222
v 0.000009 5.120066 -0.304462
v 0.302031 5.220974 -0.041068
v 0.000009 5.183453 0.005111
v -0.302013 5.220974 -0.041068
v -0.256635 5.254598 0.168038
v -0.514350 5.232485 0.581759
v -0.283536 5.247777 0.611405
v -0.347031 5.224061 0.722645
v 0.001198 5.213727 0.753946
v 0.283554 5.247777 0.611405
v 0.628452 5.224494 0.298089
v 0.256653 5.254599 0.168038
v 0.000009 5.229399 0.177848
v -0.229122 5.262113 0.386288
v 0.000009 5.239335 0.620828
v 0.000009 5.237453 0.376451
v 0.229149 5.262113 0.386288
v -2.590486 6.699210 -0.913343
v -2.599940 6.674080 -0.614256
v -2.693542 7.365175 -0.102683
v -2.614924 6.634248 -0.140172
v -2.713167 7.182871 0.074105
v -2.628519 6.699835 0.304681
v -2.691889 7.084310 0.303688
v -2.723394 7.179565 0.522768
v -2.777921 7.364153 0.718230
v -2.768918 7.539449 0.750303
v -2.744875 7.891146 0.702488
v -2.759044 8.102463 0.515006
v -2.807577 8.035984 0.027288
v -2.685340 7.340069 -0.203761
v -2.744101 7.259142 -1.258581
v -2.611654 6.811375 -0.675818
v -2.620559 6.787801 -0.867887
v -0.267182 8.588503 -0.830835
v -0.353538 8.576234 -0.989430
v -0.608732 8.573725 -0.893571
v -0.447343 8.562906 -1.161707
v -0.275168 8.539113 -1.115126
v -0.759042 8.844917 0.376880
v -0.384580 8.733912 -0.349570
v 0.000009 8.747806 -0.340130
v -1.211543 8.874156 0.692055
v -1.473262 8.918540 1.021711
v -1.837166 8.795472 0.289765
v -1.562085 8.850093 0.612302
v -1.725968 8.723805 -0.143077
v -1.055274 8.728859 -0.246323
v -0.267182 8.709846 -0.830835
v -0.447343 8.684250 -1.161707
v 2.345367 5.149545 0.622203
v 2.365030 5.225663 0.519776
v 2.398790 5.833744 0.443885
v 2.381910 5.529703 0.481830
v 2.407560 5.301693 0.817821
v 2.282034 7.408223 0.923954
v 2.383566 7.387825 0.926789
v 2.348877 7.339500 0.927940
v 2.463441 7.393594 0.927538
v 2.360863 7.587114 0.871230
v 2.467186 7.614702 0.892389
v 2.347326 7.709035 0.891453
v 1.812040 8.495166 -1.212181
v 2.254933 8.474187 -0.808956
v 1.918978 8.579290 -0.195915
v 1.769653 8.529344 -0.731591
v 1.202383 8.543947 -0.606106
v 1.373746 8.511384 -1.028339
v 1.617542 6.116278 1.121970
v 1.677841 6.037524 1.188956
v 2.042008 6.074026 1.190394
v 1.772024 5.868456 1.198803
v 1.314957 5.778554 1.174608
v 1.482030 5.822488 1.194266
v 1.630556 5.503113 1.172905
v 1.787591 5.368000 1.172164
v 2.114587 5.749944 1.197250
v 1.832389 5.636577 1.197141
v 1.807840 6.940512 0.955227
v 0.999611 6.982259 0.747791
v 1.022268 6.229421 0.967240
v 0.412351 6.418653 0.965981
v 2.080021 8.031727 1.092210
v 2.275526 7.423522 1.085737
v 2.466947 7.399325 1.090213
v 2.464900 7.633803 1.050526
v 2.763721 8.656138 1.073232
v 2.244987 8.806160 1.065978
v 2.263908 8.514198 1.065795
v 2.014100 8.275787 1.122835
v 2.320487 7.939537 1.051490
v 2.606417 7.931490 0.278159
v 2.636233 8.193912 0.278496
v 2.586301 7.651189 0.303996
v 2.599041 7.662240 0.762391
v 2.566186 7.370887 0.329833
v 2.567672 7.173532 0.435841
v 2.607309 7.371455 0.694611
v 2.522230 7.139476 0.139179
v 2.516811 7.370206 -0.108138
v 2.535970 6.824069 -0.856082
v 2.501545 6.731906 -0.880522
v 2.507066 6.743680 -0.733024
v 2.516175 6.536431 -0.868428
v 2.512085 6.754385 -0.598930
v 2.512176 6.851212 -0.674471
v -0.127016 6.516897 -0.314059
v -0.352100 7.067288 0.196677
v -0.000379 6.100206 0.140805
v 0.282426 5.869329 0.581325
v 0.575839 5.804528 -0.149995
v 0.528635 6.168170 -0.642924
v 1.315612 6.168170 -0.642924
v 1.984253 6.516897 -0.314058
v 1.845780 6.102259 0.145772
v 2.209337 7.067288 0.196678
v 2.090480 6.518175 0.657226
v 1.719961 6.191654 0.931422
v 1.347067 5.968597 1.009958
v 1.343831 6.069072 1.034091
v 0.931342 6.015603 1.079146
v 0.489042 6.067351 1.035984
v 0.510113 5.966002 1.006559
v 0.137250 6.191654 0.931421
v 0.122991 6.117393 0.882003
v -0.232203 6.516143 0.654804
v 0.148729 6.065292 0.780828
v 0.637324 5.932318 0.909831
v 1.268408 5.804528 -0.149995
v 1.571881 5.865930 0.578877
v 1.712793 6.073305 0.790378
v 1.734627 6.118151 0.882905
v 1.158018 5.708855 0.420406
v 0.928618 5.815033 0.762119
v 0.930052 5.910691 0.923834
v 1.224790 5.929749 0.905225
v 0.686097 5.708855 0.420405
v 0.930324 5.927609 1.038719
v 0.543567 8.176145 -0.073722
v 0.173457 7.846855 0.843041
v 0.115121 7.787822 0.940335
v 0.836855 7.988801 0.999851
v 0.985721 7.967317 1.108076
v 1.216082 7.973388 0.976590
v 1.670646 7.838195 0.852008
v 1.905190 7.856671 0.202142
v 1.541167 8.030377 0.685976
v 1.157169 8.232120 0.505292
v 1.296254 8.176145 -0.073721
v 0.298520 8.030377 0.685976
v 0.628617 7.970505 0.981006
v 0.682520 8.232120 0.505292
v 1.005833 7.993409 0.993115
v 1.280704 7.115219 1.399810
v 1.239195 6.731956 1.399681
v 0.887520 6.574045 1.398581
v 0.494336 7.115219 1.397351
v 0.250801 7.248555 1.284006
v 0.887872 7.657324 1.285999
v 1.524944 7.248555 1.287992
v 1.772447 7.629213 0.876829
v 1.457687 6.573469 1.287781
v 1.226546 5.949094 0.875121
v 0.318058 6.573469 1.284217
v 0.887872 6.317605 1.285999
v 0.005874 6.345716 0.871303
v -0.202641 6.987466 0.870651
v 0.551775 8.025836 0.873010
v 0.005874 7.629213 0.871303
v 1.226546 8.025836 0.875121
v 1.980963 6.987466 0.877481
v 2.072722 6.987466 0.265618
v 1.772447 6.345716 0.876829
v 0.469043 5.828236 0.265882
v 0.551775 5.949094 0.873011
v -0.372688 6.987466 0.257969
v -0.139172 7.706156 0.258700
v 0.472180 8.150331 0.260612
v 1.230054 8.025270 -0.305184
v 1.227853 8.150331 0.262975
v 1.775658 7.628863 -0.303478
v 1.839206 7.706156 0.264888
v 1.828209 6.269857 0.270134
v 1.775658 6.346066 -0.303477
v 1.220372 5.828236 0.268232
v -0.139172 6.268775 0.258700
v 0.010047 7.628863 -0.309000
v -0.198355 6.987466 -0.309652
v 0.335900 7.385932 -0.695726
v 1.099624 7.634084 -0.693337
v 0.555651 8.025270 -0.307294
v 1.441172 7.385932 -0.692268
v 1.984060 6.987466 -0.302826
v 1.441171 6.582901 -0.692268
v 1.099624 6.334752 -0.693337
v 1.222560 5.952578 -0.296661
v 0.010047 6.346066 -0.309000
v 0.677448 6.334752 -0.694656
v 0.552033 5.952578 -0.298759
v 0.205440 6.984417 -0.696133
v 0.677448 7.634084 -0.694657
v 1.571631 6.984417 -0.691860
v 0.889003 6.984417 -0.843311
v 0.335900 6.582901 -0.695726
v 0.887520 7.400887 1.398581
v 0.887263 6.987466 1.480690
v 0.535846 6.731956 1.397481
v -0.895980 7.657324 1.299605
v -0.502026 7.115219 1.409471
v -0.543535 6.731956 1.409757
v -0.895980 6.317605 1.299605
v -1.465783 6.573469 1.303540
v -1.246870 6.731956 1.414614
v -1.288379 7.115219 1.414900
v -1.533039 7.248555 1.304004
v -0.258921 7.248555 1.295207
v -0.015554 7.629213 0.881583
v -0.015554 6.345716 0.881583
v -0.326177 6.573469 1.295672
v -0.561445 5.949094 0.885352
v -1.782094 6.345716 0.893779
v -1.236203 8.025836 0.890010
v -1.321937 8.150331 0.278440
v -0.561445 8.025836 0.885351
v -0.566279 8.150331 0.273223
v 0.192957 6.987466 0.880143
v 0.045062 7.706156 0.269003
v -1.321937 5.824598 0.278441
v -1.236203 5.949094 0.890010
v -1.933277 6.268775 0.282661
v -1.990606 6.987466 0.895219
v -1.933277 7.706156 0.282661
v -1.782094 7.629213 0.893779
v 0.278573 6.987466 0.267391
v -0.024184 7.628863 -0.298697
v 0.184214 6.987466 -0.300136
v 0.045062 6.268775 0.269003
v -0.024184 6.346066 -0.298696
v -0.569777 5.949660 -0.294929
v -0.564916 5.828236 0.278081
v -1.244168 5.949660 -0.290274
v -1.789761 6.346066 -0.286507
v -1.998160 6.987466 -0.285068
v -2.166790 6.987466 0.284274
v -1.789762 7.628863 -0.286507
v -1.117473 7.634084 -0.679313
v -1.244168 8.025270 -0.290274
v -0.695304 7.634084 -0.682228
v -0.569777 8.025270 -0.294930
v -0.353763 7.385932 -0.684585
v -0.241964 6.945129 -0.720046
v -0.695304 6.334752 -0.682228
v -1.117473 6.334752 -0.679312
v -1.589471 6.984417 -0.676054
v -1.459014 7.385932 -0.676956
v -0.907420 6.984417 -0.830082
v -0.353763 6.582901 -0.684585
v -1.459014 6.582901 -0.676956
v -0.895203 7.400887 1.412185
v -0.894636 6.987466 1.494293
v -0.895203 6.574045 1.412185
v -1.652696 7.846855 0.843040
v -1.324748 7.930158 1.075147
v -1.197536 7.970505 0.981006
v -0.968642 7.965106 1.111741
v -0.989299 7.988801 0.999850
v -0.820320 7.993409 0.993115
v -0.840432 7.967317 1.108075
v -0.610070 7.973388 0.976589
v -0.487795 7.927331 1.078357
v -0.284987 8.030377 0.685975
v -0.668985 8.232120 0.505292
v -1.143634 8.232120 0.505291
v -1.527632 8.030377 0.685975
v -1.955529 6.516897 -0.314059
v -1.828892 6.100206 0.140804
v -2.180613 7.067288 0.196677
v -1.679784 6.065292 0.780827
v -1.248181 5.800754 -0.156672
v -1.289366 6.168170 -0.642925
v -0.549593 5.804528 -0.149996
v -0.502388 6.168170 -0.642925
v 0.155740 6.516897 -0.314058
v 0.380824 7.067288 0.196678
v 0.261967 6.518175 0.657226
v -0.108553 6.191654 0.931421
v -0.484682 6.069072 1.034090
v -0.481446 5.968597 1.009958
v -0.897171 6.015603 1.079145
v -0.898188 5.927609 1.038718
v -1.339471 6.067351 1.035983
v -1.691262 6.191654 0.931420
v -2.060716 6.516143 0.654803
v -1.705522 6.117393 0.882003
v -1.318399 5.966002 1.006558
v -1.543290 5.865930 0.578876
v -1.131903 5.708855 0.420405
v -0.659984 5.708855 0.420405
v 0.029103 6.100206 0.140805
v -0.256313 5.869329 0.581324
v -0.115720 6.073305 0.790377
v -0.603723 5.929749 0.905225
v -0.093886 6.118151 0.882904
v -0.898461 5.910691 0.923833
v -0.895878 5.818726 0.763513
v -1.191187 5.932318 0.909830
v 1.884338 8.058764 -1.341879
v 1.777412 8.158388 -1.380903
v 1.748056 8.015963 -1.336959
v 1.668262 8.090768 -1.353662
v 1.763329 7.869355 -1.288978
v -1.939524 4.580477 1.134551
v -1.788936 4.447525 1.002268
v -1.591357 4.467960 1.013278
v -1.577532 4.438472 1.145769
v -1.462389 4.527925 1.147064
v -1.475153 4.550559 1.014871
v -1.425831 4.745085 1.018166
v -1.403589 4.739112 1.150509
v -1.647400 5.006481 1.151212
v -1.524341 4.957249 1.151980
v -1.786595 4.939713 1.011716
v 1.598080 4.547635 0.990705
v 1.469284 4.571683 0.993447
v 1.487363 4.349992 0.988061
v 1.624263 4.245350 0.986271
v 1.753141 4.256931 0.980278
v 1.781575 4.364283 0.976834
v 2.081605 4.860589 0.959702
v 2.027723 4.799854 0.965178
v 1.691198 4.665718 0.991095
v 1.860518 4.611365 1.137572
v 1.827639 4.576852 0.982685
v 1.850764 4.368910 0.972151
v 1.763450 4.238539 1.135101
v 1.453507 4.324911 1.142795
v 1.553066 4.663654 0.990346
v 2.265101 8.143458 0.904485
v 2.073722 8.242081 0.942958
v 2.247347 8.453160 0.906397
v 2.391238 8.440677 0.903364
v 2.468216 8.342905 0.904701
v 2.420067 8.082760 0.875414
v 2.285771 7.978307 0.893331
v -2.323788 8.329947 0.887659
v -2.278566 8.476102 0.888115
v -2.220114 8.312212 0.910131
v -2.354094 8.142748 0.883562
v -2.480893 8.237858 0.848607
v -2.384038 8.536627 0.899721
v -2.495109 7.116756 0.308608
v -2.537232 7.358860 0.318982
v -2.512867 7.626545 0.292131
v -2.570555 7.894468 0.258751
v -2.561082 8.115215 0.495599
v -2.605489 8.209524 0.253302
v -2.610178 8.062338 0.013462
v -2.527525 7.214759 0.539154
v -2.581347 7.375194 0.738070
v -2.570864 7.526280 0.772173
v -2.546108 7.887858 0.708478
v -2.802652 8.187878 0.275945
v -2.579003 7.806355 -0.159841
v -2.775294 7.771992 -0.147259
v -2.496447 7.383448 -0.099586
v -2.515354 7.198526 0.082375
v -2.320180 4.830455 -0.335588
v -2.324109 4.769473 -0.484599
v -2.338372 4.904694 -0.470502
v -2.356563 4.978933 -0.605416
v -2.503182 6.827949 -0.677449
v -2.484794 6.696673 -0.786269
v -2.490571 6.685389 -0.609850
v -2.483317 6.614575 -0.628771
v -2.497021 6.528296 -0.900721
v -2.514297 6.814982 -0.868696
v 1.006469 8.694076 0.386386
v 1.125772 8.706710 0.547827
v 2.372857 4.974860 -0.600895
v 2.345859 4.903551 -0.483960
v 2.323575 4.730009 -0.500019
v 2.482314 5.149545 0.622203
v 2.464794 5.095645 0.349919
v 2.327847 5.095645 0.349919
v 2.328630 5.160592 0.264697
v 2.465577 5.160592 0.264697
v 2.341119 5.448532 0.076530
v 2.404022 5.890101 0.134098
v 2.448001 6.053252 0.365614
v 2.584947 6.053252 0.365614
v 2.474488 6.024265 0.704121
v 2.528829 5.759315 0.853011
v 2.391882 5.759315 0.853011
v 2.399721 5.530504 0.886332
v 2.536668 5.530504 0.886332
v 2.763328 7.662240 0.762391
v 2.771596 7.371455 0.694611
v 2.647711 6.792338 0.932103
v 2.731959 7.173532 0.435841
v 2.686518 7.139476 0.139179
v 2.620202 6.790341 -0.148464
v 2.671102 7.370067 -0.196812
v 2.603341 6.754385 -0.598930
v 2.564077 6.151106 -0.095152
v 2.593086 6.148857 -0.663938
v 2.607432 6.536431 -0.868428
v 2.616652 6.147030 -1.125999
v 2.603432 6.851212 -0.674471
v 2.800520 8.193912 0.278496
v 2.737522 7.664093 -0.238392
v 2.733254 7.640725 -0.151590
v 2.755062 7.953026 0.692722
v 2.590775 7.953026 0.692722
v 2.681098 7.370206 -0.108138
v 2.568967 7.640725 -0.151590
v 2.621123 7.911244 -0.111586
v 2.785410 7.911244 -0.111586
v 2.774920 8.088790 0.037710
v 2.610633 8.088790 0.037710
v 0.001073 4.347087 -0.723621
v -0.171868 4.204959 -0.720217
v 0.099970 4.347776 -0.725045
v -0.128655 4.861567 -0.811249
v 0.000009 4.705081 -0.957190
v 0.295835 4.651639 -0.776658
v 0.713351 4.955421 -1.002404
v 0.649006 4.837142 -0.809435
v 0.714100 4.983309 -0.833916
v 0.307911 5.443586 -1.064267
v -0.166912 5.055708 -0.844475
v -0.166009 5.026988 -1.012822
v -1.990880 7.470530 -1.149305
v -1.825995 7.432252 -1.152410
v -1.818935 5.747269 -0.850887
v -1.959899 5.715686 -0.831751
v -1.699640 5.645517 -0.845211
v -1.664925 5.781777 -0.871793
v 5.635925 4.110427 0.356825
v 5.075837 4.137932 0.475687
v -5.633457 4.110428 0.356820
v -0.224650 3.811673 1.106568
v -0.562357 3.498284 1.174977
v -2.325565 3.996947 0.680093
v 0.562374 3.498284 1.174977
v 2.361952 4.371891 -0.846387
v 2.263537 4.357677 -0.936608
v 1.704781 3.923074 -0.925587
v -2.453419 5.270726 -0.008516
v 2.498525 5.161646 -0.592870
v 1.763801 6.625159 -1.104735
vt -0.659784 -0.396245
vt -0.659701 -0.424023
vt -0.646246 -0.396245
vt -0.646945 -0.424023
vt -0.660162 -0.442635
vt -0.647406 -0.442635
vt -0.647687 -0.451871
vt -0.660443 -0.451871
vt -0.647676 -0.477816
vt -0.660493 -0.477816
vt -0.660542 -0.503084
vt -0.649585 -0.477816
vt -0.649596 -0.451871
vt -0.649315 -0.442635
vt -0.648854 -0.424023
vt -0.648155 -0.396245
vt -0.622899 -0.396245
vt -0.624045 -0.424023
vt -0.624773 -0.396245
vt -0.625539 -0.424023
vt -0.626000 -0.442635
vt -0.624506 -0.442635
vt -0.626281 -0.451871
vt -0.624787 -0.451871
vt -0.624656 -0.477816
vt -0.626162 -0.477816
vt -0.624525 -0.503084
vt -0.626043 -0.503084
vt -0.614136 -0.512506
vt -0.622749 -0.510616
vt -0.641020 -0.510603
vt -0.647666 -0.503084
vt -0.632993 -0.573744
vt -0.632993 -0.573641
vt -0.618627 -0.570002
vt -0.619227 -0.569371
vt -0.615056 -0.550674
vt -0.615809 -0.550043
vt -0.615056 -0.550674
vt -0.615809 -0.550043
vt -0.615056 -0.529892
vt -0.615809 -0.529465
vt -0.618140 -0.529594
vt -0.618140 -0.548160
vt -0.615809 -0.549494
vt -0.615809 -0.549494
vt -0.618140 -0.548160
vt -0.620985 -0.564279
vt -0.621086 -0.562324
vt -0.632993 -0.568548
vt -0.632993 -0.565736
vt 0.442534 -0.707477
vt 0.451117 -0.707477
vt 0.458979 -0.664138
vt 0.465208 -0.664138
vt 0.468456 -0.707477
vt 0.477734 -0.664138
vt 0.488696 -0.707477
vt 0.497278 -0.707477
vt 0.478738 -0.664138
vt 0.483185 -0.707477
vt 0.466231 -0.664138
vt 0.459062 -0.707477
vt -0.649574 -0.503084
vt -0.620857 -0.513628
vt -0.650390 -0.515175
vt -0.640544 -0.530167
vt -0.633076 -0.548623
vt -0.633076 -0.548623
vt -0.615258 -0.549828
vt -0.633076 -0.532423
vt -0.633071 -0.552876
vt -0.615258 -0.549828
vt -0.633071 -0.552876
vt -0.632993 -0.568652
vt -0.620384 -0.564910
vt -0.650274 -0.529426
vt -0.648954 -0.548495
vt -0.648954 -0.548495
vt -0.645802 -0.563272
vt -0.633076 -0.532353
vt -0.633076 -0.553026
vt -0.650202 -0.529385
vt -0.649107 -0.548576
vt -0.633076 -0.553026
vt -0.649107 -0.548576
vt -0.645773 -0.563242
vt -0.663774 -0.512433
vt -0.650238 -0.549955
vt -0.657053 -0.515575
vt -0.654238 -0.520456
vt -0.648012 -0.528143
vt -0.633071 -0.550501
vt -0.633071 -0.550501
vt -0.632993 -0.565736
vt -0.625608 -0.528371
vt -0.618308 -0.547723
vt -0.618308 -0.547723
vt -0.621086 -0.562324
vt -0.619492 -0.529253
vt -0.625377 -0.518279
vt -0.640575 -0.517447
vt -0.653579 -0.521282
vt -0.633076 -0.554417
vt -0.633076 -0.554417
vt -0.650238 -0.549955
vt -0.646675 -0.569282
vt -0.633076 -0.554313
vt -0.633076 -0.554313
vt -0.647697 -0.530556
vt -0.622660 -0.529863
vt -0.640696 -0.530608
vt -0.640696 -0.530608
vt -0.647697 -0.530556
vt -0.645187 -0.522431
vt -0.653579 -0.521282
vt -0.640575 -0.517447
vt -0.642396 -0.520412
vt -0.642396 -0.520412
vt -0.646246 -0.396245
vt -0.646945 -0.424023
vt -0.659784 -0.396245
vt -0.659701 -0.424023
vt -0.660162 -0.442635
vt -0.647406 -0.442635
vt -0.647687 -0.451871
vt -0.660443 -0.451871
vt -0.647676 -0.477816
vt -0.660493 -0.477816
vt -0.660542 -0.503084
vt -0.647666 -0.503084
vt -0.657053 -0.515575
vt -0.641020 -0.510603
vt -0.624525 -0.503084
vt -0.624656 -0.477816
vt -0.624787 -0.451871
vt -0.624506 -0.442635
vt -0.624045 -0.424023
vt -0.622899 -0.396245
vt -0.624773 -0.396245
vt -0.625539 -0.424023
vt -0.626000 -0.442635
vt -0.626281 -0.451871
vt -0.626162 -0.477816
vt -0.626043 -0.503084
vt -0.614136 -0.512506
vt -0.620857 -0.513628
vt -0.649574 -0.503084
vt -0.649585 -0.477816
vt -0.649596 -0.451871
vt -0.649315 -0.442635
vt -0.648854 -0.424023
vt -0.648155 -0.396245
vt -0.632993 -0.573744
vt -0.618627 -0.570002
vt -0.632993 -0.573641
vt -0.619227 -0.569371
vt -0.615056 -0.550674
vt -0.615809 -0.550043
vt -0.615056 -0.550674
vt -0.615809 -0.550043
vt -0.615056 -0.529892
vt -0.615809 -0.529465
vt -0.619492 -0.529253
vt -0.618308 -0.547723
vt -0.615258 -0.549828
vt -0.618308 -0.547723
vt -0.615258 -0.549828
vt -0.620384 -0.564910
vt -0.621086 -0.562324
vt -0.632993 -0.568652
vt -0.632993 -0.565736
vt -0.633071 -0.550501
vt -0.633071 -0.550501
vt -0.625608 -0.528371
vt -0.648012 -0.528143
vt -0.648954 -0.548495
vt -0.648954 -0.548495
vt -0.645802 -0.563272
vt 0.442534 -0.707477
vt 0.458979 -0.664138
vt 0.451117 -0.707477
vt 0.465208 -0.664138
vt 0.468456 -0.707477
vt 0.477734 -0.664138
vt 0.488696 -0.707477
vt 0.497278 -0.707477
vt 0.478738 -0.664138
vt 0.483185 -0.707477
vt 0.466231 -0.664138
vt 0.459062 -0.707477
vt -0.663774 -0.512433
vt -0.654238 -0.520456
vt -0.647697 -0.530556
vt -0.653579 -0.521282
vt -0.653579 -0.521282
vt -0.647697 -0.530556
vt -0.645187 -0.522431
vt -0.640575 -0.517447
vt -0.640575 -0.517447
vt -0.650390 -0.515175
vt -0.640544 -0.530167
vt -0.650202 -0.529385
vt -0.650274 -0.529426
vt -0.618140 -0.529594
vt -0.633076 -0.548623
vt -0.618140 -0.548160
vt -0.618140 -0.548160
vt -0.633076 -0.548623
vt -0.621086 -0.562324
vt -0.632993 -0.565736
vt -0.632993 -0.568548
vt -0.620985 -0.564279
vt -0.615809 -0.549494
vt -0.615809 -0.549494
vt -0.633076 -0.532423
vt -0.633071 -0.552876
vt -0.633071 -0.552876
vt -0.622749 -0.510616
vt -0.625377 -0.518279
vt -0.622660 -0.529863
vt -0.649107 -0.548576
vt -0.649107 -0.548576
vt -0.645773 -0.563242
vt -0.633076 -0.553026
vt -0.633076 -0.553026
vt -0.633076 -0.532353
vt -0.633076 -0.554417
vt -0.633076 -0.554417
vt -0.650238 -0.549955
vt -0.650238 -0.549955
vt -0.646675 -0.569282
vt -0.633076 -0.554313
vt -0.633076 -0.554313
vt -0.640696 -0.530608
vt -0.640696 -0.530608
vt -0.642396 -0.520412
vt -0.642396 -0.520412
vt 0.470156 0.365580
vt 0.455316 0.353464
vt 0.484997 0.353464
vt 0.453487 0.327756
vt 0.486795 0.327502
vt 0.939109 0.081145
vt 0.946994 0.044307
vt 0.931095 0.080027
vt 0.937395 0.044349
vt 0.926554 0.039033
vt 0.935782 0.039033
vt 0.882762 0.039033
vt 0.882762 0.044264
vt 0.882838 0.082263
vt 0.882762 0.098040
vt 0.882838 0.082263
vt 0.882762 0.044264
vt 0.882762 0.039033
vt 0.829742 0.039033
vt 0.818530 0.044307
vt 0.826566 0.081145
vt 0.834580 0.080027
vt 0.828129 0.044349
vt 0.838969 0.039033
vt 0.014892 0.781420
vt 0.015090 0.702542
vt 0.073527 0.781420
vt 0.073527 0.702542
vt 0.015090 0.690702
vt 0.073527 0.690702
vt 0.015090 0.678862
vt 0.073527 0.678862
vt 0.015090 0.649598
vt 0.073527 0.649598
vt 0.127632 0.781420
vt 0.127790 0.702542
vt 0.073527 0.781420
vt 0.073527 0.702542
vt 0.127790 0.690702
vt 0.073527 0.690702
vt 0.127790 0.678862
vt 0.073527 0.678862
vt 0.127790 0.649598
vt 0.073527 0.649598
vt 0.023952 0.781420
vt 0.023439 0.702542
vt 0.452670 0.325772
vt 0.450177 0.304393
vt 0.487643 0.325772
vt 0.490136 0.304393
vt 0.447825 0.279108
vt 0.492488 0.279108
vt 0.455743 0.264568
vt 0.484570 0.264568
vt 0.470156 0.260472
vt -1.892798 0.073803
vt -1.892178 0.072344
vt -1.894112 0.095691
vt -1.888342 0.089426
vt -1.888470 0.063454
vt -1.890355 0.054320
vt -1.884903 0.032371
vt -1.888636 0.033002
vt -1.892745 0.020249
vt -1.894424 0.020745
vt -1.904961 0.010952
vt -1.904961 0.017291
vt -1.915498 0.020745
vt -1.917178 0.020249
vt -1.921287 0.033002
vt -1.925020 0.032371
vt -1.919567 0.054320
vt -1.921453 0.063454
vt -1.917745 0.072344
vt -1.921581 0.089426
vt -1.915810 0.095691
vt -1.917147 0.074017
vt 0.023439 0.649598
vt 0.023439 0.678862
vt 0.023439 0.690702
vt 0.729348 0.264338
vt 0.728068 0.330015
vt 0.691504 0.264044
vt 0.691504 0.330015
vt 0.728068 0.345678
vt 0.691504 0.345678
vt 0.650633 0.264281
vt 0.652128 0.330016
vt 0.652128 0.345678
vt 0.691504 0.264056
vt 0.656687 0.264394
vt 0.691504 0.330015
vt 0.657753 0.330016
vt 0.691504 0.345678
vt 0.503300 0.375017
vt 0.503300 0.267199
vt 0.562831 0.375018
vt 0.562831 0.267199
vt 0.609302 0.375017
vt 0.609302 0.267199
vt 0.562831 0.375017
vt 0.562831 0.267199
vt 0.529421 0.267199
vt 0.529421 0.375017
vt 0.657753 0.345678
vt 0.073527 0.781420
vt 0.019422 0.781420
vt 0.073527 0.702542
vt 0.019264 0.702542
vt 0.019264 0.690702
vt 0.073527 0.690702
vt 0.019264 0.678862
vt 0.073527 0.678862
vt 0.019264 0.649598
vt 0.073527 0.649598
vt 0.073527 0.781420
vt 0.123103 0.781420
vt 0.073527 0.702542
vt 0.123616 0.702542
vt 0.131964 0.702542
vt 0.132162 0.781420
vt 0.452670 0.325772
vt 0.450177 0.304393
vt 0.487643 0.325772
vt 0.490136 0.304393
vt 0.447825 0.279108
vt 0.492488 0.279108
vt 0.455743 0.264568
vt 0.484570 0.264568
vt 0.470156 0.260472
vt -1.892798 0.073803
vt -1.892178 0.072344
vt -1.894112 0.095691
vt -1.888342 0.089426
vt -1.888470 0.063454
vt -1.890355 0.054320
vt -1.884903 0.032371
vt -1.888636 0.033002
vt -1.892745 0.020249
vt -1.894424 0.020745
vt -1.904961 0.010952
vt -1.904961 0.017291
vt -1.915498 0.020745
vt -1.917178 0.020249
vt -1.921287 0.033002
vt -1.925020 0.032371
vt -1.919567 0.054320
vt -1.921453 0.063454
vt -1.917745 0.072344
vt -1.921581 0.089426
vt -1.915810 0.095691
vt -1.917147 0.074017
vt 0.131964 0.690702
vt 0.131964 0.678862
vt 0.131964 0.649598
vt 0.073527 0.690702
vt 0.073527 0.678862
vt 0.073527 0.649598
vt 0.123616 0.649598
vt 0.123616 0.678862
vt 0.123616 0.690702
vt 0.732375 0.264281
vt 0.730880 0.330015
vt 0.691504 0.264044
vt 0.691504 0.330015
vt 0.730880 0.345678
vt 0.691504 0.345678
vt 0.653660 0.264338
vt 0.654940 0.330016
vt 0.654940 0.345678
vt 0.726322 0.264394
vt 0.725255 0.330015
vt 0.691504 0.330015
vt 0.691504 0.264056
vt 0.691504 0.345678
vt 0.453487 0.327756
vt 0.486795 0.327502
vt 0.484997 0.353464
vt 0.455316 0.353464
vt 0.470156 0.365580
vt 0.516360 0.375017
vt 0.516360 0.267199
vt 0.562831 0.375018
vt 0.562831 0.267199
vt 0.562831 0.267199
vt 0.562831 0.375017
vt 0.596241 0.267199
vt 0.596241 0.375017
vt 0.622362 0.267199
vt 0.622362 0.375017
vt 0.725255 0.345678
vt 0.643128 1.371415
vt 0.740356 1.371415
vt 0.631008 1.344805
vt 0.650316 1.309623
vt 0.740356 1.247832
vt 0.631008 1.274442
vt 0.649189 1.247832
vt -0.222001 0.259457
vt -0.210356 0.264046
vt -0.222253 0.261523
vt -0.213872 0.283459
vt -0.200646 0.267668
vt -0.193487 0.283469
vt -0.194851 0.271116
vt -0.345192 0.371267
vt -0.277297 0.371052
vt -0.341983 0.347110
vt -0.273100 0.297910
vt -0.350903 0.301845
vt -1.417005 0.280026
vt -1.418394 0.286112
vt -1.400851 0.273557
vt -1.404133 0.286112
vt -1.400851 0.273557
vt -1.417005 0.280026
vt -0.344563 0.265752
vt -0.303172 0.259362
vt -0.273100 0.253253
vt -0.303172 0.254089
vt -0.303172 0.259362
vt -0.273100 0.297910
vt -0.344563 0.265752
vt 0.358331 0.893513
vt 0.366606 0.937365
vt 0.406116 0.891358
vt 0.494794 0.940380
vt 0.494794 0.986758
vt 0.425831 0.998255
vt 0.376177 0.988082
vt -0.152295 0.392394
vt -0.185488 0.394931
vt -0.185488 0.476688
vt -0.205000 0.419588
vt -0.213897 0.393553
vt 0.331451 0.993258
vt 0.243397 0.925875
vt 0.272615 0.985939
vt 0.230758 0.972399
vt -0.803732 0.301691
vt -0.807970 0.303865
vt -0.807086 0.304258
vt -0.812865 0.304388
vt -1.542404 0.452022
vt -1.549600 0.446983
vt -1.547676 0.452938
vt -1.559233 0.453296
vt -1.559953 0.442387
vt -1.575077 0.449583
vt -1.577392 0.438442
vt -1.590712 0.447888
vt -1.590712 0.437139
vt -1.606346 0.449583
vt -1.604032 0.438442
vt -1.621470 0.442387
vt -1.622191 0.453296
vt -1.631823 0.446983
vt -1.633747 0.452938
vt -1.639020 0.452022
vt 0.102026 0.134638
vt 0.117679 0.145493
vt 0.101942 0.146639
vt 0.117332 0.158508
vt -1.548757 0.446217
vt -1.559427 0.441419
vt -1.572073 0.437555
vt -1.587493 0.435640
vt -1.597148 0.435870
vt -1.609351 0.437555
vt -1.621997 0.441419
vt -1.632667 0.446217
vt -0.030969 0.478754
vt -0.035855 0.439875
vt -0.091006 0.476877
vt -0.080191 0.444056
vt -0.065583 0.399722
vt -0.035613 0.408794
vt 0.413474 0.543879
vt 0.334276 0.546274
vt 0.375759 0.586190
vt 0.281664 0.595379
vt 0.281122 0.548056
vt 0.372256 0.635392
vt 0.273435 0.644750
vt 0.263473 0.686469
vt 0.368001 0.695149
vt 0.040164 0.013912
vt 0.056356 0.024341
vt 0.040164 0.098980
vt 0.056356 0.112840
vt 0.109969 0.179158
vt 0.092629 0.169431
vt 0.109969 0.243824
vt 0.092629 0.246406
vt -0.987202 0.228707
vt -0.955337 0.240200
vt -0.987202 0.202243
vt -0.955337 0.204962
vt 0.094155 0.171538
vt 0.094155 0.233696
vt 0.078166 0.166776
vt 0.076866 0.235185
vt 0.600381 0.463769
vt 0.585820 0.464407
vt 0.603359 0.469845
vt 0.587306 0.469019
vt -0.199790 0.298183
vt -0.211977 0.305474
vt -0.213872 0.301186
vt -0.222646 0.305196
vt -0.238889 0.302484
vt -0.238889 0.283451
vt -0.213872 0.283459
vt -0.213872 0.301186
vt -0.222646 0.305196
vt -0.211977 0.305474
vt -0.199790 0.298183
vt -1.397738 0.286112
vt 1.105076 0.121173
vt 1.093241 0.100262
vt 1.089550 0.100690
vt 1.090091 0.099086
vt 1.098143 0.079116
vt 1.101657 0.079116
vt 1.117937 0.040515
vt 1.113396 0.040580
vt 1.077496 0.006800
vt 1.077496 0.011044
vt 1.113396 0.040580
vt 1.117937 0.040515
vt 1.098143 0.079116
vt 1.101657 0.079116
vt 1.093241 0.100262
vt 1.090091 0.099086
vt 1.089550 0.100690
vt 1.105076 0.121173
vt -1.418270 0.279694
vt -1.434018 0.275568
vt -1.419900 0.285645
vt -1.434018 0.275568
vt -1.466216 0.268973
vt -1.466216 0.268973
vt -1.483743 0.286137
vt 0.760929 0.915112
vt 0.755190 0.969139
vt 0.825317 0.975603
vt 0.786219 0.983833
vt 0.895499 0.973893
vt 0.951137 0.957820
vt 0.884806 0.902409
vt 0.992326 0.896340
vt 1.005992 0.930895
vt 0.993322 0.958351
vt -0.233438 0.259639
vt -0.233438 0.259639
vt -0.222253 0.261523
vt -0.210356 0.264046
vt -0.200646 0.267668
vt -0.193487 0.283469
vt -1.421175 0.279976
vt -1.434018 0.275973
vt -1.421175 0.285272
vt -1.434018 0.275973
vt -1.466262 0.268920
vt -1.466262 0.268920
vt -1.486262 0.286113
vt -0.946730 0.196878
vt -0.948082 0.164665
vt -0.946730 0.196878
vt -0.948082 0.164665
vt -0.954288 0.160189
vt -0.954288 0.160189
vt -0.966437 0.153047
vt -0.966437 0.153047
vt -0.989060 0.143061
vt -0.989060 0.143061
vt -0.966437 0.153047
vt -0.966437 0.153047
vt -0.954288 0.160189
vt -0.954288 0.160189
vt -0.948082 0.164665
vt -0.948082 0.164665
vt -0.946730 0.196878
vt -0.946730 0.196878
vt -0.954288 0.196459
vt -0.967056 0.186753
vt -0.989055 0.185998
vt -0.967056 0.186753
vt -0.954288 0.196459
vt -0.954288 0.196459
vt -0.967056 0.186753
vt -0.989055 0.185998
vt -0.967056 0.186753
vt -0.954288 0.196459
vt 0.555117 0.245416
vt 0.555118 0.250642
vt 0.248039 0.245542
vt 0.248039 0.250779
vt 0.555118 0.250642
vt 0.555117 0.245416
vt -0.880285 0.015693
vt -0.902610 0.027075
vt -0.894338 0.057118
vt -0.928882 0.022156
vt -0.928945 0.068628
vt -0.894338 0.057118
vt -0.902610 0.027075
vt -0.880285 0.015693
vt -0.193770 0.361237
vt -0.206312 0.338553
vt -0.195215 0.350820
vt -0.195869 0.346102
vt -0.211616 0.332709
vt -0.242477 0.335629
vt -0.242477 0.334580
vt -0.211616 0.332709
vt -0.206312 0.338553
vt -0.195869 0.346102
vt -0.195215 0.350820
vt -0.193770 0.361237
vt -0.209316 0.330314
vt -0.217495 0.329671
vt -0.242477 0.328874
vt -0.242477 0.328874
vt -0.217495 0.329671
vt -0.209316 0.330314
vt -0.216950 0.329171
vt -0.242477 0.328294
vt -0.216950 0.329171
vt -1.005892 0.003076
vt -1.005892 0.249305
vt -1.199094 0.003224
vt -1.199094 0.249007
vt -1.005892 0.249305
vt -1.005892 0.003076
vt 1.550861 0.244583
vt 1.550863 0.249815
vt 1.784719 0.244583
vt 1.784715 0.249815
vt -0.346374 0.371396
vt -0.350903 0.347110
vt -0.277750 0.371449
vt -0.350903 0.304667
vt -0.273100 0.253543
vt -0.350903 0.253253
vt -0.350903 0.304667
vt -0.277750 0.371449
vt -0.350903 0.347110
vt -0.346374 0.371396
vt -1.574208 0.343536
vt -1.594111 0.276797
vt -1.594242 0.285795
vt -1.613172 0.301821
vt -1.613172 0.310197
vt -1.594242 0.285795
vt -1.594111 0.276797
vt -1.574208 0.343536
vt 1.077496 0.096868
vt 1.077496 0.098928
vt 0.729779 0.506630
vt 0.728244 0.506697
vt 0.730220 0.506655
vt 0.730106 0.506731
vt 0.729608 0.506906
vt 0.726846 0.506863
vt 0.727861 0.507089
vt 0.726513 0.507316
vt 0.725743 0.507171
vt -0.118158 0.545354
vt -0.092291 0.513094
vt -0.093576 0.549312
vt 0.648551 1.371415
vt 0.631008 1.344805
vt 0.740356 1.371415
vt 0.650316 1.309623
vt 0.740356 1.247832
vt 0.631008 1.274442
vt 0.637761 1.247832
vt -1.654860 0.448360
vt -1.669153 0.447397
vt -1.660624 0.456242
vt -1.668418 0.455893
vt -1.672375 0.472452
vt -1.661280 0.469433
vt -1.670942 0.488351
vt -1.659857 0.487534
vt -1.653027 0.472290
vt -1.645734 0.471263
vt -1.652624 0.488440
vt -1.658932 0.505448
vt -1.645034 0.509913
vt -1.648905 0.513655
vt -1.652802 0.519279
vt -1.622520 0.526977
vt -1.632869 0.531879
vt -1.648649 0.530219
vt -0.345192 0.371267
vt -0.341983 0.347110
vt -0.277297 0.371052
vt -0.350903 0.301845
vt 0.450552 0.932874
vt 0.450795 0.919164
vt 0.448504 0.929874
vt 0.448565 0.921949
vt 0.450209 0.912837
vt 0.448641 0.912240
vt 0.447702 0.915788
vt 0.446311 0.926870
vt 0.446915 0.933965
vt 0.445965 0.936410
vt 0.176535 0.823106
vt 0.182079 0.829449
vt 0.192315 0.824765
vt 0.206069 0.835808
vt 0.215779 0.838381
vt 0.754805 0.952879
vt 0.746192 0.925875
vt 0.716973 0.985939
vt 0.707914 0.960621
vt 0.669637 0.995368
vt -0.803732 0.301691
vt -0.807086 0.304258
vt -0.807970 0.303865
vt -0.812865 0.304388
vt 0.043226 0.634866
vt 0.092609 0.631049
vt 0.096115 0.601098
vt 0.149004 0.567331
vt 0.158197 0.905164
vt 0.143410 0.961502
vt 0.157439 0.910404
vt 0.159609 0.923408
vt 0.156373 0.917767
vt -0.238889 0.258178
vt -0.233377 0.257578
vt 0.086784 0.134638
vt 0.086868 0.146639
vt 0.071130 0.145493
vt 0.071478 0.158508
vt -1.631094 0.516040
vt -1.632633 0.520704
vt -1.608923 0.518628
vt -1.596852 0.522498
vt -1.609507 0.531428
vt -1.608148 0.546706
vt -1.636999 0.545234
vt -1.610223 0.510568
vt -1.590712 0.509956
vt -1.590712 0.518493
vt -1.590712 0.527030
vt -1.590712 0.544333
vt -1.599683 0.490375
vt -1.590712 0.489878
vt -1.581741 0.490375
vt -1.571201 0.510568
vt -1.572501 0.518628
vt -1.584572 0.522498
vt -1.571916 0.531428
vt -1.570478 0.547317
vt -1.548555 0.531879
vt -1.544425 0.545234
vt -1.520607 0.543576
vt -1.525864 0.529121
vt -1.528621 0.519279
vt -1.522491 0.505448
vt -1.516083 0.523597
vt -1.507547 0.518776
vt -1.506342 0.506658
vt -1.521566 0.487534
vt -1.510482 0.488351
vt -1.520143 0.469433
vt -1.508403 0.476049
vt -1.513005 0.455893
vt -1.520800 0.456242
vt -1.526564 0.448360
vt -1.513074 0.443605
vt -1.517016 0.428210
vt -1.525127 0.438115
vt -1.537839 0.448217
vt -1.538644 0.439222
vt -1.545602 0.444403
vt -1.557414 0.433151
vt -1.554271 0.426213
vt -1.576555 0.426054
vt -1.575867 0.417343
vt -1.590712 0.425234
vt -1.590712 0.419720
vt -1.605557 0.417343
vt -1.604869 0.426054
vt -1.627153 0.426213
vt -1.624010 0.433151
vt -1.642780 0.439222
vt -1.635822 0.444403
vt -1.643585 0.448217
vt -1.658096 0.442719
vt -1.648741 0.449972
vt -1.639971 0.452712
vt -1.641299 0.453939
vt -1.634018 0.457522
vt -1.616834 0.461207
vt -1.629944 0.460613
vt -1.625722 0.466387
vt -1.642256 0.469411
vt -1.528396 0.472290
vt -1.528799 0.488440
vt -1.535690 0.471263
vt -1.539167 0.469411
vt -1.551480 0.460613
vt -1.555702 0.466387
vt -1.564589 0.461207
vt -1.547406 0.457522
vt -1.540124 0.453939
vt -1.541452 0.452712
vt -1.532683 0.449972
vt -1.548165 0.445038
vt -1.560278 0.437962
vt -1.578284 0.431736
vt -1.590712 0.430766
vt -1.603140 0.431736
vt -1.621146 0.437962
vt -1.633258 0.445038
vt -1.536389 0.509913
vt -1.532518 0.513655
vt -1.550330 0.516040
vt -1.548791 0.520704
vt -1.577391 0.476963
vt -1.582679 0.465396
vt -1.586043 0.460939
vt -1.583946 0.471578
vt -1.590712 0.471990
vt -1.590712 0.467367
vt -1.586898 0.470610
vt -1.585420 0.466800
vt -1.586898 0.462803
vt -1.590712 0.458824
vt -1.590712 0.461855
vt -1.594525 0.462803
vt -1.595380 0.460939
vt -1.596003 0.466800
vt -1.598744 0.465396
vt -1.594525 0.470610
vt -1.597474 0.471581
vt -1.604032 0.476963
vt -1.558903 0.526977
vt 0.521637 0.585873
vt 0.613829 0.586190
vt 0.579056 0.542216
vt 0.655312 0.546274
vt 0.707924 0.595379
vt 0.616868 0.634371
vt 0.716153 0.644750
vt 0.620418 0.690662
vt 0.726116 0.686469
vt 0.723235 0.728071
vt 0.623968 0.746954
vt 0.732730 0.782445
vt 0.624539 0.788575
vt 0.494794 0.749812
vt 0.494794 0.791311
vt 0.024305 0.013912
vt 0.024305 0.098980
vt 0.008113 0.024341
vt 0.008113 0.112840
vt 0.109969 0.179158
vt 0.109969 0.243824
vt 0.092629 0.169431
vt 0.092629 0.246406
vt -0.955337 0.204962
vt -0.955337 0.240200
vt -0.987202 0.202243
vt -0.987202 0.228707
vt 0.094155 0.171538
vt 0.078166 0.166776
vt 0.094155 0.233696
vt 0.076866 0.235185
vt 0.566046 0.477656
vt 0.566454 0.479234
vt 0.564901 0.477195
vt 0.565424 0.479506
vt 0.565992 0.481493
vt 0.566089 0.481822
vt 0.566676 0.481911
vt 0.566071 0.482279
vt 0.566191 0.482512
vt 0.565509 0.483356
vt 0.565784 0.482361
vt 0.565699 0.481991
vt 0.565299 0.480776
vt 0.564965 0.481276
vt 0.564680 0.481248
vt 0.564503 0.482376
vt 0.563496 0.481395
vt 0.564397 0.480701
vt 0.563757 0.479277
vt 0.564479 0.479421
vt 0.563801 0.477476
vt 0.564781 0.478908
vt 0.565125 0.478962
vt 0.771207 0.984329
vt 0.754184 0.953452
vt 0.825317 0.976277
vt 0.760929 0.915112
vt 1.784719 0.244583
vt 1.784715 0.249815
vt 1.550861 0.244583
vt 1.550863 0.249815
vt 0.957898 0.657798
vt 0.956477 0.699597
vt 0.917866 0.653729
vt 0.859192 0.682535
vt 0.864970 0.730392
vt 0.930278 0.751738
vt 0.981546 0.752191
vt 1.005992 0.925098
vt 0.996652 0.955906
vt 0.992326 0.896340
vt 0.951137 0.963441
vt 0.895499 0.973525
vt 0.886173 0.911393
vt 0.883051 0.890591
vt 0.879206 0.864979
vt 0.989381 0.844218
vt 0.718587 0.500923
vt 0.719287 0.500930
vt 0.718678 0.501339
vt 0.719255 0.501386
vt 0.719771 0.501207
vt 0.719478 0.500351
vt 0.718667 0.500563
vt -0.445144 0.244826
vt -0.445143 0.250037
vt -0.760251 0.244826
vt -0.758074 0.250037
vt -0.862142 0.243228
vt -0.862163 0.250037
vt -0.758070 0.250037
vt -0.760248 0.244826
vt -0.445143 0.250037
vt -0.445144 0.244826
vt 0.244835 0.177816
vt 0.255881 0.178026
vt 0.244821 0.197099
vt 0.255880 0.197205
vt 0.304261 0.190633
vt 0.294751 0.193732
vt 0.293088 0.172904
vt 0.283724 0.175989
vt 0.210161 0.172575
vt 0.219569 0.175990
vt 0.200461 0.190807
vt 0.210034 0.193179
vt 0.448848 0.405169
vt 0.448341 0.406352
vt 0.466941 0.414068
vt 0.467920 0.418322
vt 0.443167 0.405324
vt 0.440459 0.402524
vt 0.417021 0.400009
vt 0.417122 0.401795
vt 0.407745 0.402149
vt 0.407723 0.399809
vt 0.381954 0.405014
vt 0.386454 0.402354
vt 0.378535 0.406763
vt 0.357169 0.418240
vt 0.378100 0.405596
vt 0.358177 0.414068
vt 0.337949 0.443610
vt 0.360913 0.426838
vt 0.345870 0.489496
vt 0.318891 0.490626
vt 0.336780 0.536047
vt 0.383613 0.566238
vt 0.387086 0.516093
vt 0.438031 0.516093
vt 0.441504 0.566238
vt 0.479247 0.489496
vt 0.488338 0.536047
vt 0.506227 0.490626
vt 0.487168 0.443611
vt 0.463907 0.427702
vt 0.244835 0.177816
vt 0.255881 0.178026
vt 0.244821 0.197099
vt 0.255880 0.197205
vt 0.304261 0.190633
vt 0.294751 0.193732
vt 0.293088 0.172904
vt 0.283724 0.175989
vt 0.210161 0.172575
vt 0.219569 0.175990
vt 0.200461 0.190807
vt 0.210034 0.193179
vt 0.448848 0.405169
vt 0.448341 0.406352
vt 0.466941 0.414068
vt 0.467920 0.418322
vt 0.443167 0.405324
vt 0.440459 0.402524
vt 0.417021 0.400009
vt 0.417122 0.401795
vt 0.407745 0.402149
vt 0.407723 0.399809
vt 0.381954 0.405014
vt 0.386454 0.402354
vt 0.378535 0.406763
vt 0.357169 0.418240
vt 0.378100 0.405596
vt 0.358177 0.414068
vt 0.337949 0.443610
vt 0.360913 0.426838
vt 0.345870 0.489496
vt 0.318891 0.490626
vt 0.336780 0.536047
vt 0.383613 0.566238
vt 0.387086 0.516093
vt 0.441504 0.566238
vt 0.438031 0.516093
vt 0.479247 0.489496
vt 0.488338 0.536047
vt 0.506227 0.490626
vt 0.487168 0.443611
vt 0.463907 0.427702
vt 0.867169 0.751180
vt 0.873481 0.810857
vt 0.823356 0.756052
vt 0.745619 0.764696
vt 0.759641 0.816542
vt 0.613412 0.988082
vt 0.619652 0.937644
vt 0.546613 0.998255
vt 0.583638 0.938433
vt 0.547068 0.939235
vt 0.574750 0.500072
vt 0.573912 0.497166
vt 0.574242 0.500384
vt 0.572749 0.496812
vt 0.572660 0.496361
vt 0.573014 0.495942
vt 0.573187 0.494653
vt 0.572772 0.494907
vt 0.572373 0.494597
vt 0.572781 0.492337
vt 0.574196 0.494475
vt 0.573021 0.492325
vt 0.573936 0.493282
vt 0.576066 0.494144
vt 0.574598 0.492244
vt 0.575658 0.492190
vt 0.577045 0.494073
vt 0.576762 0.497193
vt 0.577430 0.495196
vt 0.577774 0.495982
vt 0.577747 0.497057
vt 0.578351 0.496554
vt 0.578435 0.496961
vt 0.578761 0.496087
vt 0.579114 0.496867
vt 0.578787 0.495088
vt 0.579754 0.496661
vt 0.579779 0.496734
vt 0.579743 0.497283
vt 0.579647 0.499775
vt 0.579959 0.497858
vt 0.580321 0.498157
vt 0.581184 0.500150
vt 0.581124 0.498195
vt 0.580319 0.497663
vt 0.581064 0.496239
vt 0.580161 0.497234
vt 0.578619 0.493942
vt 0.580649 0.492980
vt 0.578486 0.492062
vt 0.578628 0.491641
vt 0.579467 0.491059
vt 0.578718 0.491197
vt 0.578758 0.490736
vt 0.579876 0.488344
vt 0.577623 0.488953
vt 0.578268 0.490581
vt 0.578346 0.491564
vt 0.578195 0.491943
vt 0.577867 0.492063
vt 0.577390 0.491742
vt 0.575047 0.489260
vt 0.575352 0.490725
vt 0.574396 0.490700
vt 0.573913 0.489324
vt 0.574606 0.487150
vt 0.573043 0.488426
vt 0.572830 0.487240
vt 0.574207 0.484657
vt 0.574710 0.485123
vt 0.577219 0.486841
vt 0.575250 0.484505
vt 0.576677 0.484299
vt 0.575762 0.482603
vt 0.576130 0.482684
vt 0.576134 0.481757
vt 0.577140 0.492045
vt 0.577019 0.493337
vt 0.879206 0.864979
vt 0.989159 0.863093
vt 0.872088 0.797685
vt 0.869326 0.771577
vt 0.825437 0.805508
vt 0.746184 0.776197
vt 0.759641 0.816542
vt 0.472643 0.943281
vt 0.472254 0.933553
vt 0.473080 0.941656
vt 0.474530 0.930696
vt 0.473093 0.922872
vt 0.474690 0.918950
vt 0.475752 0.919414
vt 0.476938 0.925716
vt 0.474451 0.936559
vt 0.477001 0.939687
vt 0.983531 0.758505
vt 0.956477 0.699597
vt 0.936779 0.763856
vt 0.864970 0.730392
vt 0.859186 0.682480
vt 0.888595 0.662613
vt 0.957898 0.657798
vt 0.191091 0.317801
vt 0.191044 0.317802
vt 0.191176 0.317790
vt 0.191118 0.317790
vt 0.191240 0.317874
vt 0.191174 0.317869
vt 0.191192 0.317974
vt 0.191262 0.317990
vt 0.191087 0.317960
vt 0.191041 0.317943
vt 0.191106 0.318002
vt 0.191158 0.318023
vt 0.565729 0.481614
vt 0.193836 0.316986
vt 0.193757 0.316975
vt 0.193901 0.316994
vt 0.193811 0.316991
vt 0.193796 0.317063
vt 0.193727 0.317041
vt 0.193734 0.317109
vt 0.193802 0.317136
vt 0.193876 0.317151
vt 0.193795 0.317119
vt 0.193828 0.317066
vt 0.193912 0.317083
vt 0.194028 0.314664
vt 0.193965 0.314640
vt 0.193976 0.314577
vt 0.193912 0.314577
vt 0.193949 0.314393
vt 0.193880 0.314397
vt 0.193948 0.314280
vt 0.194017 0.314306
vt 0.194107 0.314361
vt 0.194041 0.314365
vt 0.194053 0.314582
vt 0.194125 0.314591
vt 0.193828 0.314002
vt 0.193760 0.313960
vt 0.193834 0.313799
vt 0.193760 0.313785
vt 0.193878 0.313569
vt 0.193958 0.313524
vt 0.193902 0.314024
vt 0.193996 0.314074
vt 0.194097 0.313964
vt 0.193997 0.313914
vt 0.194047 0.313664
vt 0.194143 0.313652
vt 0.193987 0.313573
vt 0.194066 0.313537
vt 0.190379 0.313724
vt 0.190310 0.313729
vt 0.190463 0.313781
vt 0.190387 0.313780
vt 0.190441 0.313937
vt 0.190524 0.313955
vt 0.190397 0.314142
vt 0.190327 0.314105
vt 0.190318 0.313812
vt 0.190255 0.313807
vt 0.190275 0.314049
vt 0.190214 0.314017
vt 0.190046 0.316149
vt 0.189916 0.316119
vt 0.190175 0.316099
vt 0.190048 0.316085
vt 0.189987 0.316187
vt 0.189859 0.316214
vt 0.189865 0.316584
vt 0.189996 0.316559
vt 0.190043 0.316775
vt 0.189909 0.316800
vt 0.190152 0.316946
vt 0.190022 0.316982
vt 0.190135 0.316958
vt 0.190262 0.316910
vt 0.190288 0.316786
vt 0.190156 0.316822
vt 0.190304 0.316673
vt 0.190173 0.316679
vt 0.190168 0.316403
vt 0.190294 0.316378
vt 0.189703 0.316983
vt 0.189777 0.316978
vt 0.189759 0.317188
vt 0.189833 0.317183
vt 0.189647 0.317196
vt 0.189692 0.317233
vt 0.189720 0.317191
vt 0.189766 0.317228
vt 0.189616 0.317022
vt 0.189689 0.317017
vt 0.189374 0.315262
vt 0.189456 0.315230
vt 0.189463 0.315256
vt 0.189546 0.315235
vt 0.189378 0.315341
vt 0.189462 0.315325
vt 0.189455 0.315502
vt 0.189371 0.315500
vt 0.189435 0.315568
vt 0.189518 0.315568
vt 0.189497 0.315452
vt 0.189582 0.315444
vt 0.189584 0.315378
vt 0.189498 0.315394
vt 0.571087 0.500642
vt 0.567678 0.500620
vt 0.572165 0.500529
vt 0.568866 0.500753
vt 0.564728 0.501537
vt 0.568237 0.501045
vt 0.568487 0.500993
vt 0.567213 0.501207
vt 0.570168 0.500972
vt 0.570369 0.501025
vt 0.573923 0.500845
vt 0.570908 0.500844
vt 0.570604 0.500726
vt 0.189945 0.313589
vt 0.189934 0.313460
vt 0.189928 0.313561
vt 0.189910 0.313433
vt 0.189619 0.313470
vt 0.189640 0.313596
vt 0.189524 0.313520
vt 0.189550 0.313646
vt 0.189576 0.313619
vt 0.189560 0.313491
vt 0.189747 0.313581
vt 0.189730 0.313453
vt 0.191338 0.313298
vt 0.191151 0.313294
vt 0.191314 0.313453
vt 0.191136 0.313450
vt 0.190844 0.313367
vt 0.190845 0.313518
vt 0.190490 0.313544
vt 0.190470 0.313393
vt 0.190396 0.313565
vt 0.190372 0.313416
vt 0.190380 0.313569
vt 0.190355 0.313420
vt 0.190490 0.313544
vt 0.190471 0.313393
vt 0.190822 0.313509
vt 0.190820 0.313357
vt 0.191110 0.313477
vt 0.191124 0.313323
vt 0.191154 0.313300
vt 0.191201 0.313289
vt 0.191154 0.313417
vt 0.191201 0.313406
vt 0.191074 0.313311
vt 0.191074 0.313428
vt 0.190912 0.313316
vt 0.190912 0.313433
vt 0.190850 0.313324
vt 0.190850 0.313441
vt 0.190921 0.313410
vt 0.190921 0.313292
vt 0.581787 0.499923
vt 0.581369 0.499970
vt 0.578433 0.500243
vt 0.577053 0.500567
vt 0.578327 0.500462
vt 0.580760 0.500613
vt 0.578469 0.500738
vt 0.577502 0.500550
vt 0.579330 0.500209
vt 0.578442 0.500802
vt 0.576579 0.500862
vt 0.573863 0.501025
vt 0.570024 0.501307
vt 0.568469 0.501545
vt 0.566935 0.501823
vt 0.565223 0.501970
vt 0.566648 0.501877
vt 0.563034 0.502272
vt 0.565206 0.501904
vt 0.567200 0.501783
vt 0.568497 0.501647
vt 0.569561 0.501483
vt 0.569363 0.501580
vt 0.572508 0.501237
vt 0.572470 0.501201
vt 0.572940 0.501096
vt 0.575933 0.500838
vt 0.575790 0.500867
vt 0.571986 0.500761
vt 0.574311 0.500843
vt 0.566968 0.501544
vt 0.568076 0.501517
vt -0.287970 0.468235
vt -0.270754 0.439692
vt -0.305392 0.399722
vt -0.264172 0.397022
vt 0.569327 0.501569
vt 0.192428 0.313227
vt 0.192428 0.313394
vt 0.192380 0.313210
vt 0.192380 0.313377
vt 0.192440 0.313251
vt 0.192440 0.313418
vt 0.192639 0.313353
vt 0.192639 0.313186
vt 0.192866 0.313232
vt 0.192866 0.313399
vt 0.193152 0.313388
vt 0.193152 0.313221
vt 0.193258 0.313347
vt 0.193258 0.313181
vt 0.193264 0.313213
vt 0.193264 0.313380
vt 0.193155 0.313361
vt 0.193155 0.313195
vt 0.192971 0.313359
vt 0.192971 0.313192
vt 0.192766 0.313361
vt 0.192766 0.313194
vt 0.192469 0.313392
vt 0.192635 0.313363
vt 0.192469 0.313225
vt 0.192635 0.313196
vt 0.192722 0.313355
vt 0.192722 0.313188
vt 0.192853 0.313352
vt 0.192853 0.313185
vt 0.192861 0.313349
vt 0.192861 0.313182
vt 0.192683 0.313350
vt 0.192683 0.313183
vt 0.192563 0.313195
vt 0.192563 0.313361
vt -0.445198 0.002769
vt -0.861391 0.002769
vt -0.445198 0.002769
vt 1.784914 0.001552
vt 1.550741 0.001552
vt 0.555069 0.002671
vt 0.248039 0.002308
vt 0.555069 0.002671
vt 1.550741 0.001552
vt 1.784914 0.001552
vt 0.193358 0.316896
vt 0.193294 0.316901
vt 0.193400 0.317019
vt 0.193336 0.317024
vt 0.193402 0.317001
vt 0.193466 0.316997
vt 0.193430 0.316892
vt 0.193494 0.316887
vt 0.193429 0.316812
vt 0.193493 0.316807
vt 0.193385 0.316728
vt 0.193449 0.316724
vt 0.193395 0.316771
vt 0.193331 0.316776
vt 0.570920 0.483108
vt 0.569417 0.483358
vt 0.567090 0.481945
vt 0.568434 0.484088
vt 0.567295 0.484341
vt 0.567434 0.485283
vt 0.568032 0.485206
vt 0.567572 0.486225
vt 0.568205 0.486329
vt 0.567484 0.488812
vt 0.569206 0.487622
vt 0.571411 0.488731
vt 0.571065 0.487781
vt 0.573625 0.488281
vt 0.572286 0.486997
vt 0.573482 0.487193
vt 0.572489 0.484845
vt 0.571402 0.483429
vt 0.572771 0.483125
vt 0.572566 0.481947
vt 0.572360 0.480769
vt 0.574838 0.481529
vt 0.575604 0.481359
vt 0.575610 0.481255
vt 0.577553 0.481546
vt 0.576439 0.481914
vt 0.578556 0.483681
vt 0.576270 0.482556
vt 0.576307 0.483465
vt 0.575752 0.482833
vt 0.574651 0.482504
vt 0.574491 0.482113
vt 0.193418 0.314955
vt 0.193477 0.314947
vt 0.193348 0.314960
vt 0.193407 0.314952
vt 0.193381 0.315044
vt 0.193311 0.315048
vt 0.193327 0.315237
vt 0.193398 0.315233
vt 0.193509 0.315048
vt 0.193439 0.315053
vt 0.193492 0.315158
vt 0.193422 0.315163
vt 0.193389 0.315287
vt 0.193459 0.315282
vt 0.723045 0.504862
vt 0.722147 0.505503
vt 0.721866 0.503191
vt 0.721033 0.505214
vt 0.720437 0.504367
vt 0.720168 0.503339
vt 0.720218 0.502561
vt 0.720539 0.501918
vt 0.720914 0.501517
vt 0.721800 0.501114
vt 0.722368 0.501314
vt 0.723207 0.502394
vt 0.723525 0.503036
vt 0.723338 0.504099
vt 0.578119 0.492449
vt 0.578417 0.493105
vt 0.719393 0.501687
vt 0.192155 0.314127
vt 0.191928 0.314054
vt 0.192083 0.314124
vt 0.191855 0.314051
vt 0.191675 0.314184
vt 0.191747 0.314187
vt 0.192264 0.314541
vt 0.192256 0.314709
vt 0.192337 0.314544
vt 0.192329 0.314715
vt 0.192192 0.314848
vt 0.192265 0.314853
vt 0.192117 0.314932
vt 0.192190 0.314938
vt 0.191937 0.315013
vt 0.192010 0.315019
vt 0.191895 0.314969
vt 0.191821 0.314964
vt 0.191721 0.314725
vt 0.191648 0.314721
vt 0.191583 0.314578
vt 0.191655 0.314582
vt 0.191690 0.314351
vt 0.191617 0.314348
vt 0.192279 0.314317
vt 0.192206 0.314314
vt 0.192435 0.314905
vt 0.192580 0.314978
vt 0.192500 0.314912
vt 0.192647 0.314993
vt 0.192665 0.315087
vt 0.192599 0.315062
vt 0.192648 0.315169
vt 0.192577 0.315154
vt 0.192409 0.315202
vt 0.192484 0.315207
vt 0.192422 0.315017
vt 0.192354 0.315010
vt 0.192467 0.313668
vt 0.192568 0.313760
vt 0.192540 0.313663
vt 0.192639 0.313758
vt 0.192560 0.313848
vt 0.192632 0.313845
vt 0.192497 0.313957
vt 0.192568 0.313951
vt 0.192437 0.313855
vt 0.192366 0.313856
vt 0.192468 0.313737
vt 0.192393 0.313737
vt 0.721044 0.492557
vt 0.721048 0.492497
vt 0.721010 0.492223
vt 0.720479 0.492319
vt 0.720762 0.492858
vt 0.720263 0.493065
vt 0.719913 0.492281
vt 0.720358 0.491880
vt 0.575669 0.479582
vt 0.575821 0.481385
vt 0.575578 0.481853
vt 0.574884 0.481973
vt 0.574012 0.481104
vt 0.573717 0.479682
vt 0.573346 0.479701
vt 0.573347 0.479192
vt 0.574961 0.477296
vt 0.573138 0.478656
vt 0.573128 0.477708
vt 0.571543 0.477694
vt 0.572799 0.479091
vt 0.570755 0.479881
vt 0.572775 0.479737
vt 0.571100 0.482117
vt 0.572945 0.480076
vt 0.573507 0.481540
vt 0.573386 0.482182
vt 0.573499 0.483138
vt 0.571518 0.484833
vt 0.571896 0.487287
vt 0.571144 0.487014
vt 0.570927 0.486350
vt 0.570447 0.486361
vt 0.569259 0.484238
vt 0.570345 0.486724
vt 0.569082 0.486265
vt 0.570133 0.489253
vt 0.570948 0.487629
vt 0.571446 0.489354
vt 0.572270 0.489417
vt 0.572526 0.490877
vt 0.572496 0.489404
vt 0.572510 0.489403
vt 0.573254 0.480244
vt 0.575149 0.482683
vt 0.575642 0.482220
vt 0.575647 0.482212
vt 0.192253 0.317067
vt 0.192326 0.317057
vt 0.192343 0.316984
vt 0.192415 0.316973
vt 0.504070 0.585813
vt 0.504070 0.585813
vt 0.494794 0.597536
vt 0.494794 0.597536
vt 0.192113 0.316913
vt 0.192185 0.316902
vt 0.192120 0.316986
vt 0.192193 0.316976
vt 0.192115 0.316915
vt 0.192166 0.316833
vt 0.192184 0.316915
vt 0.192243 0.316837
vt 0.192342 0.316798
vt 0.192262 0.316805
vt 0.191372 0.317385
vt 0.191455 0.317486
vt 0.191445 0.317373
vt 0.191529 0.317487
vt 0.191533 0.317600
vt 0.191459 0.317586
vt 0.191455 0.317714
vt 0.191381 0.317699
vt 0.191249 0.317626
vt 0.191322 0.317639
vt 0.191227 0.317501
vt 0.191299 0.317504
vt 0.191345 0.317420
vt 0.191272 0.317428
vt 0.730052 0.497742
vt 0.730622 0.499016
vt 0.730026 0.497745
vt 0.728804 0.499161
vt 0.730308 0.500388
vt 0.728994 0.500534
vt 0.729019 0.501443
vt 0.727346 0.500719
vt 0.727036 0.499341
vt 0.727337 0.498036
vt 0.728681 0.497891
vt 0.728591 0.497042
vt 0.570685 0.496183
vt 0.572077 0.495332
vt 0.570493 0.494467
vt 0.572100 0.495017
vt 0.569805 0.491646
vt 0.360163 0.848117
vt 0.361318 0.819500
vt 0.260769 0.837982
vt 0.321168 0.790077
vt 0.255341 0.788792
vt 0.190349 0.315673
vt 0.190247 0.315651
vt 0.190230 0.315389
vt 0.190128 0.315366
vt 0.190291 0.315091
vt 0.190188 0.315069
vt 0.190549 0.314872
vt 0.190447 0.314850
vt 0.190788 0.315025
vt 0.190890 0.315047
vt 0.190854 0.315329
vt 0.190957 0.315352
vt 0.190797 0.315612
vt 0.190899 0.315635
vt 0.190545 0.315818
vt 0.190647 0.315841
vt 0.190354 0.315673
vt 0.190252 0.315650
vt 0.189636 0.314522
vt 0.189739 0.314544
vt 0.189660 0.314582
vt 0.189762 0.314604
vt 0.189774 0.314654
vt 0.189876 0.314676
vt 0.189997 0.314602
vt 0.189894 0.314579
vt 0.189739 0.314303
vt 0.189841 0.314325
vt 0.189887 0.314371
vt 0.189990 0.314394
vt 0.189872 0.316049
vt 0.190006 0.316159
vt 0.189975 0.316071
vt 0.190108 0.316182
vt 0.189990 0.316295
vt 0.190093 0.316317
vt 0.189806 0.316311
vt 0.189908 0.316334
vt 0.189796 0.316242
vt 0.189898 0.316265
vt 1.733755 -0.733325
vt 1.707144 -0.733325
vt 1.742426 -0.724941
vt 1.711423 -0.724941
vt 1.659745 -0.724941
vt 1.668303 -0.733325
vt 1.636940 -0.724941
vt 1.645611 -0.733325
vt 1.659430 -0.733325
vt 1.650873 -0.724941
vt 1.692017 -0.733325
vt 1.692017 -0.724941
vt 1.728493 -0.724941
vt 1.719936 -0.733325
vt 1.731458 -0.697520
vt 1.738106 -0.696590
vt 1.710089 -0.696590
vt 1.662413 -0.696590
vt 1.641260 -0.696590
vt 1.653540 -0.696590
vt 1.692017 -0.696590
vt 1.665093 -0.659723
vt 1.655483 -0.650072
vt 1.663461 -0.659723
vt 1.692017 -0.650072
vt 1.715905 -0.659723
vt 1.723883 -0.650072
vt 1.705128 -0.654897
vt 1.692017 -0.636831
vt 1.707144 -0.733325
vt 1.733755 -0.733325
vt 1.742426 -0.724941
vt 1.728493 -0.724941
vt 1.719936 -0.733325
vt 1.692017 -0.733325
vt 1.692017 -0.724941
vt 1.650873 -0.724941
vt 1.659430 -0.733325
vt 1.636940 -0.724941
vt 1.645611 -0.733325
vt 1.668303 -0.733325
vt 1.659745 -0.724941
vt 1.711423 -0.724941
vt 1.738106 -0.696590
vt 1.731458 -0.697520
vt 1.692017 -0.696590
vt 1.653540 -0.696590
vt 1.641260 -0.696590
vt 1.662413 -0.696590
vt 1.710089 -0.696590
vt 1.723883 -0.650072
vt 1.715905 -0.659723
vt 1.692017 -0.650072
vt 1.663461 -0.659723
vt 1.655483 -0.650072
vt 1.665093 -0.659723
vt 1.705128 -0.654897
vt 1.692017 -0.636831
vt -1.904961 0.114807
vt -1.904961 0.104776
vt -1.918154 0.100963
vt -1.912573 0.097493
vt -1.911445 0.086686
vt -1.917203 0.065074
vt -1.904961 0.062839
vt -1.904961 0.081647
vt -1.897913 0.092090
vt -1.892719 0.065074
vt -1.891769 0.100963
vt -1.892497 0.102759
vt -1.904961 0.107764
vt -1.917426 0.102759
vt -1.920289 0.037511
vt -1.904961 0.038095
vt -1.901547 0.034494
vt -1.904961 0.105906
vt -1.904961 0.015526
vt 0.882762 0.046908
vt 0.855504 0.046908
vt 0.859715 0.046908
vt 0.882762 0.046908
vt 0.907914 0.046908
vt 0.829742 0.039033
vt 0.882762 0.039033
vt 0.818530 0.044307
vt 0.882762 0.044264
vt 0.946994 0.044307
vt 0.935782 0.039033
vt 0.926554 0.039033
vt 0.937395 0.044349
vt 0.882762 0.044264
vt 0.882762 0.039033
vt 0.828129 0.044349
vt 0.838969 0.039033
vt 0.826566 0.081145
vt 0.882838 0.082263
vt 0.939109 0.081145
vt 0.931095 0.080027
vt 0.882838 0.082263
vt 0.834580 0.080027
vt 0.882762 0.098040
vt -1.904961 0.114807
vt -1.904961 0.104776
vt -1.918154 0.100963
vt -1.912009 0.092090
vt -1.917203 0.065074
vt -1.904961 0.081647
vt -1.904961 0.062839
vt -1.898477 0.086686
vt -1.892719 0.065074
vt -1.891769 0.100963
vt -1.897350 0.097493
vt -1.892497 0.102759
vt -1.904961 0.107764
vt -1.917426 0.102759
vt -1.920289 0.037511
vt -1.904961 0.038095
vt -1.901547 0.034494
vt -1.904961 0.105906
vt -1.904961 0.015526
vt 0.910020 0.046908
vt 0.882762 0.046908
vt 0.857609 0.046908
vt 0.882762 0.046908
vt 0.905808 0.046908
vt 0.565038 0.484468
vt 0.568673 0.484266
vt 0.565622 0.483439
vt 0.566756 0.483156
vt 0.568112 0.482120
vt 0.566708 0.482267
vt 0.566919 0.481928
vt 0.566137 0.482122
vt 0.563177 0.481327
vt 0.565304 0.482414
vt 0.563384 0.484560
vt 0.562719 0.484596
vt 0.561218 0.483786
vt 0.559621 0.484032
vt 0.557729 0.482513
vt 0.558572 0.484822
vt 0.557215 0.484895
vt 0.558153 0.485585
vt 0.557750 0.486822
vt 0.558513 0.486949
vt 0.556941 0.490019
vt 0.559263 0.488200
vt 0.563727 0.489915
vt 0.561557 0.488165
vt 0.562464 0.487606
vt 0.563591 0.487794
vt 0.563055 0.485669
vt 0.563440 0.485432
vt 0.731931 0.492168
vt 0.731477 0.491287
vt 0.731405 0.491964
vt 0.731028 0.491324
vt 0.730957 0.491795
vt 0.731535 0.494206
vt 0.730899 0.492271
vt 0.730927 0.493620
vt 0.731466 0.494918
vt 0.731965 0.495164
vt 0.732207 0.494783
vt 0.732136 0.493160
vt 0.732128 0.507106
vt 0.733060 0.506860
vt 0.732131 0.506847
vt 0.733617 0.506780
vt 0.734014 0.506609
vt 0.733797 0.506874
vt 0.732960 0.507070
vt 0.255472 0.492681
vt 0.254413 0.492956
vt 0.254541 0.492828
vt 0.253553 0.492674
vt 0.253474 0.492763
vt 0.252665 0.492843
vt 0.252453 0.492951
vt 0.252535 0.492664
vt 0.252344 0.492633
vt 0.251839 0.492600
vt 0.251922 0.492727
vt 0.251005 0.492442
vt 0.251096 0.492564
vt 0.250635 0.492113
vt 0.250733 0.492235
vt 0.250011 0.492152
vt 0.249882 0.492050
vt 0.249269 0.491497
vt 0.249415 0.491608
vt 0.248691 0.491543
vt 0.248568 0.491431
vt 0.248103 0.491022
vt 0.248007 0.490902
vt 0.247270 0.490775
vt 0.247403 0.490903
vt 0.246981 0.490451
vt 0.246880 0.490338
vt 0.246666 0.490234
vt 0.246557 0.489987
vt 0.246606 0.489881
vt 0.246682 0.490037
vt 0.247643 0.490038
vt 0.247701 0.490190
vt 0.248399 0.490181
vt 0.248357 0.489974
vt 0.249577 0.489873
vt 0.249625 0.489998
vt 0.250613 0.489838
vt 0.250841 0.490078
vt 0.250750 0.489623
vt 0.251026 0.489678
vt 0.251554 0.490178
vt 0.251398 0.490290
vt 0.252160 0.490491
vt 0.252405 0.490617
vt 0.252283 0.490753
vt 0.253368 0.491253
vt 0.253486 0.491114
vt 0.253882 0.491400
vt 0.253996 0.491278
vt 0.254791 0.491716
vt 0.254606 0.491831
vt 0.255510 0.492040
vt 0.255358 0.492169
vt 0.256083 0.492448
vt 0.256239 0.492337
vt 0.256487 0.492314
vt 0.256626 0.492730
vt 0.256855 0.492281
vt 0.256856 0.492471
vt 0.256730 0.492647
vt 0.255527 0.492605
vt 0.256540 0.491239
vt 0.256511 0.491333
vt 0.256766 0.490347
vt 0.256742 0.490425
vt 0.256517 0.489401
vt 0.256430 0.489482
vt 0.256747 0.488800
vt 0.256696 0.488870
vt 0.256671 0.487640
vt 0.256359 0.487798
vt 0.256537 0.487185
vt 0.256608 0.487129
vt 0.256312 0.486380
vt 0.256359 0.486329
vt 0.256352 0.485490
vt 0.256410 0.485449
vt 0.256401 0.484848
vt 0.256309 0.484905
vt 0.256292 0.484685
vt 0.255565 0.484922
vt 0.255664 0.485109
vt 0.254646 0.484959
vt 0.254784 0.485148
vt 0.253689 0.485244
vt 0.253789 0.485427
vt 0.253167 0.485556
vt 0.252999 0.485291
vt 0.252918 0.485480
vt 0.253092 0.486150
vt 0.252836 0.486107
vt 0.252988 0.486787
vt 0.253177 0.486784
vt 0.253059 0.487547
vt 0.252842 0.487521
vt 0.252882 0.488132
vt 0.253033 0.488164
vt 0.252863 0.489191
vt 0.252617 0.489185
vt 0.252897 0.489928
vt 0.252690 0.489887
vt 0.252564 0.490903
vt 0.252787 0.490888
vt 0.252736 0.491477
vt 0.252508 0.491453
vt 0.255720 0.484369
vt 0.255791 0.484477
vt 0.255301 0.484298
vt 0.255192 0.484197
vt 0.254631 0.483922
vt 0.254201 0.483690
vt 0.254083 0.483699
vt 0.253986 0.483629
vt 0.253732 0.483474
vt 0.253501 0.483402
vt 0.252740 0.483068
vt 0.252842 0.483166
vt 0.252212 0.482753
vt 0.252279 0.482859
vt 0.251666 0.482744
vt 0.251640 0.482621
vt 0.251454 0.482755
vt 0.250950 0.482797
vt 0.250811 0.482874
vt 0.249994 0.482817
vt 0.249835 0.482869
vt 0.249075 0.483119
vt 0.248966 0.483171
vt 0.248282 0.483220
vt 0.248348 0.483112
vt 0.248205 0.483250
vt 0.248895 0.483378
vt 0.248715 0.483530
vt 0.249739 0.483708
vt 0.249592 0.483817
vt 0.250656 0.484200
vt 0.250553 0.484339
vt 0.251426 0.484722
vt 0.251574 0.484588
vt 0.252452 0.485074
vt 0.252271 0.485225
vt 0.251343 0.483222
vt 0.251525 0.483238
vt 0.251434 0.484061
vt 0.251287 0.484066
vt 0.251376 0.484752
vt 0.251149 0.484738
vt 0.251479 0.485248
vt 0.251118 0.485053
vt 0.251087 0.485369
vt 0.251030 0.486076
vt 0.251279 0.486097
vt 0.250906 0.486937
vt 0.251157 0.486931
vt 0.250884 0.487726
vt 0.251129 0.487750
vt 0.250984 0.488679
vt 0.250781 0.488695
vt 0.248164 0.483880
vt 0.248113 0.483931
vt 0.248083 0.484527
vt 0.248110 0.484450
vt 0.247754 0.485103
vt 0.247716 0.485160
vt 0.247820 0.485799
vt 0.247828 0.485765
vt 0.247421 0.486565
vt 0.247362 0.486644
vt 0.247504 0.487444
vt 0.247504 0.487499
vt 0.247077 0.488078
vt 0.247135 0.487966
vt 0.247003 0.489052
vt 0.246936 0.489103
vt 0.251556 0.325922
vt 0.270243 0.353513
vt 0.276053 0.352594
vt 0.313334 0.364532
vt 0.330902 0.346838
vt 0.364727 0.338429
vt 0.344881 0.301183
vt 0.362870 0.286794
vt 0.336499 0.254378
vt 0.298629 0.290093
vt 0.294516 0.262576
vt 0.278037 0.278038
vt 0.260994 0.314877
vt 0.251583 0.303372
vt 0.295086 0.324285
vt 0.724808 0.491428
vt 0.725336 0.491948
vt 0.724848 0.492018
vt 0.725540 0.492799
vt 0.724917 0.493018
vt 0.724846 0.494267
vt 0.723799 0.493211
vt 0.723828 0.494791
vt 0.722737 0.494406
vt 0.722175 0.492829
vt 0.722379 0.492151
vt 0.723696 0.492080
vt 0.723662 0.491182
vt -1.590712 0.471722
vt -1.590712 0.484020
vt -1.585613 0.482215
vt -1.583704 0.475732
vt -1.585506 0.469662
vt -1.590712 0.467709
vt -1.595917 0.469662
vt -1.597719 0.475732
vt -1.595811 0.482215
vt -1.590712 0.480883
vt -1.586581 0.477201
vt -1.590712 0.474113
vt -1.594843 0.477201
vt 0.728881 0.489630
vt 0.728942 0.488523
vt 0.728697 0.488742
vt 0.728430 0.487949
vt 0.728076 0.489020
vt 0.727660 0.488106
vt 0.727216 0.488508
vt 0.727464 0.489299
vt 0.727023 0.489364
vt 0.727396 0.490157
vt 0.727811 0.490279
vt 0.728405 0.490065
vt 0.559674 0.481742
vt 0.558766 0.483252
vt 0.558639 0.482869
vt 0.558405 0.483124
vt 0.557874 0.484154
vt 0.558142 0.482957
vt 0.557907 0.482498
vt 0.557502 0.482468
vt 0.557270 0.479768
vt 0.557931 0.481074
vt 0.558220 0.480273
vt 0.558244 0.479988
vt 0.558571 0.480335
vt 0.558702 0.479814
vt 0.558698 0.478797
vt 0.558359 0.477592
vt 0.558826 0.478447
vt 0.559221 0.477755
vt 0.559262 0.478114
vt 0.559066 0.478565
vt 0.559423 0.479541
vt 0.559064 0.479156
vt 0.558956 0.479718
vt 0.558788 0.480760
vt 0.558882 0.481786
vt 0.558735 0.479600
vt 0.558928 0.479616
vt -0.905555 0.302015
vt -0.943879 0.302483
vt -0.916745 0.334337
vt -0.937297 0.343560
vt -0.966824 0.339300
vt -0.986070 0.315815
vt -0.977194 0.284740
vt -0.945217 0.268821
vt -0.915714 0.276160
vt 0.557728 0.500261
vt 0.557724 0.501799
vt 0.557428 0.500602
vt 0.557223 0.501731
vt 0.556478 0.501630
vt 0.557249 0.500191
vt 0.557537 0.498970
vt 0.557355 0.497624
vt 0.557589 0.498346
vt 0.557593 0.498463
vt 0.557857 0.499174
vt 0.557716 0.499363
vt -1.556096 0.406484
vt -1.575098 0.406668
vt -1.554358 0.397457
vt -1.553921 0.395185
vt -1.573804 0.393742
vt -1.590712 0.394545
vt -1.590712 0.406818
vt -1.606326 0.406668
vt -1.607620 0.393742
vt -1.627502 0.395185
vt -1.625327 0.406484
vt -1.606138 0.415829
vt -1.590712 0.417855
vt -1.575285 0.415829
vt 0.727288 0.487316
vt 0.727139 0.487000
vt 0.726925 0.487385
vt 0.726647 0.487041
vt 0.726563 0.486574
vt 0.726987 0.486429
vt 0.727303 0.486685
vt -0.205984 0.272463
vt -0.205984 0.283465
vt -0.198827 0.272733
vt -0.223604 0.287759
vt -0.218383 0.272649
vt -0.238889 0.283465
vt -0.238910 0.271614
vt -0.218383 0.272649
vt -0.223604 0.287759
vt -0.205984 0.272463
vt -0.205984 0.283465
vt -0.198827 0.272733
vt -0.194851 0.271116
vt -0.200107 0.270160
vt -0.200107 0.268937
vt -0.205984 0.269942
vt -0.211155 0.267215
vt -0.217490 0.270062
vt -0.227580 0.266512
vt -0.238915 0.268940
vt -0.238889 0.266402
vt -0.227580 0.266512
vt -0.217490 0.270062
vt -0.211155 0.267215
vt -0.205984 0.269942
vt -0.200107 0.268937
vt -0.200107 0.270160
vt -0.196235 0.352635
vt -0.216145 0.362815
vt -0.222509 0.352143
vt -0.197422 0.348492
vt -0.211668 0.332345
vt -0.218593 0.332005
vt -0.242477 0.331705
vt -0.218593 0.332005
vt -0.211668 0.332345
vt -0.197422 0.348492
vt -0.196235 0.352635
vt -0.216145 0.362815
vt -0.222509 0.352143
vt -0.242477 0.363194
vt -0.242477 0.352011
vt -0.225519 0.347097
vt -0.242477 0.347216
vt -0.225519 0.347097
vt -0.225519 0.347097
vt -0.225519 0.331665
vt -0.242477 0.331705
vt -0.225519 0.331665
vt -0.225519 0.347097
vt -0.242477 0.347216
vt 0.569273 0.491689
vt 0.569455 0.489228
vt 0.568225 0.491607
vt 0.568118 0.490812
vt 0.567110 0.489509
vt 0.567303 0.490529
vt 0.566615 0.491168
vt 0.563813 0.491260
vt 0.566518 0.491473
vt 0.564035 0.494727
vt 0.563449 0.494847
vt 0.562413 0.493949
vt 0.561276 0.491565
vt 0.561158 0.493455
vt 0.559861 0.493916
vt 0.557697 0.491995
vt 0.558651 0.494818
vt 0.556907 0.494848
vt 0.558488 0.495674
vt 0.558804 0.497395
vt 0.557577 0.497747
vt 0.559835 0.498439
vt 0.560987 0.501076
vt 0.561100 0.498872
vt 0.564430 0.501034
vt 0.562494 0.498139
vt 0.564171 0.496894
vt 0.563542 0.496850
vt 0.569875 0.494380
vt 0.567910 0.492042
vt 0.566843 0.492149
vt 0.725897 0.507989
vt 0.726506 0.508037
vt 0.726152 0.507897
vt 0.727305 0.507842
vt 0.727532 0.507912
vt 0.727167 0.508089
vt 0.726431 0.508016
vt 0.567444 0.501335
vt 0.566303 0.501734
vt 0.569330 0.501285
vt 0.564502 0.501843
vt 0.560678 0.502503
vt 0.561843 0.502027
vt 0.559474 0.502262
vt 0.561612 0.501954
vt 0.558241 0.502072
vt 0.562898 0.501732
vt 0.563168 0.501574
vt 0.564752 0.501449
vt 0.565557 0.501386
vt 0.566602 0.501375
vt 0.571723 0.501184
vt 0.572275 0.501173
vt 0.573864 0.500944
vt 0.576890 0.500291
vt 0.573792 0.501082
vt 0.575980 0.500952
vt 0.573332 0.500986
vt 0.574430 0.500507
vt 0.571965 0.501144
vt 0.712816 0.493465
vt 0.713399 0.492951
vt 0.713506 0.493375
vt 0.713948 0.492945
vt 0.714096 0.493298
vt 0.713509 0.494726
vt 0.714382 0.494706
vt 0.714041 0.496587
vt 0.713512 0.496077
vt 0.713464 0.497111
vt 0.712763 0.496707
vt 0.712814 0.495403
vt 0.712725 0.494391
vt 0.713105 0.502413
vt 0.712844 0.502139
vt 0.712714 0.502363
vt 0.712410 0.502419
vt 0.712899 0.503261
vt 0.712458 0.503404
vt 0.712915 0.503764
vt 0.713250 0.503229
vt 0.718674 0.508742
vt 0.717984 0.508461
vt 0.717588 0.508529
vt 0.716277 0.508483
vt 0.715832 0.508567
vt 0.715875 0.508305
vt 0.716468 0.508278
vt 0.717375 0.508250
vt 0.718357 0.508238
vt 0.719917 0.508191
vt 0.720014 0.508480
vt 0.719679 0.508370
vt 0.251564 0.325922
vt 0.276061 0.352594
vt 0.270250 0.359383
vt 0.313342 0.364532
vt 0.330909 0.346838
vt 0.295094 0.324285
vt 0.261002 0.314877
vt 0.251591 0.303372
vt 0.278044 0.278038
vt 0.298637 0.290093
vt 0.294524 0.262576
vt 0.336507 0.254378
vt 0.344889 0.301183
vt 0.362878 0.286794
vt 0.364735 0.338429
vt -0.916745 0.334337
vt -0.943879 0.302483
vt -0.905555 0.302015
vt -0.915714 0.276160
vt -0.945217 0.268821
vt -0.977194 0.284740
vt -0.986070 0.315815
vt -0.966824 0.339300
vt -0.937297 0.343560
vt 0.565879 0.498533
vt 0.565681 0.498699
vt 0.565982 0.497498
vt 0.565111 0.496743
vt 0.566581 0.495422
vt 0.566003 0.494658
vt 0.566399 0.494497
vt 0.565902 0.491635
vt 0.566492 0.494034
vt 0.567277 0.491327
vt 0.566745 0.494356
vt 0.567171 0.494182
vt 0.566965 0.495506
vt 0.567707 0.496994
vt 0.567088 0.497516
vt 0.567418 0.500475
vt 0.566934 0.499101
vt 0.566755 0.499723
vt 0.566451 0.501271
vt 0.566489 0.499839
vt 0.566720 0.495830
vt 0.566679 0.497019
vt 0.712342 0.505084
vt 0.713017 0.505352
vt 0.712903 0.506496
vt 0.713427 0.506238
vt 0.713651 0.505604
vt 0.713048 0.504112
vt 0.712187 0.503773
vt 0.712276 0.502580
vt 0.713078 0.502873
vt 0.712885 0.501931
vt 0.713583 0.502020
vt 0.714041 0.503225
vt 0.713920 0.504450
vt 0.715062 0.501468
vt 0.715186 0.501052
vt 0.715294 0.501516
vt 0.715468 0.501126
vt 0.715391 0.500278
vt 0.715144 0.499981
vt 0.715008 0.500499
vt 0.714929 0.500986
vt 1.442308 0.577125
vt 1.480657 0.494901
vt 1.489894 0.542049
vt 1.508070 0.489109
vt 1.489256 0.441459
vt 1.465071 0.428559
vt 1.459074 0.446127
vt 1.438780 0.525735
vt 1.383488 0.577125
vt 1.387017 0.525735
vt 1.345139 0.494901
vt 1.335903 0.542049
vt 1.317726 0.489109
vt 1.336655 0.441833
vt 1.360424 0.427569
vt 1.356619 0.417978
vt 1.357643 0.412949
vt 1.381803 0.404809
vt 1.382197 0.403194
vt 1.412702 0.398336
vt 1.412771 0.401827
vt 1.443998 0.405161
vt 1.445407 0.403040
vt 1.468153 0.412949
vt 1.469149 0.418072
vt 1.434545 0.415187
vt 1.430539 0.466269
vt 1.395267 0.466269
vt 1.366732 0.446127
vt 1.390889 0.415665
vt 1.412898 0.430498
vt 1.412792 0.413736
vt 0.458005 0.442846
vt 0.433863 0.414400
vt 0.418633 0.412583
vt 0.406274 0.413233
vt 0.390897 0.414826
vt 0.367122 0.442846
vt 0.395206 0.460267
vt 0.429921 0.460267
vt 0.036836 0.192200
vt 0.032612 0.198392
vt 0.032818 0.213834
vt 0.028388 0.192200
vt 0.021315 0.196972
vt 0.022529 0.174349
vt 0.028834 0.183893
vt 0.032612 0.180470
vt 0.032818 0.165028
vt 0.043107 0.174349
vt 0.036390 0.183893
vt 0.044322 0.196972
vt 0.039582 0.227259
vt 0.027397 0.227259
vt 0.017540 0.212810
vt 0.013775 0.189431
vt 0.017540 0.166052
vt 0.027397 0.151603
vt 0.039582 0.151603
vt 0.049439 0.166052
vt 0.053204 0.189431
vt 0.049439 0.212810
vt 0.041449 0.229962
vt 0.028394 0.229962
vt 0.017833 0.214481
vt 0.013799 0.189431
vt 0.017833 0.164382
vt 0.028394 0.148900
vt 0.041449 0.148900
vt 0.052011 0.164382
vt 0.056045 0.189431
vt 0.052011 0.214481
vt 0.047921 0.206850
vt 0.040576 0.217616
vt 0.031498 0.217616
vt 0.024154 0.206850
vt 0.021349 0.189431
vt 0.024154 0.172012
vt 0.031498 0.161247
vt 0.040576 0.161247
vt 0.047921 0.172012
vt 0.050726 0.189431
vt 0.041889 0.197522
vt 0.038478 0.202522
vt 0.034262 0.202522
vt 0.030851 0.197522
vt 0.029548 0.189431
vt 0.030851 0.181341
vt 0.034262 0.176341
vt 0.038478 0.176341
vt 0.041889 0.181341
vt 0.043192 0.189431
vt 0.036468 0.189431
vt 0.966573 0.332388
vt 0.906934 0.313236
vt 0.906934 0.375212
vt 0.847295 0.332388
vt 0.853591 0.274933
vt 0.906934 0.252579
vt 0.960276 0.274933
vt 0.036836 0.192200
vt 0.032612 0.198392
vt 0.032818 0.213834
vt 0.028388 0.192200
vt 0.021315 0.196972
vt 0.022529 0.174349
vt 0.028834 0.183893
vt 0.032612 0.180470
vt 0.032818 0.165028
vt 0.043107 0.174349
vt 0.036390 0.183893
vt 0.044322 0.196972
vt 0.039582 0.227259
vt 0.027397 0.227259
vt 0.017540 0.212810
vt 0.013775 0.189431
vt 0.017540 0.166052
vt 0.027397 0.151603
vt 0.039582 0.151603
vt 0.049439 0.166052
vt 0.053204 0.189431
vt 0.049439 0.212810
vt 0.041449 0.229962
vt 0.028394 0.229962
vt 0.017833 0.214481
vt 0.013799 0.189431
vt 0.017833 0.164382
vt 0.028394 0.148900
vt 0.041449 0.148900
vt 0.052011 0.164382
vt 0.056045 0.189431
vt 0.052011 0.214481
vt 0.047921 0.206850
vt 0.040576 0.217616
vt 0.031498 0.217616
vt 0.024154 0.206850
vt 0.021349 0.189431
vt 0.024154 0.172012
vt 0.031498 0.161247
vt 0.040576 0.161247
vt 0.047921 0.172012
vt 0.050726 0.189431
vt 0.041889 0.197522
vt 0.038478 0.202522
vt 0.034262 0.202522
vt 0.030851 0.197522
vt 0.029548 0.189431
vt 0.030851 0.181341
vt 0.034262 0.176341
vt 0.038478 0.176341
vt 0.041889 0.181341
vt 0.043192 0.189431
vt 0.036468 0.189431
vt 0.966573 0.332388
vt 0.906934 0.313236
vt 0.906934 0.375212
vt 0.847295 0.332388
vt 0.853591 0.274933
vt 0.906934 0.252579
vt 0.960276 0.274933
vt 0.458005 0.442846
vt 0.433863 0.414400
vt 0.418633 0.412583
vt 0.406274 0.413233
vt 0.390897 0.414826
vt 0.367122 0.442846
vt 0.395206 0.460267
vt 0.429921 0.460267
vt 1.442308 0.577125
vt 1.480657 0.494901
vt 1.489894 0.542049
vt 1.508070 0.489109
vt 1.489256 0.441459
vt 1.465071 0.428559
vt 1.459074 0.446127
vt 1.438780 0.525735
vt 1.383488 0.577125
vt 1.387017 0.525735
vt 1.345139 0.494901
vt 1.335903 0.542049
vt 1.317726 0.489109
vt 1.336655 0.441833
vt 1.360424 0.427569
vt 1.356619 0.417978
vt 1.357643 0.412949
vt 1.381803 0.404809
vt 1.382197 0.403194
vt 1.412702 0.398336
vt 1.412771 0.401827
vt 1.443998 0.405161
vt 1.445407 0.403040
vt 1.468153 0.412949
vt 1.469149 0.418072
vt 1.434545 0.415187
vt 1.430539 0.466269
vt 1.395267 0.466269
vt 1.366732 0.446127
vt 1.390889 0.415665
vt 1.412898 0.430498
vt 1.412792 0.413736
vt 0.718629 0.506999
vt 0.719138 0.506755
vt 0.719105 0.507419
vt 0.719471 0.507061
vt 0.719631 0.506514
vt 0.718995 0.506088
vt 0.718671 0.506595
vt 0.190765 0.317262
vt 0.190753 0.317542
vt 0.190721 0.317269
vt 0.190708 0.317517
vt 0.190812 0.317650
vt 0.190865 0.317689
vt 0.190969 0.317621
vt 0.191036 0.317662
vt 0.191125 0.317569
vt 0.191059 0.317536
vt 0.191172 0.317363
vt 0.191098 0.317346
vt 0.191023 0.317165
vt 0.191079 0.317159
vt 0.190939 0.317134
vt 0.190984 0.317118
vt 0.190818 0.317177
vt 0.190861 0.317162
vt 0.714727 0.489966
vt 0.715231 0.490288
vt 0.715585 0.489742
vt 0.715757 0.490224
vt 0.716069 0.489792
vt 0.716010 0.488847
vt 0.714912 0.489035
vt 0.715493 0.488451
vt 0.715015 0.488558
vt 0.714658 0.489087
vt 0.713883 0.491623
vt 0.713803 0.491311
vt 0.713611 0.491573
vt 0.713530 0.491243
vt 0.713692 0.490994
vt 0.713998 0.491023
vt 0.714032 0.491323
vt 0.193571 0.317229
vt 0.193486 0.317258
vt 0.193678 0.317315
vt 0.193587 0.317336
vt 0.193690 0.317563
vt 0.193601 0.317534
vt 0.193529 0.317648
vt 0.193603 0.317680
vt 0.193432 0.317667
vt 0.193486 0.317703
vt 0.193328 0.317573
vt 0.193367 0.317613
vt 0.193316 0.317361
vt 0.193351 0.317364
vt 0.193379 0.317267
vt 0.193455 0.317245
vt 0.713857 0.505137
vt 0.713204 0.505595
vt 0.713863 0.505911
vt 0.713268 0.506922
vt 0.712727 0.506928
vt 0.712432 0.506536
vt 0.712667 0.505419
vt 0.713145 0.504900
vt 0.730873 0.505441
vt 0.730665 0.504583
vt 0.730492 0.505232
vt 0.730232 0.504529
vt 0.730788 0.503767
vt 0.731331 0.504157
vt 0.731147 0.505073
vt 0.732342 0.499776
vt 0.732056 0.499989
vt 0.732483 0.500795
vt 0.731908 0.500489
vt 0.731808 0.501116
vt 0.732438 0.501983
vt 0.731827 0.502741
vt 0.732716 0.503144
vt 0.732261 0.503898
vt 0.732859 0.504494
vt 0.733301 0.504062
vt 0.733490 0.503119
vt 0.733070 0.501275
vt 0.732819 0.500314
vt 0.189973 0.315048
vt 0.189819 0.315089
vt 0.190046 0.314977
vt 0.189888 0.315019
vt 0.190089 0.314844
vt 0.189930 0.314863
vt 0.189950 0.314696
vt 0.190112 0.314701
vt 0.189948 0.314351
vt 0.190104 0.314345
vt 0.190002 0.314106
vt 0.189858 0.314130
vt 0.189864 0.313995
vt 0.189722 0.314028
vt 0.189758 0.314115
vt 0.189612 0.314151
vt 0.189708 0.314344
vt 0.189562 0.314388
vt 0.189645 0.314780
vt 0.189798 0.314753
vt 0.189860 0.314949
vt 0.189705 0.314974
vt 0.733071 0.491475
vt 0.733126 0.490962
vt 0.732818 0.490533
vt 0.733097 0.490396
vt 0.733288 0.490606
vt 0.733434 0.491390
vt 0.734500 0.499474
vt 0.734242 0.498904
vt 0.734119 0.499370
vt 0.733951 0.498702
vt 0.733957 0.498416
vt 0.734230 0.497918
vt 0.734491 0.498271
vt 0.734453 0.499068
vt 0.719989 0.507778
vt 0.718903 0.507911
vt 0.719148 0.507979
vt 0.718728 0.508016
vt 0.718138 0.507965
vt 0.718163 0.507875
vt 0.719048 0.507824
vt 0.719611 0.507795
vt 0.715227 0.493427
vt 0.715357 0.492836
vt 0.715461 0.493255
vt 0.715634 0.492708
vt 0.715470 0.492092
vt 0.715194 0.492133
vt 0.715074 0.492598
vt 0.715072 0.492968
vt 0.194069 0.316584
vt 0.193937 0.316716
vt 0.193963 0.316592
vt 0.193832 0.316723
vt 0.193808 0.316743
vt 0.193702 0.316750
vt 0.193667 0.316680
vt 0.193772 0.316673
vt 0.193596 0.316384
vt 0.193701 0.316377
vt 0.193669 0.315960
vt 0.193774 0.315953
vt 0.193801 0.315822
vt 0.193907 0.315815
vt 0.193966 0.315881
vt 0.194072 0.315874
vt 0.194072 0.316147
vt 0.193966 0.316154
vt 0.193986 0.316378
vt 0.194092 0.316371
vt 0.575949 0.500315
vt 0.572072 0.500436
vt 0.571976 0.498240
vt 0.569549 0.497049
vt 0.568254 0.497098
vt 0.569172 0.495621
vt 0.567822 0.494184
vt 0.569570 0.494199
vt 0.567989 0.491369
vt 0.570954 0.493246
vt 0.572540 0.493096
vt 0.574035 0.491407
vt 0.573926 0.494237
vt 0.574407 0.494241
vt 0.576545 0.491251
vt 0.576641 0.490685
vt 0.577129 0.490015
vt 0.576892 0.488290
vt 0.578074 0.490194
vt 0.579546 0.488297
vt 0.578114 0.491153
vt 0.579320 0.491079
vt 0.580339 0.492808
vt 0.578043 0.491600
vt 0.576971 0.491728
vt 0.573285 0.497738
vt 0.574148 0.496873
vt 0.575066 0.496838
vt 0.574273 0.495557
vt 0.574771 0.495674
vt 0.194036 0.313731
vt 0.194177 0.314005
vt 0.193909 0.313740
vt 0.194051 0.314013
vt 0.194087 0.314300
vt 0.194213 0.314291
vt 0.194064 0.314574
vt 0.194191 0.314565
vt 0.194050 0.314734
vt 0.193923 0.314742
vt 0.193888 0.314741
vt 0.193762 0.314750
vt 0.193779 0.314496
vt 0.193652 0.314504
vt 0.193674 0.314237
vt 0.193800 0.314228
vt 0.193731 0.313977
vt 0.193857 0.313968
vt 0.193913 0.313812
vt 0.193787 0.313820
vt 0.724315 0.489749
vt 0.724688 0.489706
vt 0.724720 0.490251
vt 0.725219 0.490012
vt 0.725451 0.489623
vt 0.725339 0.489020
vt 0.724683 0.488716
vt 0.724295 0.489243
vt 0.191245 0.317007
vt 0.191316 0.316995
vt 0.191353 0.317126
vt 0.191425 0.317114
vt 0.191658 0.317179
vt 0.191585 0.317190
vt 0.191843 0.316990
vt 0.191916 0.316978
vt 0.191883 0.316843
vt 0.191955 0.316832
vt 0.191762 0.316488
vt 0.191837 0.316481
vt 0.191544 0.316387
vt 0.191616 0.316384
vt 0.191410 0.316491
vt 0.191341 0.316499
vt 0.191201 0.316819
vt 0.191272 0.316807
vt 0.733009 0.502751
vt 0.732388 0.502654
vt 0.732895 0.502483
vt 0.732333 0.502184
vt 0.731732 0.502552
vt 0.731756 0.503501
vt 0.732488 0.503777
vt 0.731279 0.495357
vt 0.731827 0.495129
vt 0.731930 0.495835
vt 0.732328 0.494920
vt 0.732276 0.494620
vt 0.731364 0.494733
vt -0.284282 0.267616
vt 1.548524 0.458155
vt 1.543900 0.417320
vt 1.505729 0.417016
vt -0.932395 0.099738
vt -0.919114 0.094048
vt -0.919236 0.099738
vt -0.895020 0.099738
vt 1.395879 0.417258
vt 1.358124 0.411142
vt 1.358723 0.454702
vt -0.222001 0.259457
vt -0.284282 0.267616
vt 1.505729 0.414789
vt 1.543900 0.411711
vt 1.548524 0.458155
vt 1.362095 0.454917
vt 1.358124 0.416703
vt 1.395879 0.417258
vt -0.932395 0.099738
vt -0.919236 0.099738
vt -0.919114 0.094048
vt -0.895020 0.099738
vt -0.215361 0.550196
vt -0.185488 0.545459
vt -1.418270 0.279694
vt -1.421175 0.279976
vt 0.706452 0.544228
vt 0.857052 0.664804
vt 0.854942 0.647332
vt 0.494794 0.887359
vn 0.9791 0.1750 -0.1034
vn -0.0018 -1.0000 0.0053
vn 0.9581 0.1547 -0.2411
vn 0.0022 -0.3310 0.9436
vn -0.0027 -1.0000 0.0053
vn -0.0009 -0.3292 0.9442
vn -0.0015 -0.3303 0.9439
vn -0.0022 -1.0000 0.0052
vn -0.0435 -0.3397 0.9395
vn -0.0013 -1.0000 0.0053
vn -0.2729 -0.9581 -0.0869
vn -0.0309 -0.4129 -0.9102
vn -0.0014 -0.4028 -0.9153
vn -0.0011 -0.4019 -0.9157
vn 0.0008 -0.4029 -0.9152
vn 0.9741 0.0701 0.2149
vn 0.9749 -0.0994 -0.1991
vn 0.0016 0.8378 0.5459
vn 0.9726 -0.1168 0.2011
vn 0.0005 0.7667 -0.6420
vn 0.0021 0.7655 -0.6434
vn 0.0023 0.8364 0.5481
vn 0.0003 0.7652 -0.6438
vn 0.0005 0.8362 0.5485
vn -0.0215 0.8424 0.5385
vn -0.0271 0.7731 -0.6338
vn -0.4843 0.7631 0.4279
vn -0.4757 0.6748 -0.5642
vn -0.4012 0.9158 0.0197
vn -0.4536 0.6032 0.6561
vn -0.6139 -0.1724 0.7703
vn -0.6460 -0.2847 0.7083
vn 0.6293 -0.4601 0.6264
vn 0.6268 -0.4708 -0.6209
vn 0.7250 0.5119 0.4608
vn 0.6807 0.4874 -0.5469
vn 0.2573 0.7609 0.5956
vn 0.2473 0.6969 -0.6732
vn 0.0480 0.8418 0.5377
vn 0.0544 0.7785 -0.6252
vn -0.0539 0.9913 0.1198
vn -0.0749 0.9846 -0.1580
vn -0.2467 0.6588 -0.7108
vn -0.0713 0.8216 -0.5656
vn 0.0999 0.8223 0.5602
vn 0.3095 0.7731 0.5536
vn 0.1489 0.7901 -0.5947
vn 0.7864 0.5572 0.2665
vn 0.6083 0.5226 -0.5974
vn 0.7870 -0.3643 0.4979
vn 0.5725 -0.4609 -0.6781
vn 0.9967 -0.0432 0.0688
vn 0.9911 0.1137 0.0696
vn 0.9999 -0.0017 -0.0122
vn 0.9948 -0.0781 0.0647
vn 0.9983 0.0446 0.0380
vn 0.9955 -0.0923 -0.0230
vn 0.9985 0.0283 0.0478
vn -0.3538 -0.4672 -0.8103
vn -0.4156 0.5719 -0.7073
vn -0.2197 -0.5177 -0.8268
vn -0.0504 -0.4693 -0.8816
vn -0.1979 -0.1874 -0.9621
vn -0.0909 -0.1849 -0.9785
vn 0.0949 0.8026 -0.5889
vn 0.9879 0.1545 0.0117
vn 0.1406 -0.2279 -0.9635
vn 0.2920 0.7359 -0.6109
vn 0.0546 -0.2717 -0.9608
vn 0.7837 -0.3677 -0.5005
vn 0.7960 0.5215 -0.3074
vn 0.4794 -0.8775 0.0097
vn 0.2160 -0.9763 -0.0104
vn -0.3470 -0.9378 0.0102
vn -0.1120 -0.9937 0.0055
vn 0.9800 0.1967 -0.0291
vn 0.1446 -0.1817 0.9727
vn 0.3427 -0.9171 -0.2037
vn 0.0587 -0.9982 0.0101
vn 0.1512 -0.2230 0.9630
vn -0.1753 -0.9833 0.0489
vn 0.0815 -0.9954 -0.0505
vn -0.0024 -0.9570 -0.2899
vn 0.1637 -0.9863 0.0224
vn -0.3375 -0.9008 0.2734
vn 0.4730 -0.8647 -0.1690
vn 0.7511 -0.5302 -0.3934
vn -0.0954 -0.1074 0.9896
vn -0.0868 -0.1702 0.9816
vn 0.5797 -0.3665 0.7278
vn 0.1613 0.4269 0.8898
vn -0.0511 0.8227 0.5662
vn 0.1580 0.7602 0.6301
vn 0.6250 0.5350 0.5685
vn -0.0914 0.6993 0.7089
vn 0.0777 0.7009 0.7090
vn -0.3149 -0.1384 0.9390
vn -0.2765 -0.8791 0.3883
vn -0.0113 -0.1905 0.9816
vn 0.0388 -0.1766 0.9835
vn -0.1987 -0.9800 0.0077
vn -0.0623 -0.9980 0.0047
vn -0.0324 -0.2657 -0.9635
vn 0.0612 -0.2543 -0.9652
vn 0.3164 -0.7003 -0.6399
vn 0.4961 0.5833 -0.6432
vn 0.6655 0.5091 -0.5459
vn 0.2811 -0.5750 -0.7683
vn 0.8983 -0.3474 0.2691
vn 0.0199 -0.9531 0.3019
vn 0.0341 -0.2302 0.9725
vn 0.4177 0.6750 0.6082
vn -0.9581 0.1585 -0.2385
vn -0.0014 -0.3307 0.9437
vn -0.9789 0.1736 -0.1079
vn 0.0005 -1.0000 0.0038
vn 0.0026 -1.0000 0.0061
vn 0.0031 -0.3288 0.9444
vn 0.0007 -0.3302 0.9439
vn 0.0022 -1.0000 0.0055
vn 0.0564 -0.3424 0.9379
vn 0.0015 -1.0000 0.0051
vn 0.2744 -0.9577 -0.0865
vn 0.6554 -0.2807 0.7012
vn 0.3375 -0.9008 0.2734
vn 0.6139 -0.1724 0.7703
vn 0.4894 0.7594 0.4288
vn 0.0258 0.8438 0.5361
vn -0.0010 0.8360 0.5487
vn -0.0009 0.8361 0.5486
vn -0.0002 0.8382 0.5453
vn -0.9749 -0.0994 -0.1991
vn -0.9726 -0.1221 0.1976
vn 0.0002 0.7655 -0.6434
vn -0.0035 0.7660 -0.6428
vn 0.0002 0.7654 -0.6436
vn 0.0339 0.7746 -0.6315
vn 0.4813 0.6712 -0.5638
vn 0.4012 0.9158 0.0197
vn 0.4156 0.5719 -0.7073
vn 0.3614 -0.4649 -0.8082
vn 0.0398 -0.4149 -0.9090
vn 0.0022 -0.4030 -0.9152
vn -0.0011 -0.4022 -0.9156
vn -0.0009 -0.4016 -0.9158
vn -0.9737 0.0764 0.2145
vn -0.6293 -0.4601 0.6264
vn -0.7250 0.5120 0.4607
vn -0.6268 -0.4708 -0.6209
vn -0.6807 0.4874 -0.5469
vn -0.2573 0.7609 0.5956
vn -0.2473 0.6969 -0.6732
vn -0.0480 0.8418 0.5377
vn -0.0544 0.7785 -0.6252
vn 0.0539 0.9913 0.1198
vn 0.0749 0.9846 -0.1580
vn 0.0914 0.6993 0.7089
vn 0.0511 0.8227 0.5662
vn -0.0949 0.8026 -0.5889
vn -0.1580 0.7602 0.6301
vn -0.2920 0.7359 -0.6109
vn -0.7960 0.5215 -0.3074
vn -0.6250 0.5350 0.5685
vn -0.7837 -0.3677 -0.5005
vn -0.5796 -0.3665 0.7278
vn 0.0868 -0.1702 0.9816
vn 0.0954 -0.1074 0.9896
vn -0.1613 0.4269 0.8898
vn -0.7511 -0.5302 -0.3934
vn -0.2160 -0.9763 -0.0103
vn 0.3470 -0.9378 0.0102
vn 0.1120 -0.9937 0.0055
vn -0.9967 -0.0432 0.0687
vn -0.9911 0.1137 0.0695
vn -0.9999 -0.0017 -0.0122
vn -0.9948 -0.0781 0.0647
vn -0.9983 0.0446 0.0380
vn -0.9955 -0.0922 -0.0230
vn -0.9985 0.0283 0.0478
vn 0.0024 -0.9570 -0.2899
vn -0.4730 -0.8647 -0.1690
vn -0.3164 -0.7003 -0.6399
vn 0.2765 -0.8791 0.3883
vn -0.0199 -0.9531 0.3019
vn -0.2811 -0.5750 -0.7683
vn -0.8983 -0.3474 0.2691
vn -0.0341 -0.2302 0.9725
vn 0.3149 -0.1384 0.9390
vn 0.2197 -0.5177 -0.8268
vn 0.0504 -0.4693 -0.8816
vn -0.3427 -0.9171 -0.2037
vn -0.4794 -0.8775 0.0097
vn 0.2467 0.6588 -0.7108
vn 0.1979 -0.1874 -0.9621
vn 0.0713 0.8216 -0.5656
vn -0.1489 0.7901 -0.5947
vn 0.0909 -0.1849 -0.9785
vn -0.6083 0.5226 -0.5973
vn -0.5725 -0.4609 -0.6781
vn -0.7870 -0.3643 0.4979
vn -0.7864 0.5573 0.2665
vn -0.3095 0.7731 0.5536
vn -0.0999 0.8223 0.5602
vn -0.9879 0.1545 0.0117
vn -0.1406 -0.2279 -0.9635
vn -0.0546 -0.2717 -0.9608
vn 0.4536 0.6032 0.6561
vn -0.0777 0.7009 0.7090
vn -0.4961 0.5833 -0.6432
vn -0.0587 -0.9982 0.0101
vn 0.1753 -0.9833 0.0489
vn -0.0815 -0.9954 -0.0505
vn -0.1512 -0.2230 0.9630
vn -0.1446 -0.1817 0.9727
vn -0.9800 0.1967 -0.0291
vn 0.0113 -0.1905 0.9816
vn -0.0388 -0.1766 0.9835
vn -0.1637 -0.9863 0.0224
vn 0.1987 -0.9800 0.0077
vn 0.0623 -0.9980 0.0047
vn 0.0324 -0.2657 -0.9635
vn -0.0612 -0.2542 -0.9652
vn -0.6655 0.5091 -0.5459
vn -0.4177 0.6751 0.6082
vn 0.0000 -0.7502 -0.6612
vn 0.4379 -0.8702 -0.2259
vn -0.4380 -0.8702 -0.2255
vn 0.6353 -0.6149 0.4673
vn -0.6326 -0.6073 0.4806
vn -0.7603 0.5469 -0.3505
vn -0.8892 -0.1740 -0.4232
vn -0.6391 0.5589 0.5284
vn -0.7449 -0.2032 0.6354
vn -0.3690 -0.8984 0.2383
vn -0.4548 -0.8716 -0.1832
vn -0.0092 -0.8894 -0.4570
vn -0.0028 -0.1689 -0.9856
vn 0.0084 0.5561 -0.8311
vn 0.0070 0.9997 -0.0242
vn 0.0085 0.5850 0.8110
vn -0.0004 -0.1779 0.9840
vn -0.0115 -0.9226 0.3857
vn 0.4761 -0.8590 -0.1883
vn 0.8918 -0.1404 -0.4301
vn 0.7525 0.5582 -0.3495
vn 0.6250 0.5693 0.5341
vn 0.7456 -0.1798 0.6417
vn 0.3875 -0.8882 0.2468
vn 0.2534 -0.9649 -0.0696
vn 0.9158 -0.0003 -0.4016
vn -0.0774 -0.9912 -0.1076
vn -0.1568 -0.0028 -0.9876
vn 0.9152 0.0000 -0.4031
vn -0.1558 0.0000 -0.9878
vn -0.2417 -0.9703 -0.0096
vn -0.9999 -0.0006 -0.0140
vn -0.0911 -0.9822 0.1643
vn -0.2577 -0.0010 0.9662
vn -0.9999 0.0000 -0.0133
vn -0.2591 0.0000 0.9659
vn 0.2474 -0.9516 0.1822
vn 0.8003 0.0031 0.5995
vn 0.7446 -0.6189 0.2500
vn 0.6026 -0.7620 -0.2372
vn -0.7537 -0.6058 0.2548
vn -0.6051 -0.7590 -0.2403
vn 0.6114 -0.7653 0.2015
vn -0.6114 -0.7653 0.2015
vn 0.4300 -0.5620 0.7066
vn -0.4300 -0.5620 0.7066
vn 0.0000 -0.4855 0.8742
vn -0.9398 -0.3418 0.0018
vn -0.9920 0.1238 -0.0247
vn -0.9820 -0.0258 0.1872
vn -0.6332 0.4097 0.6567
vn 0.0000 -0.0269 0.9996
vn 0.6313 0.4028 0.6627
vn 0.9829 -0.0202 0.1833
vn 0.9923 0.1210 -0.0255
vn 0.9389 -0.3441 -0.0020
vn 0.8004 -0.0000 0.5994
vn -0.8958 0.4441 -0.0194
vn -0.9996 0.0197 -0.0214
vn -0.1036 0.4082 -0.9070
vn 0.8673 0.3324 -0.3706
vn 0.9122 0.0144 -0.4095
vn -0.2945 0.5514 0.7806
vn 0.7779 0.4318 0.4566
vn -0.2595 0.0295 0.9653
vn 0.8010 0.0259 0.5981
vn 0.0748 -0.9911 -0.1097
vn 0.2359 -0.9718 -0.0079
vn 0.1557 -0.0012 -0.9878
vn 0.9999 0.0007 -0.0124
vn 0.9999 -0.0000 -0.0126
vn 0.1558 -0.0000 -0.9878
vn 0.0914 -0.9819 0.1658
vn -0.2449 -0.9521 0.1832
vn 0.2568 0.0003 0.9665
vn -0.7988 0.0031 0.6016
vn -0.9146 0.0011 -0.4043
vn -0.2479 -0.9662 -0.0709
vn 0.7492 -0.6119 0.2535
vn 0.6051 -0.7590 -0.2404
vn -0.7491 -0.6129 0.2512
vn -0.6026 -0.7620 -0.2372
vn -0.6290 -0.6107 0.4810
vn -0.4379 -0.8702 -0.2258
vn -0.9389 -0.3441 -0.0020
vn -0.9923 0.1210 -0.0255
vn -0.9817 -0.0259 0.1884
vn 0.9831 -0.0201 0.1820
vn 0.9920 0.1238 -0.0247
vn 0.9398 -0.3418 0.0018
vn 0.4380 -0.8702 -0.2256
vn 0.6389 -0.6113 0.4670
vn -0.9144 -0.0000 -0.4048
vn 0.2574 0.0000 0.9663
vn -0.7989 0.0000 0.6015
vn -0.8674 0.3304 -0.3721
vn -0.9114 0.0146 -0.4114
vn 0.1038 0.4057 -0.9081
vn 0.8933 0.4478 -0.0387
vn 0.9996 0.0200 -0.0207
vn -0.7778 0.4305 0.4579
vn -0.7995 0.0261 0.6002
vn 0.2578 0.0295 0.9658
vn 0.2070 0.6241 0.7534
vn -0.6052 -0.5471 -0.5782
vn -0.3563 0.8080 -0.4692
vn -0.8562 -0.5147 -0.0443
vn -0.8450 -0.5347 0.0096
vn -0.3589 0.8061 0.4705
vn -0.8572 -0.5150 0.0034
vn -0.6122 -0.4556 0.6462
vn -0.4417 -0.7915 0.4225
vn -0.0750 -0.9932 0.0891
vn -0.2730 -0.8691 -0.4126
vn 0.0697 -0.9975 -0.0124
vn 0.0423 -0.9984 0.0377
vn 0.9919 -0.0958 0.0838
vn -0.3027 0.6609 -0.6868
vn -0.0081 -0.2678 0.9634
vn 0.0509 0.4017 0.9143
vn -0.0052 -0.3709 0.9286
vn -0.3760 0.0605 0.9247
vn -0.0000 0.0044 1.0000
vn -0.0319 -0.3154 0.9484
vn -0.0000 0.2227 0.9749
vn 0.0319 -0.3154 0.9484
vn 0.3761 0.0604 0.9246
vn -0.4773 -0.1172 0.8709
vn -0.0000 0.4594 0.8882
vn 0.0000 -0.9992 -0.0404
vn 0.4773 -0.1172 0.8709
vn -0.0509 0.4017 0.9144
vn -0.0332 -0.1698 -0.9849
vn -0.0241 -0.2198 -0.9752
vn -0.0166 -0.1781 -0.9839
vn -0.0106 -0.2070 -0.9783
vn -0.0387 0.2205 -0.9746
vn -0.0456 0.2725 -0.9611
vn -0.0394 0.1740 -0.9839
vn 0.0266 0.9680 0.2496
vn 0.0107 0.9449 0.3271
vn -0.0094 0.9921 -0.1251
vn -0.0715 0.9893 -0.1275
vn -0.0413 0.9596 0.2783
vn -0.0102 0.1787 -0.9839
vn -0.4109 -0.2102 -0.8871
vn -0.1203 0.1174 -0.9858
vn -0.3507 -0.0319 -0.9359
vn -0.0095 -0.0637 0.9979
vn 0.5133 -0.8579 -0.0229
vn -0.0312 0.0695 0.9971
vn -0.1775 -0.5077 0.8431
vn -0.1962 0.3387 0.9202
vn -0.3679 -0.3157 0.8746
vn -0.2392 0.4341 0.8685
vn -0.2723 -0.3721 0.8873
vn 0.0137 0.3956 0.9183
vn 0.0171 -0.4391 0.8983
vn 0.2334 0.4257 0.8742
vn 0.2567 -0.3653 0.8948
vn 0.3774 -0.2920 0.8788
vn 0.2022 0.3567 0.9121
vn 0.1634 -0.5508 0.8185
vn 0.0256 0.0656 0.9975
vn 0.3940 0.6899 -0.6073
vn 0.4901 -0.4601 0.7404
vn -0.7274 -0.3882 0.5659
vn 0.5441 -0.7607 -0.3538
vn -0.5783 -0.5805 -0.5731
vn 0.2399 -0.8881 0.3921
vn -0.2399 -0.8881 0.3921
vn 0.4405 -0.7919 0.4228
vn 0.0606 -0.9945 0.0850
vn -0.0385 -0.9990 0.0239
vn -0.4615 0.8761 -0.1391
vn -0.4462 0.8913 -0.0808
vn -0.0298 0.9924 -0.1194
vn -0.1003 0.9816 -0.1623
vn -0.0537 0.9806 0.1884
vn -0.3308 0.9213 0.2045
vn -0.0022 -0.4289 -0.9033
vn -0.0128 -0.4377 -0.8990
vn 0.0206 -0.0691 -0.9974
vn -0.3547 -0.0489 -0.9337
vn -0.4414 -0.4064 -0.8000
vn 0.0005 -0.1570 -0.9876
vn -0.3585 -0.2172 -0.9079
vn -0.3893 -0.1492 -0.9089
vn -0.0109 -0.1488 -0.9888
vn 0.3186 -0.8816 -0.3481
vn -0.0299 -0.0140 0.9995
vn -0.4462 0.0054 0.8949
vn -0.0255 -0.2364 0.9713
vn -0.4612 -0.2324 0.8563
vn 0.8199 -0.0624 0.5691
vn -0.0816 0.8372 0.5408
vn 0.2176 -0.7313 0.6464
vn 0.2040 -0.4151 0.8866
vn -0.0000 -0.8630 0.5052
vn 0.0000 -0.9995 -0.0305
vn -0.0824 -0.9965 -0.0145
vn -0.2176 -0.7313 0.6464
vn -0.2040 -0.4151 0.8866
vn 0.0787 0.8395 0.5376
vn -0.8533 -0.0606 0.5178
vn -0.0000 -0.1736 0.9848
vn -0.4402 0.2337 0.8670
vn -0.3978 0.1723 0.9012
vn -0.8826 0.2300 -0.4100
vn -0.9378 -0.2482 -0.2426
vn -0.3977 -0.1402 0.9068
vn -0.0000 -0.9814 -0.1918
vn -0.0000 -0.4047 0.9145
vn 0.3976 -0.1401 0.9068
vn 0.9379 -0.2482 -0.2426
vn 0.3978 0.1723 0.9012
vn 0.8826 0.2300 -0.4100
vn 0.4402 0.2336 0.8670
vn -0.0000 0.0619 0.9981
vn -0.9207 -0.0581 0.3858
vn -0.8324 0.0155 0.5540
vn -0.9702 0.2386 0.0433
vn -0.8964 0.3919 0.2070
vn -0.9702 0.2359 -0.0559
vn -0.9707 0.2196 -0.0976
vn -0.9802 -0.1967 0.0210
vn -0.9350 -0.1655 -0.3135
vn -0.8880 -0.0882 -0.4514
vn -0.9306 0.3256 -0.1672
vn -0.3186 -0.8817 -0.3481
vn 0.2718 -0.8694 -0.4128
vn -0.9874 -0.1152 0.1087
vn 0.2375 0.9569 -0.1668
vn -0.0356 0.9993 -0.0071
vn 0.0540 0.8426 -0.5358
vn -0.1706 0.9701 0.1724
vn -0.0348 0.9517 0.3052
vn -0.1500 0.8897 0.4312
vn 0.0249 0.9884 0.1498
vn -0.0811 0.7702 0.6327
vn 0.0000 0.9656 0.2602
vn 0.0000 0.7745 0.6326
vn 0.0811 0.7714 0.6312
vn -0.0319 0.9895 0.1409
vn 0.2412 0.8806 0.4078
vn 0.0013 0.9762 0.2170
vn 0.0393 0.9925 0.1160
vn -0.2886 0.9517 0.1045
vn -0.1948 0.8259 -0.5290
vn -0.3165 0.9267 -0.2029
vn 0.4147 0.7051 -0.5752
vn 0.2372 0.7528 -0.6140
vn 0.0000 0.7006 -0.7135
vn -0.2411 0.7577 -0.6065
vn -0.4422 0.8091 -0.3871
vn -0.4559 0.7241 -0.5175
vn -0.2703 0.6335 -0.7250
vn -0.0000 0.6811 -0.7322
vn 0.2636 0.6374 -0.7241
vn 0.4638 0.6411 -0.6115
vn -0.5981 0.5440 -0.5885
vn 0.0000 0.5989 -0.8008
vn -0.0006 0.5635 -0.8261
vn 0.3577 0.8068 -0.4702
vn 0.5981 0.5440 -0.5885
vn 0.0671 0.5695 0.8192
vn -0.0000 0.5933 0.8049
vn -0.0671 0.5695 0.8192
vn -0.6964 0.5161 0.4986
vn -0.9764 -0.1006 0.1911
vn -0.9390 -0.0323 0.3423
vn -0.3860 -0.8419 0.3771
vn 0.0002 0.3143 0.9493
vn -0.0000 -0.9207 0.3904
vn 0.3857 -0.8433 0.3743
vn 0.6910 0.5158 0.5065
vn 0.9390 -0.0323 0.3423
vn 0.9764 -0.1006 0.1911
vn -0.8285 -0.0429 0.5584
vn -0.3069 -0.6673 0.6786
vn 0.0001 -0.8616 0.5076
vn -0.0001 -0.9757 0.2190
vn 0.3089 -0.6675 0.6775
vn 0.8300 -0.0433 0.5561
vn -0.4482 0.2420 0.8605
vn 0.0050 0.1278 0.9918
vn 0.4437 0.2688 0.8549
vn -0.5774 -0.5774 0.5773
vn -0.5774 -0.5774 -0.5774
vn -0.0000 -0.7071 0.7071
vn 0.0000 -0.7071 -0.7071
vn 0.5774 -0.5774 -0.5774
vn 0.5774 -0.5774 0.5774
vn -0.5981 0.5440 0.5885
vn -0.0201 -0.4775 -0.8784
vn -0.0121 -0.4525 -0.8917
vn -0.0076 -0.3790 -0.9254
vn 0.0065 -0.5042 -0.8635
vn 0.0185 -0.4794 -0.8774
vn 0.6193 -0.5657 -0.5445
vn -0.1175 -0.1126 0.9867
vn -0.0691 -0.2292 0.9709
vn -0.0957 -0.4010 0.9111
vn -0.0000 -0.3278 0.9447
vn -0.0000 -0.4472 0.8944
vn 0.0886 -0.4007 0.9119
vn 0.0654 -0.2331 0.9702
vn 0.1144 -0.1075 0.9876
vn 0.6836 0.6594 -0.3130
vn 0.3408 0.6553 -0.6741
vn 0.6425 0.7504 0.1554
vn 0.4331 0.7863 0.4407
vn 0.1614 0.7535 0.6373
vn -0.1555 0.6268 -0.7635
vn -0.3482 0.7399 0.5756
vn -0.7064 0.6753 0.2121
vn -0.6779 0.6595 -0.3248
vn -0.0204 0.8623 -0.5061
vn -0.0028 0.9974 -0.0717
vn 0.0127 0.8535 -0.5210
vn 0.8457 -0.5331 -0.0256
vn 0.8450 -0.5347 0.0096
vn 0.3578 0.8076 0.4688
vn 0.8666 -0.4975 0.0394
vn 0.6145 -0.4488 0.6488
vn 0.0664 -0.1014 0.9926
vn 0.4934 -0.1618 0.8546
vn 0.0953 -0.0364 0.9948
vn 0.5657 -0.0725 0.8214
vn 0.4144 0.1013 0.9045
vn 0.0868 0.0662 0.9940
vn 0.4677 0.0121 0.8838
vn -0.1347 0.0905 0.9867
vn -0.1745 0.2150 0.9609
vn -0.2546 0.3266 0.9102
vn -0.3561 0.0812 0.9309
vn -0.1383 -0.0319 0.9899
vn -0.2739 -0.3150 0.9087
vn -0.2747 -0.4939 0.8250
vn -0.0234 -0.1735 0.9846
vn -0.0286 -0.2107 0.9771
vn 0.0390 0.0490 0.9980
vn 0.1060 0.0142 0.9943
vn 0.0173 -0.2621 0.9649
vn 0.0052 -0.3709 0.9286
vn 0.9275 -0.1950 0.3190
vn 0.9456 -0.0626 0.3191
vn 0.9977 -0.0593 0.0317
vn 0.9996 -0.0284 -0.0036
vn 0.8718 -0.4877 0.0472
vn 0.8522 -0.5233 -0.0010
vn 0.8594 -0.5109 -0.0207
vn 0.9075 -0.1192 -0.4027
vn 0.9921 -0.1207 0.0337
vn 0.9006 -0.2334 -0.3665
vn 0.0573 0.5058 0.8607
vn 0.0615 0.5099 0.8580
vn 0.0791 0.4193 0.9044
vn 0.4169 0.0091 -0.9089
vn 0.4246 -0.2279 -0.8762
vn 0.1560 0.1411 -0.9776
vn 0.0748 -0.2917 -0.9536
vn 0.0363 0.2150 -0.9759
vn -0.0040 -0.0414 0.9991
vn -0.5243 -0.8512 -0.0246
vn 0.0720 -0.1029 0.9921
vn 0.0730 -0.0860 0.9936
vn 0.0315 -0.0668 0.9973
vn 0.4988 -0.0978 0.8612
vn 0.1539 -0.1096 0.9820
vn -0.4900 -0.4601 0.7404
vn -0.5441 -0.7607 -0.3538
vn 0.7274 -0.3882 0.5659
vn 0.5783 -0.5805 -0.5731
vn -0.0083 -0.5762 0.8172
vn -0.0645 -0.7095 0.7017
vn 0.1275 -0.5277 0.8398
vn 0.0140 -0.1613 0.9868
vn -0.0344 -0.0354 0.9988
vn -0.0136 0.4182 0.9083
vn 0.2505 -0.3125 0.9163
vn -0.0018 -0.1742 0.9847
vn -0.0000 -0.1084 0.9941
vn -0.0000 -0.0620 0.9981
vn 0.0111 0.3254 0.9455
vn 0.2730 0.0233 0.9617
vn -0.0055 0.1137 0.9935
vn -0.2812 0.0233 0.9594
vn -0.2519 -0.3159 0.9147
vn -0.1273 -0.5290 0.8390
vn -0.0140 -0.1613 0.9868
vn 0.0402 -0.0535 0.9978
vn 0.0081 0.4207 0.9071
vn -0.0455 0.0344 0.9984
vn -0.1013 0.4336 0.8954
vn -0.0424 0.5083 0.8601
vn -0.1062 0.0261 0.9940
vn 0.0371 -0.1736 0.9841
vn 0.1423 -0.0428 0.9889
vn -0.2061 -0.0067 0.9785
vn -0.3628 0.0148 0.9318
vn -0.3430 0.0215 0.9391
vn 0.1491 0.0848 0.9852
vn -0.4650 0.0177 0.8851
vn -0.0688 0.0741 0.9949
vn -0.3938 0.1445 0.9078
vn -0.5966 -0.0539 0.8007
vn -0.0691 -0.0161 0.9975
vn -0.0368 -0.1260 0.9913
vn -0.4765 -0.1664 0.8633
vn -0.4830 -0.0762 0.8723
vn -0.0402 -0.1318 0.9905
vn -0.0797 -0.0964 0.9922
vn -0.0728 -0.0059 0.9973
vn -0.1709 -0.1296 0.9767
vn -0.1266 -0.0761 0.9890
vn -0.0000 -0.0997 0.9950
vn 0.1329 -0.0651 0.9890
vn 0.1528 -0.0703 0.9858
vn 0.0728 -0.0061 0.9973
vn -0.0337 -0.0576 0.9978
vn -0.0460 -0.0622 0.9970
vn -0.0982 -0.0505 0.9939
vn 0.1884 0.4265 0.8847
vn -0.0862 0.2576 0.9624
vn 0.0174 0.4637 0.8858
vn -0.2123 0.4930 0.8437
vn 0.1620 0.2125 0.9636
vn 0.3596 0.0874 0.9290
vn 0.2440 0.3268 0.9131
vn 0.2151 0.5072 0.8345
vn 0.0887 0.2555 0.9627
vn -0.0151 0.4633 0.8861
vn -0.1876 0.4293 0.8835
vn 0.0983 -0.0505 0.9939
vn 0.0457 -0.0607 0.9971
vn 0.0327 -0.0585 0.9978
vn -0.0376 0.6693 0.7420
vn 0.0482 0.8242 0.5643
vn 0.0287 0.9246 0.3800
vn -0.0000 0.9320 0.3623
vn -0.0123 0.9212 0.3890
vn -0.0802 0.8736 0.4800
vn 0.0291 0.6690 0.7427
vn 0.2757 -0.3179 0.9072
vn 0.2753 -0.4968 0.8230
vn 0.0088 -0.5764 0.8171
vn 0.0643 -0.7097 0.7016
vn -0.2361 0.3951 0.8878
vn -0.5698 0.6296 0.5282
vn -0.6079 -0.0377 0.7931
vn -0.4164 0.6106 0.6736
vn -0.0007 0.6687 0.7435
vn 0.0000 0.9934 0.1146
vn -0.5875 0.7758 -0.2302
vn -0.9986 -0.0506 0.0128
vn -0.5811 -0.7955 0.1717
vn -0.0229 -0.4774 0.8784
vn -0.0928 -0.9688 0.2297
vn 0.5528 -0.8151 0.1733
vn 0.6230 -0.0381 0.7813
vn 0.9998 0.0074 0.0188
vn 0.5690 0.6288 0.5299
vn 0.6022 0.7716 -0.2048
vn 0.4138 0.6083 0.6773
vn 0.2338 0.3937 0.8890
vn 0.0286 -0.2107 0.9771
vn -0.0109 -0.0828 -0.9965
vn -0.0193 -0.0700 -0.9974
vn -0.0020 -0.4905 -0.8714
vn 0.0121 -0.4388 -0.8985
vn 0.3592 -0.0536 -0.9317
vn -0.4314 0.0091 -0.9021
vn 0.3408 -0.1990 -0.9188
vn 0.0251 -0.1612 -0.9866
vn 0.3592 -0.1420 -0.9224
vn 0.3185 -0.1462 -0.9366
vn 0.0213 -0.1780 -0.9838
vn 0.4003 -0.1520 -0.9037
vn -0.0026 -0.1623 -0.9867
vn 0.0070 -0.1771 -0.9842
vn 0.0015 -0.1777 -0.9841
vn 0.4651 -0.1752 0.8677
vn 0.4607 0.0214 0.8873
vn 0.0446 -0.2391 0.9700
vn -0.4212 0.1742 0.8901
vn -0.1085 0.4329 0.8949
vn -0.4180 0.1528 0.8955
vn -0.1824 -0.3871 0.9038
vn 0.3118 -0.5088 0.8024
vn 0.6980 -0.1780 0.6936
vn -0.3076 -0.2971 0.9039
vn -0.1216 -0.4868 0.8650
vn 0.1881 -0.5196 0.8334
vn 0.4525 -0.1655 0.8763
vn 0.0347 0.0228 0.9991
vn 0.4269 0.2539 0.8680
vn 0.0151 -0.2979 0.9545
vn 0.1781 0.5299 0.8291
vn -0.1691 0.5303 0.8308
vn 0.8537 0.4872 0.1840
vn 0.8787 0.0538 0.4743
vn 0.9671 0.2526 0.0308
vn 0.9119 -0.0524 0.4071
vn 0.5981 0.5440 0.5885
vn 0.9170 -0.1004 -0.3860
vn 0.9009 -0.1301 -0.4141
vn 0.9937 -0.0921 0.0632
vn 0.7869 0.0363 0.6160
vn 0.9928 -0.1200 0.0072
vn 0.9946 -0.0953 0.0410
vn 0.9085 -0.1411 -0.3933
vn 0.9150 -0.1051 -0.3895
vn 0.9504 0.2419 -0.1955
vn 0.9320 -0.1728 -0.3187
vn 0.9169 0.3491 -0.1936
vn 0.9678 0.2457 -0.0541
vn 0.9765 -0.2151 0.0137
vn 0.9749 -0.2221 -0.0133
vn 0.9874 -0.1521 -0.0433
vn 0.8839 -0.2670 -0.3840
vn -0.6705 0.0408 -0.7408
vn 0.0689 -0.0244 -0.9973
vn -0.5330 -0.4575 -0.7118
vn 0.1531 -0.0295 -0.9878
vn 0.8260 -0.2070 -0.5242
vn 0.4280 0.6052 -0.6712
vn -0.5307 0.6013 -0.5973
vn -0.0032 0.6000 0.8000
vn -0.0000 0.5211 0.8535
vn 0.0032 0.6000 0.8000
vn 0.0893 0.6951 0.7134
vn -0.0618 0.6622 0.7468
vn 0.0163 0.4530 -0.8914
vn 0.0133 0.4542 -0.8908
vn -0.0046 0.5165 -0.8563
vn 0.0259 0.5179 -0.8550
vn -0.4423 0.6126 0.6550
vn -0.2179 0.6883 0.6919
vn 0.3812 0.5218 0.7632
vn 0.2149 0.6443 0.7340
vn -0.0605 0.4876 -0.8709
vn -0.0342 0.4641 -0.8851
vn -0.4104 0.6592 0.6301
vn -0.5775 0.3268 0.7481
vn -0.6316 0.6157 0.4712
vn -0.3460 0.7270 0.5931
vn -0.0598 0.7056 0.7060
vn 0.0569 0.7267 0.6846
vn 0.3682 0.6604 0.6544
vn 0.6284 0.6197 0.4701
vn 0.3094 0.6213 0.7199
vn 0.5644 0.3212 0.7605
vn 0.8958 0.4341 0.0959
vn 0.5694 0.7712 0.2846
vn 0.7539 0.6508 -0.0902
vn 0.9511 0.2913 -0.1028
vn 0.8119 0.4956 -0.3086
vn 0.2992 0.7944 -0.5286
vn 0.2835 0.9092 -0.3050
vn -0.2811 0.9108 -0.3025
vn -0.3046 0.7951 -0.5245
vn -0.7545 0.6504 -0.0882
vn -0.8145 0.4928 -0.3061
vn -0.9511 0.2913 -0.1028
vn -0.8957 0.4343 0.0957
vn -0.5682 0.7659 0.3011
vn -0.4423 0.6126 0.6551
vn 0.7543 0.6505 -0.0886
vn 0.8140 0.4933 -0.3066
vn 0.3036 0.7949 -0.5253
vn 0.2815 0.9105 -0.3029
vn -0.3002 0.7946 -0.5278
vn -0.2830 0.9095 -0.3045
vn -0.7540 0.6507 -0.0898
vn -0.8124 0.4951 -0.3082
vn 0.9955 -0.0923 -0.0213
vn 0.9945 -0.0904 -0.0533
vn 0.9837 -0.1459 -0.1052
vn 0.9330 -0.0331 0.3583
vn 0.9554 -0.0692 0.2869
vn 0.0371 0.1448 -0.9888
vn 0.0477 -0.2073 -0.9771
vn -0.0151 0.2618 -0.9650
vn 0.0231 -0.2383 -0.9709
vn -0.0478 -0.2374 -0.9702
vn 0.0449 -0.5704 -0.8202
vn -0.4266 -0.4059 -0.8083
vn -0.5052 0.1830 -0.8434
vn -0.0259 0.4688 -0.8829
vn -0.0580 -0.1770 -0.9825
vn 0.4183 -0.5091 -0.7522
vn 0.0063 -0.6366 -0.7712
vn 0.0044 -0.1857 -0.9826
vn -0.4116 -0.4721 -0.7796
vn 0.0047 -0.1772 -0.9842
vn 0.6224 -0.1179 -0.7738
vn 0.6245 -0.3969 -0.6727
vn 0.4245 -0.5759 -0.6987
vn 0.0638 -0.7002 -0.7111
vn -0.3245 -0.6198 -0.7145
vn -0.5551 -0.4044 -0.7269
vn 0.0669 -0.2450 -0.9672
vn 0.0125 0.2224 -0.9749
vn 0.5088 -0.1192 -0.8526
vn 0.4417 -0.5751 -0.6886
vn -0.0427 -0.6652 -0.7454
vn -0.4583 -0.4182 -0.7843
vn -0.5549 0.0545 -0.8301
vn -0.6383 -0.1614 -0.7527
vn 0.3812 -0.2468 -0.8909
vn 0.1504 -0.6085 -0.7791
vn -0.3926 -0.5296 -0.7520
vn 0.3100 -0.1547 -0.9381
vn -0.5542 0.0684 -0.8296
vn -0.2877 0.3382 -0.8960
vn 0.2622 0.2615 -0.9289
vn 0.5344 -0.2114 -0.8184
vn 0.0451 -0.1388 -0.9893
vn -0.3008 0.4907 -0.8177
vn 0.0409 0.5106 -0.8588
vn 0.0021 -0.1774 -0.9841
vn -0.6452 -0.0983 -0.7577
vn -0.5100 0.2623 -0.8192
vn -0.0097 0.4758 -0.8795
vn -0.0002 -0.1660 -0.9861
vn 0.4000 -0.5989 -0.6938
vn 0.0023 -0.7281 -0.6854
vn -0.4386 -0.4933 -0.7512
vn 0.3258 -0.6326 -0.7027
vn -0.2768 -0.5386 -0.7958
vn 0.4082 0.4143 -0.8135
vn 0.6152 0.2284 -0.7546
vn -0.9879 -0.1549 -0.0125
vn -0.9085 -0.1966 -0.3686
vn -0.9928 -0.1140 -0.0366
vn -0.9961 -0.0863 -0.0189
vn -0.9962 -0.0702 -0.0519
vn -0.9349 0.0230 0.3541
vn -0.9584 -0.0328 0.2835
vn -0.9015 -0.2313 -0.3659
vn -0.9078 -0.0995 -0.4074
vn -0.9883 -0.1504 0.0256
vn -0.9998 -0.0214 0.0043
vn -0.8785 -0.4762 -0.0377
vn -0.8490 -0.5284 0.0099
vn -0.8791 -0.4765 0.0095
vn -0.9421 -0.0669 0.3287
vn -0.9976 -0.0653 0.0216
vn -0.9349 -0.1727 0.3101
vn -0.9127 -0.1162 -0.3919
vn -0.9014 -0.1241 -0.4149
vn -0.9974 -0.0607 0.0387
vn -0.9920 -0.1259 0.0065
vn -0.9937 -0.1119 -0.0004
vn -0.9924 -0.0979 0.0741
vn -0.9127 -0.1104 -0.3935
vn 0.2644 -0.2733 0.9249
vn 0.5473 -0.5254 0.6514
vn -0.2304 -0.4747 0.8495
vn -0.3047 -0.6880 0.6586
vn -0.5720 -0.2280 0.7879
vn -0.6679 -0.2746 0.6917
vn -0.6538 0.4636 0.5980
vn -0.3432 0.2470 0.9062
vn 0.4514 0.2552 0.8550
vn 0.6632 0.3295 0.6720
vn 0.1524 0.7593 0.6326
vn 0.0806 0.5566 0.8268
vn 0.4435 0.2951 0.8463
vn 0.3817 -0.7549 0.5334
vn -0.4423 -0.5469 0.7108
vn 0.7946 -0.1747 0.5815
vn 0.6248 0.5194 0.5830
vn -0.1978 0.7003 0.6858
vn -0.6835 0.1553 0.7133
vn 0.1375 0.4013 0.9056
vn 0.1392 0.7978 0.5867
vn 0.5474 0.3010 0.7808
vn 0.7020 0.4282 0.5691
vn 0.6255 -0.1768 0.7600
vn 0.7868 -0.1429 0.6004
vn 0.1093 -0.8388 0.5333
vn 0.1158 -0.5231 0.8444
vn -0.4723 -0.1771 0.8635
vn -0.7514 -0.2854 0.5949
vn -0.6850 0.5014 0.5285
vn -0.4295 0.2865 0.8564
vn 0.5028 0.2090 0.8387
vn 0.7026 0.3869 0.5972
vn 0.6523 -0.1917 0.7333
vn 0.8026 -0.2514 0.5410
vn 0.3736 -0.6013 0.7063
vn 0.2597 -0.3987 0.8795
vn 0.0247 0.6889 0.7245
vn 0.0627 0.4868 0.8713
vn -0.3126 0.2404 0.9189
vn -0.4936 0.2837 0.8221
vn -0.6765 -0.1883 0.7120
vn -0.4144 -0.2256 0.8817
vn -0.3354 -0.5732 0.7476
vn -0.2447 -0.4227 0.8726
vn 0.1484 -0.4476 0.8818
vn 0.1345 -0.7742 0.6184
vn -0.5445 -0.3776 0.7489
vn -0.5501 -0.4655 0.6933
vn -0.8240 0.1351 0.5502
vn -0.6075 0.1027 0.7877
vn -0.2891 0.3848 0.8765
vn -0.1745 0.7829 0.5972
vn 0.4624 -0.3521 0.8138
vn 0.6926 -0.3549 0.6280
vn 0.4751 0.1779 0.8618
vn 0.6098 0.2491 0.7524
vn -0.6800 -0.6624 -0.3143
vn -0.6558 -0.7351 0.1719
vn -0.3688 -0.8279 -0.4225
vn -0.5635 -0.7909 0.2388
vn -0.5799 -0.4945 0.6475
vn -0.7582 -0.4162 0.5020
vn -0.7816 -0.0643 0.6205
vn -0.6940 -0.0213 0.7196
vn -0.7346 0.3995 0.5484
vn -0.8771 0.2530 0.4083
vn -0.7512 0.6533 0.0947
vn -0.9001 0.4288 0.0771
vn -0.8678 0.3735 -0.3276
vn -0.8007 0.4612 -0.3823
vn -0.6531 0.3606 -0.6659
vn -0.7744 0.1964 -0.6014
vn -0.5920 0.0791 -0.8021
vn -0.7822 0.0972 -0.6153
vn -0.6505 -0.3501 -0.6740
vn -0.6944 -0.2617 -0.6703
vn -0.8508 -0.5181 -0.0877
vn -0.5294 -0.7616 -0.3737
vn -0.9201 0.0726 -0.3850
vn -0.6324 0.3043 -0.7124
vn -0.8663 0.2087 0.4539
vn -0.8629 0.5052 -0.0090
vn -0.6341 0.4689 0.6149
vn -0.6745 0.7376 -0.0305
vn -0.8044 -0.4344 0.4053
vn -0.5296 -0.4913 0.6915
vn -0.7072 -0.6326 0.3156
vn -0.4242 -0.7695 0.4773
vn -0.7746 -0.5804 -0.2513
vn -0.5114 -0.7620 -0.3972
vn -0.7235 -0.2021 0.6601
vn -0.7082 -0.1771 0.6834
vn -0.5594 0.5120 0.6518
vn -0.8246 0.3774 0.4215
vn -0.8309 0.5502 -0.0835
vn -0.5678 0.8079 -0.1578
vn -0.7559 0.2987 -0.5825
vn -0.6811 0.3409 -0.6480
vn -0.6025 -0.1288 -0.7877
vn -0.7514 -0.1364 -0.6455
vn -0.3943 0.7562 -0.5222
vn -0.4542 0.8628 -0.2222
vn -0.1171 0.8248 -0.5531
vn 0.4921 0.8639 -0.1067
vn 0.3046 0.7287 -0.6133
vn -0.2816 0.7805 -0.5582
vn -0.6439 0.7651 0.0053
vn -0.3895 0.7996 0.4572
vn 0.1258 0.8912 0.4358
vn -0.3931 0.5087 -0.7659
vn -0.8606 0.5065 0.0535
vn 0.4985 0.4178 -0.7595
vn 0.6654 0.7419 -0.0828
vn 0.2518 0.7066 0.6613
vn -0.4568 0.6205 0.6374
vn -0.4298 0.8444 -0.3199
vn -0.5123 0.8541 0.0892
vn -0.3025 0.8778 0.3713
vn 0.1386 0.8817 0.4511
vn 0.4001 0.8378 0.3715
vn 0.5338 0.8414 0.0850
vn 0.4171 0.8500 -0.3216
vn 0.2254 0.7903 -0.5698
vn -0.1333 0.7879 -0.6012
vn -0.0598 0.8215 -0.5671
vn -0.3816 0.8433 -0.3784
vn -0.0528 0.5837 -0.8103
vn -0.7098 0.5826 -0.3959
vn -0.2994 0.9330 0.1996
vn -0.5676 0.6980 0.4367
vn 0.3815 0.8667 -0.3215
vn 0.7187 0.5804 -0.3828
vn 0.3614 0.8600 0.3603
vn 0.5458 0.6892 0.4766
vn -0.0032 0.6187 0.7856
vn 0.0604 0.8397 0.5396
vn 0.4744 0.7300 -0.4920
vn 0.1670 0.8418 -0.5133
vn 0.4176 0.8826 -0.2161
vn -0.6093 0.7921 0.0365
vn -0.3341 0.8102 0.4817
vn 0.0354 0.8787 -0.4760
vn -0.0299 0.8372 0.5461
vn 0.3413 0.7684 0.5414
vn 0.0381 0.8175 -0.5746
vn -0.0308 0.8706 -0.4910
vn 0.5870 0.7823 0.2081
vn 0.5373 0.8232 -0.1834
vn 0.4513 0.8712 0.1931
vn 0.4790 0.7987 -0.3641
vn 0.1828 0.7619 -0.6214
vn 0.0792 0.9463 0.3134
vn -0.2336 0.8110 -0.5363
vn -0.5582 0.8186 -0.1351
vn 0.0564 0.9921 -0.1119
vn -0.3963 0.8559 0.3323
vn 0.3548 0.7381 -0.5738
vn 0.1521 0.7097 -0.6878
vn -0.0962 0.7510 -0.6533
vn 0.4731 0.8711 -0.1315
vn -0.5664 0.7856 -0.2491
vn 0.4693 0.8802 -0.0709
vn -0.4650 0.7417 -0.4834
vn 0.0522 0.9781 0.2013
vn 0.3232 0.8883 0.3263
vn -0.0530 0.8251 0.5625
vn 0.7783 0.6095 -0.1509
vn 0.6852 0.6243 0.3752
vn 0.3434 0.7579 0.5546
vn -0.0658 0.6205 0.7814
vn -0.4049 0.7358 0.5428
vn -0.6962 0.7069 0.1245
vn -0.7595 0.6098 -0.2264
vn -0.5250 0.6771 -0.5157
vn -0.1874 0.6026 -0.7757
vn 0.1578 0.6200 -0.7686
vn 0.4515 0.5949 -0.6650
vn 0.5873 0.6734 0.4490
vn -0.0303 0.7029 0.7107
vn -0.5271 0.6566 0.5395
vn -0.7640 0.6402 -0.0802
vn -0.4200 0.5801 -0.6979
vn 0.2393 0.5706 -0.7856
vn 0.7229 0.5802 -0.3752
vn 0.8240 -0.0291 0.5658
vn 0.6007 0.1797 0.7790
vn 0.8563 0.4844 0.1789
vn 0.6755 0.7177 0.1692
vn 0.6455 0.5864 -0.4893
vn 0.8728 0.3127 -0.3747
vn 0.6633 0.0285 -0.7478
vn 0.8115 -0.0297 -0.5836
vn 0.5999 -0.5981 -0.5314
vn 0.7492 -0.5835 -0.3134
vn 0.4745 -0.8754 0.0925
vn 0.7718 -0.6292 0.0914
vn 0.7182 -0.5215 0.4606
vn 0.5528 -0.5665 0.6112
vn 0.8864 0.4497 0.1094
vn 0.8219 0.4452 -0.3553
vn 0.8010 0.1588 -0.5772
vn 0.9596 -0.1152 0.2569
vn 0.9912 0.1269 0.0371
vn 0.7098 0.1031 -0.6968
vn 0.9909 -0.1250 0.0506
vn 0.6713 -0.3585 -0.6487
vn 0.7438 -0.5975 -0.2996
vn 0.7326 -0.6774 0.0669
vn 0.7823 -0.4273 0.4533
vn 0.8042 0.3869 0.4511
vn 0.9892 -0.1467 -0.0042
vn 0.9893 -0.1453 0.0114
vn 0.7767 -0.5484 0.3100
vn 0.7552 -0.6416 -0.1345
vn 0.4679 -0.6833 0.5605
vn 0.6090 -0.7451 -0.2719
vn 0.6861 -0.1967 0.7004
vn 0.7185 -0.1412 0.6811
vn 0.5646 0.5364 0.6273
vn 0.8740 0.3411 0.3461
vn 0.7930 -0.2052 -0.5736
vn 0.5994 -0.2136 -0.7714
vn 0.7459 0.1993 -0.6355
vn 0.6914 0.2458 -0.6794
vn 0.6095 0.7364 -0.2935
vn 0.8669 0.4780 -0.1416
vn 0.5325 -0.6399 -0.5541
vn 0.0727 -0.8531 -0.5167
vn 0.0219 -0.1770 -0.9840
vn -0.4412 -0.7044 -0.5560
vn -0.6663 -0.4030 -0.6274
vn -0.7269 -0.1324 -0.6738
vn -0.6963 0.1780 -0.6953
vn -0.5366 0.4101 -0.7375
vn -0.3357 0.5792 -0.7428
vn 0.0403 0.6982 -0.7148
vn 0.4656 0.5169 -0.7183
vn 0.6480 0.2660 -0.7137
vn 0.7807 -0.0432 -0.6234
vn 0.6739 -0.3979 -0.6225
vn -0.4970 0.3536 -0.7925
vn -0.5721 0.1092 -0.8129
vn 0.2107 -0.8375 -0.5042
vn -0.0797 -0.9148 -0.3960
vn -0.7302 -0.3503 -0.5865
vn -0.6779 0.2037 -0.7064
vn -0.0546 0.6489 -0.7589
vn 0.8056 0.1079 -0.5825
vn 0.5535 -0.6062 -0.5711
vn 0.0371 0.9105 0.4118
vn -0.8568 -0.4511 0.2497
vn 0.6711 0.3020 -0.6771
vn -0.0131 -0.1394 -0.9901
vn 0.3448 -0.6936 -0.6325
vn -0.4072 -0.7904 -0.4576
vn -0.7756 0.1414 -0.6152
vn -0.0279 0.6882 -0.7250
vn -0.0210 0.3959 -0.9180
vn 0.4663 0.1503 -0.8718
vn -0.4546 0.2844 -0.8441
vn -0.0707 0.4536 -0.8884
vn -0.5963 -0.3077 -0.7414
vn -0.5680 0.2012 -0.7981
vn -0.0926 0.4830 -0.8707
vn -0.0063 -0.3166 -0.9485
vn 0.4592 0.3502 -0.8164
vn 0.5755 -0.2218 -0.7871
vn 0.3433 -0.6517 -0.6763
vn 0.3243 0.4132 -0.8510
vn 0.5597 0.1585 -0.8134
vn 0.5885 -0.2471 -0.7698
vn -0.0313 -0.1799 -0.9832
vn -0.5068 -0.3611 -0.7828
vn -0.3846 0.2980 -0.8736
vn 0.2052 0.4042 -0.8914
vn 0.5746 -0.2502 -0.7792
vn -0.3525 -0.1181 -0.9283
vn -0.3791 -0.1009 -0.9198
vn 0.0093 -0.5782 -0.8158
vn -0.0300 -0.1165 -0.9927
vn 0.0074 -0.1640 -0.9864
vn 0.5705 -0.1147 -0.8132
vn 0.3252 0.3222 -0.8891
vn 0.1867 0.6722 -0.7165
vn -0.1555 -0.6434 -0.7496
vn -0.6064 -0.1017 -0.7886
vn 0.1527 -0.3952 -0.9058
vn 0.2233 -0.8253 -0.5187
vn -0.2358 -0.8512 -0.4688
vn -0.7159 -0.3089 -0.6262
vn -0.7316 0.2592 -0.6306
vn -0.1517 0.7852 -0.6004
vn 0.6230 0.4584 -0.6339
vn 0.7577 -0.2279 -0.6115
vn 0.4228 -0.7120 -0.5606
vn 0.4391 0.6109 -0.6588
vn 0.7723 -0.0527 -0.6331
vn 0.1683 0.5533 -0.8158
vn -0.0083 -0.1694 -0.9855
vn 0.5771 -0.5615 -0.5930
vn -0.0114 -0.1693 -0.9855
vn 0.0262 -0.8381 -0.5448
vn -0.6250 -0.5372 -0.5664
vn -0.7605 -0.0272 -0.6488
vn -0.6030 0.4275 -0.6735
vn -0.0055 -0.1692 -0.9856
vn -0.0110 0.7309 -0.6824
vn 0.5151 -0.2073 -0.8317
vn -0.3981 -0.2208 -0.8904
vn 0.4575 0.3517 -0.8167
vn -0.2756 -0.1006 -0.9560
vn 0.7638 -0.1459 -0.6287
vn 0.5609 0.4728 -0.6796
vn 0.0305 0.7482 -0.6628
vn -0.6658 0.4058 -0.6261
vn 0.1985 -0.8302 -0.5209
vn -0.7006 -0.4746 -0.5328
vn 0.1186 -0.8799 -0.4601
vn -0.7748 -0.3249 -0.5423
vn -0.5118 0.5850 -0.6291
vn 0.4690 0.6667 -0.5793
vn 0.6942 -0.1370 -0.7066
vn 0.3776 -0.9137 0.1500
vn 0.2984 -0.3877 0.8722
vn 0.3480 0.4943 0.7966
vn 0.3662 0.9271 0.0798
vn 0.3629 0.6241 -0.6920
vn 0.2787 0.0142 -0.9603
vn 0.4705 -0.5972 -0.6496
vn -0.1525 -0.6839 -0.7135
vn -0.1676 -0.9594 0.2267
vn -0.1635 -0.4070 0.8987
vn -0.1578 0.4964 0.8536
vn -0.1675 0.9824 0.0829
vn -0.1882 0.6544 -0.7324
vn -0.1952 0.0469 -0.9796
vn -0.4808 0.4676 0.7417
vn -0.6956 0.7182 0.0163
vn -0.4831 0.5554 -0.6769
vn -0.6438 -0.0315 -0.7646
vn -0.5293 -0.5066 -0.6806
vn -0.6732 -0.7372 0.0583
vn -0.5248 -0.3034 0.7953
vn -0.9989 -0.0096 0.0463
vn -0.3776 -0.9137 0.1500
vn -0.4705 -0.5972 -0.6496
vn -0.2787 0.0142 -0.9603
vn -0.3629 0.6240 -0.6920
vn -0.3661 0.9271 0.0798
vn -0.3480 0.4943 0.7966
vn -0.2984 -0.3877 0.8722
vn 0.1676 -0.9594 0.2267
vn 0.1525 -0.6839 -0.7135
vn 0.1952 0.0469 -0.9796
vn 0.1882 0.6544 -0.7324
vn 0.1675 0.9824 0.0829
vn 0.1578 0.4964 0.8536
vn 0.1635 -0.4070 0.8987
vn 0.6732 -0.7372 0.0583
vn 0.5293 -0.5066 -0.6806
vn 0.6438 -0.0315 -0.7645
vn 0.4831 0.5554 -0.6769
vn 0.6956 0.7182 0.0163
vn 0.4808 0.4676 0.7418
vn 0.5248 -0.3034 0.7953
vn 0.9989 -0.0096 0.0463
vn 0.0000 0.1654 -0.9862
vn 0.8406 0.3387 -0.4226
vn 0.6987 0.7106 -0.0830
vn -0.0124 0.9943 -0.1056
vn -0.6893 0.7171 -0.1035
vn -0.8364 0.3512 -0.4208
vn -0.6728 -0.3353 -0.6595
vn 0.0000 -0.3362 -0.9418
vn 0.6728 -0.3353 -0.6595
vn 0.7138 0.6921 -0.1072
vn 0.0073 0.9872 -0.1592
vn -0.7088 0.6875 -0.1581
vn -0.0031 0.7766 0.6300
vn 0.4495 -0.8730 -0.1895
vn 0.0055 -0.8892 -0.4576
vn 0.8900 -0.1589 -0.4274
vn 0.0058 -0.1659 -0.9861
vn -0.8905 -0.1440 -0.4316
vn -0.4747 -0.8591 -0.1912
vn -0.3835 -0.8880 0.2538
vn -0.7419 -0.1862 0.6441
vn 0.0003 -0.1773 0.9842
vn 0.0031 -0.9215 0.3884
vn 0.7455 -0.1888 0.6392
vn 0.3620 -0.8999 0.2431
vn 0.7576 0.5511 -0.3498
vn 0.0024 0.5528 -0.8333
vn -0.7535 0.5550 -0.3524
vn -0.6303 0.5651 0.5323
vn 0.0024 0.5815 0.8136
vn 0.6300 0.5635 0.5345
vn 0.0019 0.9997 -0.0241
vn 0.8366 0.3502 -0.4213
vn 0.6894 0.7221 -0.0570
vn 0.0298 0.9980 -0.0550
vn -0.6994 0.7089 -0.0913
vn -0.8408 0.3376 -0.4231
vn 0.7044 0.6982 -0.1279
vn 0.0206 0.9844 -0.1749
vn -0.7085 0.6879 -0.1573
vn -0.9898 -0.1428 -0.0008
vn -0.9444 -0.1476 0.2937
vn -0.9920 -0.1057 0.0693
vn -0.9878 -0.1419 -0.0646
vn -0.9883 -0.1408 -0.0584
vn -0.0876 0.9887 -0.1218
vn -0.0392 0.9075 -0.4182
vn -0.0264 0.8840 -0.4668
vn 0.3563 0.1951 0.9138
vn -0.0906 0.9625 0.2559
vn 0.0378 0.4555 0.8894
vn -0.2908 0.3613 0.8859
vn -0.9070 -0.0537 0.4176
vn -0.8890 -0.4244 0.1722
vn -0.9138 -0.3429 -0.2179
vn -0.8736 -0.1403 -0.4660
vn -0.0158 -0.2971 0.9547
vn -0.0162 -0.4333 0.9011
vn 0.0000 -0.3653 0.9309
vn 0.0162 -0.4333 0.9011
vn 0.9019 -0.3722 0.2193
vn 0.8990 -0.3881 -0.2031
vn 0.4083 -0.4053 -0.8179
vn 0.9094 -0.0556 0.4122
vn 0.3239 0.0012 0.9461
vn 0.3960 0.0164 0.9181
vn 0.8701 -0.2012 -0.4500
vn 0.1315 0.2903 0.9478
vn -0.0248 0.1072 0.9939
vn -0.0579 -0.0128 0.9982
vn 0.0204 -0.0507 0.9985
vn 0.0655 -0.0211 0.9976
vn 0.0071 0.0198 0.9998
vn 0.3821 0.5329 -0.7550
vn 0.6773 0.2425 -0.6945
vn 0.0009 -0.1672 -0.9859
vn 0.7641 -0.2535 -0.5932
vn 0.0025 -0.1684 -0.9857
vn 0.4961 -0.6880 -0.5297
vn -0.0018 -0.1526 -0.9883
vn -0.0117 -0.8344 -0.5511
vn -0.5916 -0.6138 -0.5227
vn -0.7747 -0.0666 -0.6288
vn -0.5663 0.4105 -0.7147
vn -0.0046 -0.1646 -0.9863
vn -0.0871 0.6550 -0.7506
vn 0.0000 0.9612 -0.2760
vn 0.0000 0.9975 -0.0705
vn -0.6840 0.7270 0.0603
vn -0.9358 0.0741 0.3447
vn -0.6227 -0.5864 0.5180
vn -0.0105 -0.8055 0.5925
vn 0.6272 -0.5703 0.5305
vn 0.9423 0.0834 0.3242
vn 0.6988 0.7139 0.0458
vn -0.0000 0.7369 0.6761
vn -0.5451 0.2808 0.7899
vn -0.0000 -0.0429 0.9991
vn 0.5451 0.2808 0.7899
vn 0.6420 -0.3373 0.6885
vn 0.6849 0.2303 0.6913
vn -0.0218 -0.0266 0.9994
vn 0.2457 0.6626 0.7075
vn -0.0299 -0.0183 0.9994
vn -0.2616 0.6324 0.7292
vn -0.5985 0.3891 0.7003
vn -0.0207 -0.0167 0.9996
vn -0.7175 -0.0981 0.6896
vn -0.4946 -0.5553 0.6685
vn -0.0749 -0.6973 0.7128
vn 0.2612 -0.6035 0.7534
vn -0.3801 -0.4910 0.7838
vn -0.0738 -0.5682 0.8196
vn 0.2241 -0.5192 0.8247
vn 0.3645 -0.2498 0.8971
vn 0.4996 0.1702 0.8494
vn 0.1471 0.4456 0.8831
vn -0.2150 0.4611 0.8609
vn -0.0283 -0.0092 0.9996
vn -0.0385 0.0439 0.9983
vn -0.0368 0.0209 0.9991
vn -0.0332 -0.0017 0.9994
vn -0.4636 0.3007 0.8334
vn -0.5461 -0.0624 0.8354
vn 0.0012 0.0578 0.9983
vn -0.0124 -0.0196 0.9997
vn -0.0000 -0.0065 1.0000
vn 0.0124 -0.0197 0.9997
vn -0.0321 0.0332 0.9989
vn 0.3011 0.9529 -0.0370
vn -0.3511 0.9345 -0.0589
vn -0.6276 0.7443 -0.2285
vn -0.0076 0.9774 -0.2113
vn -0.4875 0.8720 0.0442
vn -0.4262 0.8556 0.2937
vn -0.1667 0.8858 0.4332
vn 0.0068 0.9212 0.3890
vn 0.1524 0.8914 0.4268
vn 0.4228 0.8567 0.2953
vn 0.4875 0.8720 0.0442
vn 0.6276 0.7443 -0.2285
vn 0.0076 0.9774 -0.2113
vn -0.0000 0.9764 -0.2160
vn -0.0082 0.9936 -0.1127
vn -0.0000 0.9887 -0.1497
vn 0.0082 0.9936 -0.1127
vn 0.0029 1.0000 0.0037
vn -0.0301 0.9923 0.1203
vn 0.0001 0.9937 0.1122
vn 0.0376 0.9889 0.1437
vn -0.0029 1.0000 0.0037
vn 0.0000 0.9997 -0.0246
vn -0.8215 0.1803 0.5409
vn -0.8490 0.4445 0.2856
vn -0.8839 0.4667 -0.0317
vn -0.8125 0.4214 -0.4029
vn -0.7762 0.1845 -0.6029
vn -0.6660 0.0597 -0.7436
vn -0.7528 -0.2776 -0.5968
vn -0.7025 -0.6212 -0.3473
vn -0.7306 -0.6601 0.1745
vn -0.6301 -0.5839 0.5118
vn -0.7171 -0.2825 0.6372
vn 0.0570 0.9905 -0.1250
vn -0.0258 0.9928 -0.1173
vn 0.5985 0.4230 -0.6804
vn 0.7499 0.5504 -0.3671
vn 0.9825 -0.1685 -0.0796
vn 0.6881 0.7118 0.1410
vn 0.7211 0.4684 0.5105
vn 0.9965 -0.0594 -0.0584
vn 0.6777 0.1177 0.7258
vn 0.6113 -0.4562 0.6467
vn 0.9870 -0.1589 -0.0257
vn 0.5548 -0.8147 0.1688
vn 0.4813 -0.7549 -0.4455
vn 0.6785 -0.2854 -0.6769
vn 0.6457 0.0741 -0.7600
vn -0.0097 0.1422 0.9898
vn -0.0026 0.0379 0.9993
vn 0.0455 0.9913 -0.1235
vn -0.1219 0.2587 0.9583
vn 0.0244 0.1072 0.9939
vn -0.0079 0.0207 0.9998
vn -0.0649 -0.0185 0.9977
vn -0.0205 -0.0510 0.9985
vn 0.0579 -0.0128 0.9982
vn -0.0004 0.0570 0.9984
vn 0.6381 -0.4705 -0.6095
vn 0.9968 -0.0762 0.0258
vn 0.5593 -0.8275 -0.0488
vn 0.6690 -0.5988 0.4404
vn 0.6058 -0.3617 0.7086
vn 0.9966 -0.0753 -0.0336
vn 0.6493 0.0130 -0.7604
vn 0.6032 0.4116 -0.6832
vn 0.9901 -0.0762 -0.1176
vn 0.6464 0.6770 -0.3520
vn 0.6743 0.7127 0.1933
vn 0.7027 0.2946 0.6476
vn 0.6752 -0.1118 0.7291
vn 0.9967 -0.0751 0.0317
vn -0.3117 -0.7772 -0.5467
vn -0.7452 -0.6482 -0.1565
vn -0.8161 -0.5210 -0.2501
vn -0.9366 -0.3346 -0.1045
vn -0.8872 -0.4612 0.0101
vn -0.6174 -0.7455 0.2510
vn -0.4852 -0.8481 0.2128
vn -0.2754 -0.8887 -0.3666
vn 0.3105 -0.7796 -0.5439
vn 0.2756 -0.8878 -0.3686
vn 0.7425 -0.6505 -0.1602
vn 0.8113 -0.5343 -0.2374
vn 0.9325 -0.3458 -0.1048
vn 0.8841 -0.4673 -0.0038
vn 0.6209 -0.7459 0.2411
vn 0.6333 -0.5996 0.4893
vn 0.5792 -0.3473 0.7375
vn 0.2877 -0.7261 0.6245
vn 0.2367 -0.2197 0.9464
vn -0.0000 -0.3957 0.9184
vn -0.0024 -0.7951 0.6064
vn -0.2747 -0.7637 0.5842
vn -0.2793 -0.3208 0.9050
vn -0.5844 -0.3596 0.7274
vn -0.6348 -0.5970 0.4906
vn -0.1732 -0.9412 0.2902
vn -0.1679 -0.9815 0.0916
vn 0.1612 -0.9829 0.0894
vn 0.4877 -0.8488 0.2041
vn 0.1800 -0.9361 0.3022
vn 0.0000 -0.9089 0.4169
vn -0.0017 -0.9439 0.3303
vn -0.4663 0.8283 0.3108
vn -0.1952 0.9212 0.3366
vn -0.0599 0.9400 0.3359
vn 0.0511 0.9376 0.3439
vn 0.2030 0.9154 0.3475
vn 0.4677 0.8280 0.3094
vn 0.1810 0.9678 0.1749
vn -0.1812 0.9676 0.1757
vn -0.2952 0.1273 0.9469
vn -0.0029 0.3383 0.9410
vn -0.0026 0.5484 0.8362
vn 0.2893 0.1273 0.9487
vn 0.5006 0.2403 0.8316
vn 0.4621 -0.3362 0.8206
vn 0.2542 -0.1869 0.9489
vn -0.0030 -0.3262 0.9453
vn -0.0026 -0.5657 0.8246
vn -0.4673 -0.3362 0.8177
vn -0.2602 -0.1869 0.9473
vn -0.5058 0.2403 0.8285
vn -0.2770 0.8319 0.4808
vn 0.2909 0.8364 0.4645
vn 0.7191 0.5361 0.4421
vn 0.9032 -0.0036 0.4291
vn 0.7369 -0.5323 0.4168
vn 0.2847 -0.8489 0.4453
vn -0.2687 -0.8439 0.4644
vn -0.7142 -0.5232 0.4650
vn -0.8760 -0.0035 0.4823
vn -0.6968 0.5284 0.4850
vn -0.3202 0.9473 -0.0097
vn 0.2975 0.9547 -0.0065
vn 0.8045 0.5939 -0.0038
vn 1.0000 -0.0032 -0.0028
vn 0.7994 -0.6007 -0.0018
vn 0.2952 -0.9554 -0.0086
vn -0.3201 -0.9473 -0.0100
vn -0.8127 -0.5826 -0.0127
vn -0.9999 0.0000 -0.0131
vn -0.8132 0.5819 -0.0122
vn -0.6975 0.5144 -0.4989
vn -0.2611 0.8353 -0.4838
vn 0.2828 0.8393 -0.4644
vn 0.7266 0.5208 -0.4481
vn 0.8974 0.0003 -0.4413
vn 0.7268 -0.5266 -0.4410
vn 0.2773 -0.8464 -0.4546
vn -0.2605 -0.8404 -0.4752
vn -0.6972 -0.5164 -0.4971
vn -0.8637 0.0003 -0.5040
vn -0.4104 0.2988 -0.8616
vn -0.1552 0.4823 -0.8621
vn 0.1581 0.4810 -0.8624
vn 0.4107 0.2966 -0.8621
vn 0.5076 -0.0006 -0.8616
vn 0.4119 -0.2986 -0.8609
vn 0.1587 -0.4910 -0.8566
vn -0.1550 -0.4914 -0.8570
vn -0.4116 -0.3008 -0.8603
vn -0.5088 -0.0006 -0.8609
vn 0.0031 -0.0000 -1.0000
vn -0.0031 0.0122 0.9999
vn -0.2857 0.1273 0.9498
vn 0.0065 0.3383 0.9410
vn 0.0058 0.5484 0.8362
vn 0.2988 0.1273 0.9458
vn 0.5090 0.2403 0.8266
vn 0.4703 -0.3362 0.8159
vn 0.2637 -0.1869 0.9463
vn 0.0065 -0.3262 0.9453
vn 0.0057 -0.5657 0.8246
vn -0.4590 -0.3362 0.8223
vn -0.2506 -0.1869 0.9499
vn -0.4975 0.2403 0.8335
vn -0.2722 0.8319 0.4835
vn 0.2956 0.8364 0.4615
vn 0.7235 0.5361 0.4349
vn 0.9075 -0.0036 0.4200
vn 0.7399 -0.5303 0.4140
vn 0.2878 -0.8481 0.4449
vn -0.2646 -0.8432 0.4680
vn -0.7095 -0.5232 0.4721
vn -0.8711 -0.0035 0.4910
vn -0.6919 0.5284 0.4919
vn -0.3203 0.9473 -0.0065
vn 0.2974 0.9547 -0.0095
vn 0.8045 0.5939 -0.0119
vn 0.9999 0.0000 -0.0128
vn 0.8036 -0.5951 -0.0123
vn 0.2998 -0.9540 -0.0073
vn -0.3193 -0.9476 -0.0066
vn -0.8132 -0.5819 -0.0040
vn -1.0000 0.0000 -0.0031
vn -0.8132 0.5819 -0.0040
vn -0.7013 0.5130 -0.4949
vn -0.2666 0.8345 -0.4822
vn 0.2776 0.8403 -0.4657
vn 0.7232 0.5229 -0.4512
vn 0.8990 0.0040 -0.4380
vn 0.7236 -0.5274 -0.4453
vn 0.2791 -0.8426 -0.4606
vn -0.2672 -0.8359 -0.4795
vn -0.7024 -0.5132 -0.4933
vn -0.8665 0.0003 -0.4992
vn -0.4152 0.2972 -0.8598
vn -0.1620 0.4815 -0.8614
vn 0.1515 0.4823 -0.8628
vn 0.4043 0.3129 -0.8594
vn 0.4792 -0.0201 -0.8775
vn 0.3907 -0.3307 -0.8590
vn 0.1523 -0.4857 -0.8608
vn -0.1627 -0.4849 -0.8593
vn -0.4164 -0.2992 -0.8585
vn -0.5124 -0.0006 -0.8587
vn -0.0158 0.0003 -0.9999
vn 0.0069 0.0122 0.9999
vn -0.3106 -0.7713 -0.5556
vn -0.7459 -0.6470 -0.1582
vn -0.8142 -0.5229 -0.2523
vn -0.6176 -0.7454 0.2510
vn -0.4818 -0.8502 0.2121
vn -0.2745 -0.8874 -0.3702
vn 0.3133 -0.7752 -0.5485
vn 0.2781 -0.8886 -0.3646
vn 0.7444 -0.6492 -0.1565
vn 0.8156 -0.5215 -0.2506
vn 0.9365 -0.3346 -0.1046
vn 0.8872 -0.4612 0.0101
vn 0.6184 -0.7467 0.2450
vn -0.1711 -0.9421 0.2885
vn -0.1585 -0.9827 0.0958
vn 0.1665 -0.9818 0.0919
vn 0.4840 -0.8493 0.2108
vn 0.1795 -0.9364 0.3017
vn 0.0002 -0.9097 0.4153
vn -0.0024 -0.9461 0.3240
vn 0.0235 -0.2757 -0.9609
vn -0.5788 -0.3638 0.7298
vn -0.1560 -0.6525 0.7415
vn 0.0251 -0.0192 0.9995
vn 0.2958 -0.6378 0.7111
vn 0.6632 -0.2226 0.7146
vn 0.6199 0.3320 0.7110
vn 0.0544 -0.0098 0.9985
vn 0.2071 0.7058 0.6775
vn -0.2862 0.6648 0.6900
vn -0.6438 0.1923 0.7406
vn 0.1085 -0.0341 0.9935
vn 0.1410 -0.0513 0.9887
vn -0.1426 -0.0341 0.9892
vn -0.7599 0.6491 -0.0355
vn -0.7516 0.4854 -0.4466
vn -0.9966 -0.0343 -0.0749
vn -0.5511 0.3907 -0.7373
vn -0.5870 0.0690 -0.8066
vn -0.9978 -0.0625 -0.0204
vn -0.6435 -0.3496 -0.6809
vn -0.9865 -0.1474 0.0714
vn -0.6717 -0.6471 -0.3605
vn -0.5148 -0.8459 0.1398
vn -0.5385 -0.6266 0.5634
vn -0.5470 -0.2816 0.7884
vn -0.7038 0.2838 0.6512
vn -0.7046 0.5934 0.3890
vn -0.9892 -0.1385 0.0480
vn -0.9972 -0.0740 0.0088
vn 0.0029 0.9892 -0.1467
vn 0.9786 -0.1974 0.0588
vn 0.7755 -0.6308 0.0237
vn 0.7920 -0.4131 -0.4496
vn 0.7377 0.0533 -0.6731
vn 0.7986 0.2130 -0.5629
vn 0.8441 0.4101 -0.3455
vn 0.8670 0.4818 0.1272
vn 0.8259 0.2011 0.5267
vn 0.6377 -0.6289 0.4449
vn 0.7230 -0.3741 0.5808
vn 0.7279 -0.1695 0.6644
vn -0.0077 -0.0878 -0.9961
vn -0.0511 -0.1397 -0.9889
vn -0.0652 -0.1655 -0.9840
vn 0.0454 -0.4509 0.8914
vn -0.0454 -0.4509 0.8914
usemtl spongebob_t.png
s 1
f 31/1/1 6/2/2 19/3/3
f 19/3/3 6/2/2 18/4/4
f 4/5/5 18/4/4 6/2/2
f 18/4/4 4/5/5 17/6/6
f 17/6/6 4/5/5 16/7/7
f 2/8/8 16/7/7 4/5/5
f 16/7/7 2/8/8 14/9/9
f 1/10/10 14/9/9 2/8/8
f 14/9/9 1/10/10 61/11/11
f 61/11/11 1/10/10 41/12/12
f 2/8/8 41/12/12 1/10/10
f 41/12/12 2/8/8 3/13/13
f 4/5/5 3/13/13 2/8/8
f 3/13/13 4/5/5 5/14/14
f 6/2/2 5/14/14 4/5/5
f 5/14/14 6/2/2 38/15/15
f 38/15/15 6/2/2 32/16/16
f 31/1/1 32/16/16 6/2/2
f 36/17/17 7/18/18 33/19/19
f 33/19/19 7/18/18 37/20/20
f 37/20/20 7/18/18 8/21/21
f 9/22/22 8/21/21 7/18/18
f 8/21/21 9/22/22 39/23/23
f 15/24/24 39/23/23 9/22/22
f 10/25/25 39/23/23 15/24/24
f 39/23/23 10/25/25 40/26/26
f 13/27/27 40/26/26 10/25/25
f 40/26/26 13/27/27 11/28/28
f 11/28/28 13/27/27 25/29/29
f 25/29/29 13/27/27 75/30/30
f 75/30/30 13/27/27 76/31/31
f 76/31/31 13/27/27 12/32/32
f 12/32/32 13/27/27 14/9/9
f 10/25/25 14/9/9 13/27/27
f 15/24/24 14/9/9 10/25/25
f 14/9/9 15/24/24 16/7/7
f 16/7/7 15/24/24 17/6/6
f 9/22/22 17/6/6 15/24/24
f 17/6/6 9/22/22 18/4/4
f 7/18/18 18/4/4 9/22/22
f 36/17/17 18/4/4 7/18/18
f 18/4/4 36/17/17 19/3/3
f 82/33/33 89/34/34 20/35/35
f 21/36/36 20/35/35 89/34/34
f 20/35/35 21/36/36 83/37/37
f 94/38/38 83/37/37 21/36/36
f 83/37/37 94/38/38 22/39/39
f 23/40/40 22/39/39 94/38/38
f 22/39/39 23/40/40 24/41/41
f 26/42/42 24/41/41 23/40/40
f 24/41/41 26/42/42 25/29/29
f 25/29/29 26/42/42 43/43/43
f 43/43/43 26/42/42 27/44/44
f 81/45/45 27/44/44 26/42/42
f 80/46/46 27/44/44 81/45/45
f 27/44/44 80/46/46 47/47/47
f 78/48/48 47/47/47 80/46/46
f 47/47/47 78/48/48 29/49/49
f 28/50/50 29/49/49 78/48/48
f 29/49/49 28/50/50 30/51/51
f 964/52/52 969/53/53 31/54/1
f 31/54/1 969/53/53 32/55/16
f 968/56/54 32/55/16 969/53/53
f 32/55/16 968/56/54 33/57/19
f 34/58/55 33/57/19 968/56/54
f 35/59/56 33/57/19 34/58/55
f 33/57/19 35/59/56 36/60/17
f 966/61/57 36/60/17 35/59/56
f 36/60/17 966/61/57 19/62/3
f 965/63/58 19/62/3 966/61/57
f 964/52/52 31/54/1 965/63/58
f 19/62/3 965/63/58 31/54/1
f 33/19/19 37/20/20 32/16/16
f 32/16/16 37/20/20 38/15/15
f 8/21/21 38/15/15 37/20/20
f 38/15/15 8/21/21 5/14/14
f 39/23/23 5/14/14 8/21/21
f 5/14/14 39/23/23 3/13/13
f 40/26/26 3/13/13 39/23/23
f 3/13/13 40/26/26 41/12/12
f 41/12/12 40/26/26 42/64/59
f 11/28/28 42/64/59 40/26/26
f 42/64/59 11/28/28 45/65/60
f 25/29/29 45/65/60 11/28/28
f 45/65/60 25/29/29 43/43/43
f 42/64/59 45/65/60 44/66/61
f 43/43/43 44/66/61 45/65/60
f 44/66/61 43/43/43 59/67/62
f 59/67/62 43/43/43 46/68/63
f 27/44/44 46/68/63 43/43/43
f 47/47/47 46/68/63 27/44/44
f 46/68/63 47/47/47 58/69/64
f 29/49/49 58/69/64 47/47/47
f 58/69/64 29/49/49 30/51/51
f 24/41/41 48/70/65 85/71/66
f 85/71/66 48/70/65 49/72/67
f 50/73/68 49/72/67 48/70/65
f 49/72/67 50/73/68 52/74/69
f 52/74/69 50/73/68 53/75/70
f 71/76/71 53/75/70 50/73/68
f 85/71/66 49/72/67 63/77/72
f 63/77/72 49/72/67 51/78/73
f 52/74/69 51/78/73 49/72/67
f 51/78/73 52/74/69 66/79/74
f 66/79/74 52/74/69 1747/80/75
f 53/75/70 1747/80/75 52/74/69
f 26/42/42 92/81/76 81/45/45
f 81/45/45 92/81/76 54/82/77
f 60/83/78 54/82/77 92/81/76
f 55/84/79 54/82/77 60/83/78
f 54/82/77 55/84/79 79/85/80
f 56/86/81 79/85/80 55/84/79
f 79/85/80 56/86/81 28/50/50
f 57/87/82 28/50/50 56/86/81
f 28/50/50 57/87/82 30/51/51
f 30/51/51 57/87/82 58/69/64
f 56/86/81 58/69/64 57/87/82
f 58/69/64 56/86/81 46/68/63
f 55/84/79 46/68/63 56/86/81
f 46/68/63 55/84/79 59/67/62
f 60/83/78 59/67/62 55/84/79
f 59/67/62 60/83/78 64/88/83
f 64/88/83 60/83/78 63/77/72
f 86/89/84 63/77/72 60/83/78
f 59/67/62 64/88/83 44/66/61
f 44/66/61 64/88/83 42/64/59
f 42/64/59 64/88/83 61/11/11
f 61/11/11 64/88/83 77/90/85
f 77/90/85 64/88/83 62/91/86
f 63/77/72 62/91/86 64/88/83
f 62/91/86 63/77/72 95/92/87
f 51/78/73 95/92/87 63/77/72
f 95/92/87 51/78/73 65/93/88
f 65/93/88 51/78/73 67/94/89
f 66/79/74 67/94/89 51/78/73
f 67/94/89 66/79/74 70/95/90
f 1747/80/75 70/95/90 66/79/74
f 95/92/87 65/93/88 96/96/91
f 96/96/91 65/93/88 72/97/92
f 67/94/89 72/97/92 65/93/88
f 72/97/92 67/94/89 68/98/93
f 70/95/90 68/98/93 67/94/89
f 68/98/93 70/95/90 69/99/94
f 53/75/70 69/99/94 70/95/90
f 71/76/71 69/99/94 53/75/70
f 69/99/94 71/76/71 68/98/93
f 50/73/68 68/98/93 71/76/71
f 48/70/65 68/98/93 50/73/68
f 68/98/93 48/70/65 72/97/92
f 24/41/41 72/97/92 48/70/65
f 72/97/92 24/41/41 73/100/95
f 25/29/29 73/100/95 24/41/41
f 73/100/95 25/29/29 75/30/30
f 72/97/92 73/100/95 96/96/91
f 75/30/30 96/96/91 73/100/95
f 96/96/91 75/30/30 74/101/96
f 74/101/96 75/30/30 103/102/97
f 76/31/31 103/102/97 75/30/30
f 103/102/97 76/31/31 104/103/98
f 104/103/98 76/31/31 77/90/85
f 12/32/32 77/90/85 76/31/31
f 77/90/85 12/32/32 61/11/11
f 14/9/9 61/11/11 12/32/32
f 28/50/50 78/48/48 79/85/80
f 80/46/46 79/85/80 78/48/48
f 81/45/45 79/85/80 80/46/46
f 79/85/80 81/45/45 54/82/77
f 20/35/35 83/37/37 82/33/33
f 82/33/33 83/37/37 87/104/99
f 87/104/99 83/37/37 84/105/100
f 22/39/39 84/105/100 83/37/37
f 24/41/41 84/105/100 22/39/39
f 85/71/66 84/105/100 24/41/41
f 63/77/72 84/105/100 85/71/66
f 86/89/84 84/105/100 63/77/72
f 84/105/100 86/89/84 87/104/99
f 88/106/101 87/104/99 86/89/84
f 90/107/102 87/104/99 88/106/101
f 87/104/99 90/107/102 82/33/33
f 82/33/33 90/107/102 89/34/34
f 89/34/34 90/107/102 91/108/103
f 88/106/101 91/108/103 90/107/102
f 86/89/84 91/108/103 88/106/101
f 91/108/103 86/89/84 93/109/104
f 60/83/78 93/109/104 86/89/84
f 92/81/76 93/109/104 60/83/78
f 26/42/42 93/109/104 92/81/76
f 23/40/40 93/109/104 26/42/42
f 94/38/38 93/109/104 23/40/40
f 93/109/104 94/38/38 91/108/103
f 21/36/36 91/108/103 94/38/38
f 91/108/103 21/36/36 89/34/34
f 62/91/86 95/92/87 105/110/105
f 105/110/105 95/92/87 1748/111/106
f 96/96/91 1748/111/106 95/92/87
f 1748/112/106 97/113/107 105/110/105
f 105/110/105 97/113/107 98/114/108
f 100/115/109 98/114/108 97/113/107
f 98/114/108 100/115/109 99/116/110
f 99/116/110 100/115/109 101/117/111
f 101/117/111 100/115/109 102/118/112
f 97/113/107 102/118/112 100/115/109
f 1748/112/106 102/118/112 97/113/107
f 74/119/96 102/118/112 1748/112/106
f 102/118/112 74/119/96 101/117/111
f 103/102/97 101/117/111 74/119/96
f 104/103/98 101/117/111 103/102/97
f 101/117/111 104/103/98 99/116/110
f 98/114/108 99/116/110 105/110/105
f 104/103/98 105/110/105 99/116/110
f 77/90/85 105/110/105 104/103/98
f 105/110/105 77/90/85 62/91/86
f 106/120/113 115/121/114 152/122/115
f 152/122/115 115/121/114 153/123/116
f 153/123/116 115/121/114 107/124/117
f 112/125/118 107/124/117 115/121/114
f 113/126/119 107/124/117 112/125/118
f 107/124/117 113/126/119 155/127/120
f 108/128/121 155/127/120 113/126/119
f 155/127/120 108/128/121 109/129/122
f 109/129/122 108/128/121 158/130/123
f 110/131/124 158/130/123 108/128/121
f 158/130/123 110/131/124 161/132/125
f 161/132/125 110/131/124 204/133/126
f 204/133/126 110/131/124 121/134/127
f 108/128/121 121/134/127 110/131/124
f 121/134/127 108/128/121 120/135/128
f 120/135/128 108/128/121 111/136/129
f 113/126/119 111/136/129 108/128/121
f 112/125/118 111/136/129 113/126/119
f 111/136/129 112/125/118 114/137/130
f 115/121/114 114/137/130 112/125/118
f 114/137/130 115/121/114 117/138/131
f 117/138/131 115/121/114 149/139/132
f 106/120/113 149/139/132 115/121/114
f 149/139/132 116/140/133 117/138/131
f 124/141/134 117/138/131 116/140/133
f 118/142/135 117/138/131 124/141/134
f 117/138/131 118/142/135 114/137/130
f 114/137/130 118/142/135 111/136/129
f 119/143/136 111/136/129 118/142/135
f 111/136/129 119/143/136 120/135/128
f 123/144/137 120/135/128 119/143/136
f 120/135/128 123/144/137 121/134/127
f 122/145/138 121/134/127 123/144/137
f 121/134/127 122/145/138 133/146/139
f 133/146/139 122/145/138 176/147/140
f 176/147/140 122/145/138 159/148/141
f 123/144/137 159/148/141 122/145/138
f 159/148/141 123/144/137 157/149/142
f 119/143/136 157/149/142 123/144/137
f 157/149/142 119/143/136 156/150/143
f 156/150/143 119/143/136 154/151/144
f 118/142/135 154/151/144 119/143/136
f 154/151/144 118/142/135 125/152/145
f 124/141/134 125/152/145 118/142/135
f 116/140/133 125/152/145 124/141/134
f 125/152/145 116/140/133 126/153/146
f 192/154/147 128/155/148 127/156/149
f 127/156/149 128/155/148 129/157/150
f 130/158/151 129/157/150 128/155/148
f 129/157/150 130/158/151 131/159/152
f 200/160/153 131/159/152 130/158/151
f 131/159/152 200/160/153 194/161/154
f 134/162/155 194/161/154 200/160/153
f 194/161/154 134/162/155 132/163/156
f 132/163/156 134/162/155 133/146/139
f 133/146/139 134/162/155 135/164/157
f 135/164/157 134/162/155 142/165/158
f 136/166/159 142/165/158 134/162/155
f 142/165/158 136/166/159 137/167/160
f 212/168/161 137/167/160 136/166/159
f 139/169/162 137/167/160 212/168/161
f 137/167/160 139/169/162 140/170/163
f 138/171/164 140/170/163 139/169/162
f 146/172/165 140/170/163 138/171/164
f 140/170/163 146/172/165 137/167/160
f 141/173/166 137/167/160 146/172/165
f 137/167/160 141/173/166 142/165/158
f 143/174/167 142/165/158 141/173/166
f 142/165/158 143/174/167 144/175/168
f 144/175/168 143/174/167 201/176/169
f 201/176/169 143/174/167 145/177/170
f 141/173/166 145/177/170 143/174/167
f 145/177/170 141/173/166 147/178/171
f 146/172/165 147/178/171 141/173/166
f 147/178/171 146/172/165 1749/179/172
f 148/180/173 152/181/115 991/182/174
f 126/183/146 991/182/174 152/181/115
f 991/182/174 126/183/146 992/184/175
f 116/185/133 992/184/175 126/183/146
f 992/184/175 116/185/133 993/186/176
f 993/186/176 116/185/133 150/187/177
f 149/188/132 150/187/177 116/185/133
f 150/187/177 149/188/132 151/189/178
f 106/190/113 151/189/178 149/188/132
f 151/189/178 106/190/113 995/191/179
f 148/180/173 995/191/179 152/181/115
f 106/190/113 152/181/115 995/191/179
f 152/122/115 153/123/116 126/153/146
f 126/153/146 153/123/116 125/152/145
f 125/152/145 153/123/116 154/151/144
f 107/124/117 154/151/144 153/123/116
f 155/127/120 154/151/144 107/124/117
f 154/151/144 155/127/120 156/150/143
f 156/150/143 155/127/120 157/149/142
f 109/129/122 157/149/142 155/127/120
f 158/130/123 157/149/142 109/129/122
f 157/149/142 158/130/123 159/148/141
f 159/148/141 158/130/123 165/192/180
f 161/132/125 165/192/180 158/130/123
f 165/192/180 161/132/125 160/193/181
f 160/193/181 161/132/125 202/194/182
f 164/195/183 202/194/182 161/132/125
f 162/196/184 202/194/182 164/195/183
f 202/194/182 162/196/184 163/197/185
f 163/197/185 162/196/184 210/198/186
f 210/198/186 162/196/184 208/199/187
f 164/195/183 208/199/187 162/196/184
f 208/199/187 164/195/183 206/200/188
f 206/200/188 164/195/183 204/133/126
f 161/132/125 204/133/126 164/195/183
f 159/148/141 165/192/180 166/201/189
f 166/201/189 165/192/180 180/202/190
f 180/202/190 165/192/180 197/203/191
f 197/203/191 165/192/180 199/204/192
f 160/193/181 199/204/192 165/192/180
f 201/176/169 199/204/192 160/193/181
f 199/204/192 201/176/169 145/177/170
f 159/148/141 166/201/189 176/147/140
f 176/147/140 166/201/189 167/205/193
f 180/202/190 167/205/193 166/201/189
f 168/206/194 167/205/193 180/202/190
f 167/205/193 168/206/194 169/207/195
f 169/207/195 168/206/194 170/208/196
f 171/209/197 170/208/196 168/206/194
f 170/208/196 171/209/197 173/210/198
f 172/211/199 173/210/198 171/209/197
f 172/211/199 183/212/200 173/210/198
f 174/213/201 173/210/198 183/212/200
f 173/210/198 174/213/201 170/208/196
f 185/214/202 170/208/196 174/213/201
f 170/208/196 185/214/202 169/207/195
f 175/215/203 169/207/195 185/214/202
f 132/163/156 169/207/195 175/215/203
f 169/207/195 132/163/156 167/205/193
f 133/146/139 167/205/193 132/163/156
f 167/205/193 133/146/139 176/147/140
f 134/162/155 177/216/204 136/166/159
f 136/166/159 177/216/204 211/217/205
f 199/204/192 211/217/205 177/216/204
f 145/177/170 211/217/205 199/204/192
f 211/217/205 145/177/170 178/218/206
f 147/178/171 178/218/206 145/177/170
f 1749/179/172 178/218/206 147/178/171
f 138/171/164 178/218/206 1749/179/172
f 178/218/206 138/171/164 212/168/161
f 139/169/162 212/168/161 138/171/164
f 142/165/158 144/175/168 135/164/157
f 135/164/157 144/175/168 203/219/207
f 203/219/207 144/175/168 207/220/208
f 179/221/209 207/220/208 144/175/168
f 197/203/191 184/222/210 180/202/190
f 180/202/190 184/222/210 168/206/194
f 181/223/211 168/206/194 184/222/210
f 168/206/194 181/223/211 171/209/197
f 182/224/212 171/209/197 181/223/211
f 171/209/197 182/224/212 172/211/199
f 172/211/199 182/224/212 183/212/200
f 181/223/211 183/212/200 182/224/212
f 183/212/200 181/223/211 187/225/213
f 184/222/210 187/225/213 181/223/211
f 187/225/213 184/222/210 186/226/214
f 197/203/191 186/226/214 184/222/210
f 196/227/215 186/226/214 197/203/191
f 186/226/214 196/227/215 175/215/203
f 132/163/156 175/215/203 196/227/215
f 183/212/200 187/225/213 174/213/201
f 174/213/201 187/225/213 185/214/202
f 185/214/202 187/225/213 175/215/203
f 186/226/214 175/215/203 187/225/213
f 128/155/148 192/154/147 130/158/151
f 188/228/216 130/158/151 192/154/147
f 130/158/151 188/228/216 198/229/217
f 198/229/217 188/228/216 189/230/218
f 189/230/218 188/228/216 190/231/219
f 190/231/219 188/228/216 191/232/220
f 192/154/147 191/232/220 188/228/216
f 127/156/149 191/232/220 192/154/147
f 191/232/220 127/156/149 193/233/221
f 129/157/150 193/233/221 127/156/149
f 131/159/152 193/233/221 129/157/150
f 193/233/221 131/159/152 195/234/222
f 194/161/154 195/234/222 131/159/152
f 132/163/156 195/234/222 194/161/154
f 196/227/215 195/234/222 132/163/156
f 197/203/191 195/234/222 196/227/215
f 189/230/218 195/234/222 197/203/191
f 195/234/222 189/230/218 193/233/221
f 190/231/219 193/233/221 189/230/218
f 193/233/221 190/231/219 191/232/220
f 189/230/218 199/204/192 198/229/217
f 177/216/204 198/229/217 199/204/192
f 134/162/155 198/229/217 177/216/204
f 200/160/153 198/229/217 134/162/155
f 198/229/217 200/160/153 130/158/151
f 160/193/181 202/194/182 201/176/169
f 179/221/209 201/176/169 202/194/182
f 201/176/169 179/221/209 144/175/168
f 207/220/208 206/200/188 203/219/207
f 204/133/126 203/219/207 206/200/188
f 121/134/127 203/219/207 204/133/126
f 133/146/139 203/219/207 121/134/127
f 203/219/207 133/146/139 135/164/157
f 179/235/209 202/194/182 205/236/223
f 163/197/185 205/236/223 202/194/182
f 205/236/223 163/197/185 210/198/186
f 206/200/188 207/237/208 208/199/187
f 208/199/187 207/237/208 209/238/224
f 179/235/209 209/238/224 207/237/208
f 205/236/223 209/238/224 179/235/209
f 210/198/186 209/238/224 205/236/223
f 209/238/224 210/198/186 208/199/187
f 136/166/159 211/217/205 212/168/161
f 178/218/206 212/168/161 211/217/205
f 213/239/225 215/240/226 244/241/227
f 214/242/228 244/241/227 215/240/226
f 244/241/227 214/242/228 216/243/229
f 220/244/230 219/245/231 217/246/232
f 217/246/232 219/245/231 218/247/233
f 218/247/233 219/245/231 1038/248/234
f 1038/248/234 219/245/231 1039/249/235
f 1039/249/235 219/245/231 1035/250/236
f 1035/250/236 219/245/231 222/251/237
f 220/244/230 222/251/237 219/245/231
f 222/251/237 220/244/230 226/252/238
f 226/252/238 220/244/230 227/253/239
f 217/246/232 227/253/239 220/244/230
f 227/253/239 217/246/232 228/254/240
f 228/254/240 217/246/232 221/255/241
f 218/247/233 221/255/241 217/246/232
f 221/255/241 218/247/233 230/256/242
f 1038/248/234 230/256/242 218/247/233
f 1035/250/236 222/251/237 223/257/243
f 223/257/243 222/251/237 224/258/244
f 226/252/238 224/258/244 222/251/237
f 224/258/244 226/252/238 225/259/245
f 227/253/239 225/259/245 226/252/238
f 225/259/245 227/253/239 258/260/246
f 228/254/240 258/260/246 227/253/239
f 258/260/246 228/254/240 257/261/247
f 221/255/241 257/261/247 228/254/240
f 230/256/242 257/261/247 221/255/241
f 229/262/248 257/261/247 230/256/242
f 257/261/247 229/262/248 224/258/244
f 223/257/243 224/258/244 229/262/248
f 1037/263/249 239/264/250 1036/265/251
f 1036/265/251 239/264/250 231/266/252
f 264/267/253 231/266/252 239/264/250
f 231/266/252 264/267/253 262/268/254
f 232/269/253 262/268/254 264/267/253
f 262/268/254 232/269/253 261/270/254
f 281/271/253 261/270/254 232/269/253
f 261/270/254 281/271/253 263/272/254
f 259/273/255 260/274/256 233/275/257
f 233/275/257 260/274/256 240/276/258
f 234/277/259 240/276/258 260/274/256
f 240/276/258 234/277/259 235/278/260
f 236/279/259 235/278/260 234/277/259
f 235/278/260 236/279/259 237/280/260
f 283/281/259 237/280/260 236/279/259
f 237/280/260 283/281/259 282/282/260
f 1037/263/249 238/283/261 239/264/250
f 239/264/250 238/283/261 265/284/262
f 265/284/262 238/283/261 240/276/258
f 233/275/257 240/276/258 238/283/261
f 256/285/263 241/286/264 246/287/265
f 246/287/265 241/286/264 247/288/266
f 243/289/267 247/288/266 241/286/264
f 247/288/266 243/289/267 250/290/268
f 242/291/269 250/290/268 243/289/267
f 250/290/268 242/291/269 252/292/270
f 254/293/271 252/292/270 242/291/269
f 216/294/229 246/295/265 244/296/227
f 244/296/227 246/295/265 245/297/272
f 245/297/272 246/295/265 248/298/273
f 247/299/266 248/298/273 246/295/265
f 248/298/273 247/299/266 249/300/274
f 250/301/268 249/300/274 247/299/266
f 249/300/274 250/301/268 251/302/275
f 252/303/270 251/302/275 250/301/268
f 251/302/275 252/303/270 253/304/276
f 254/305/271 253/304/276 252/303/270
f 242/306/269 253/304/276 254/305/271
f 253/304/276 242/306/269 1034/307/277
f 243/308/267 1034/307/277 242/306/269
f 1034/307/277 243/308/267 255/309/278
f 241/310/264 255/309/278 243/308/267
f 255/309/278 241/310/264 1026/311/279
f 256/312/263 1026/311/279 241/310/264
f 1026/311/279 256/312/263 1025/313/280
f 1025/313/280 256/312/263 215/314/226
f 214/315/228 215/314/226 256/312/263
f 224/258/244 225/259/245 257/261/247
f 258/260/246 257/261/247 225/259/245
f 1036/265/251 231/266/252 259/273/255
f 259/273/255 231/266/252 260/274/256
f 262/268/254 260/274/256 231/266/252
f 260/274/256 262/268/254 234/277/259
f 261/270/254 234/277/259 262/268/254
f 234/277/259 261/270/254 236/279/259
f 263/272/254 236/279/259 261/270/254
f 236/279/259 263/272/254 283/281/259
f 281/271/253 232/269/253 268/316/281
f 268/316/281 232/269/253 267/317/281
f 264/267/253 267/317/281 232/269/253
f 267/317/281 264/267/253 266/318/281
f 239/264/250 266/318/281 264/267/253
f 265/284/262 266/318/281 239/264/250
f 240/276/258 266/318/281 265/284/262
f 235/278/260 266/318/281 240/276/258
f 237/280/260 266/318/281 235/278/260
f 266/318/281 237/280/260 267/317/281
f 282/282/260 267/317/281 237/280/260
f 267/317/281 282/282/260 268/316/281
f 1021/319/282 269/320/283 273/321/284
f 273/321/284 269/320/283 274/322/254
f 270/323/259 274/322/254 269/320/283
f 274/322/254 270/323/259 275/324/254
f 271/325/285 273/321/284 272/326/286
f 274/322/254 272/326/286 273/321/284
f 275/324/254 272/326/286 274/322/254
f 272/326/286 275/324/254 280/327/253
f 276/328/287 1018/329/288 277/330/289
f 277/330/289 1018/329/288 278/331/290
f 278/331/290 1018/329/288 272/326/286
f 271/325/285 272/326/286 1018/329/288
f 276/328/287 277/330/289 1021/319/282
f 1021/319/282 277/330/289 269/320/283
f 279/332/260 269/320/283 277/330/289
f 269/320/283 279/332/260 270/323/259
f 214/242/228 256/285/263 216/243/229
f 246/287/265 216/243/229 256/285/263
f 281/333/253 280/334/253 263/335/254
f 275/336/254 263/335/254 280/334/253
f 283/337/259 270/338/259 282/339/260
f 279/340/260 282/339/260 270/338/259
f 280/334/253 281/333/253 284/341/281
f 268/342/281 284/341/281 281/333/253
f 284/341/281 268/342/281 279/340/260
f 282/339/260 279/340/260 268/342/281
f 263/335/254 275/336/254 283/337/259
f 270/338/259 283/337/259 275/336/254
f 280/327/253 284/343/281 272/326/286
f 272/326/286 284/343/281 278/331/290
f 278/331/290 284/343/281 277/330/289
f 279/332/260 277/330/289 284/343/281
f 305/344/291 1079/345/292 286/346/293
f 285/347/294 286/346/293 1079/345/292
f 311/348/295 286/346/293 285/347/294
f 286/346/293 311/348/295 287/349/296
f 288/350/295 287/349/296 311/348/295
f 287/349/296 288/350/295 307/351/296
f 332/352/295 307/351/296 288/350/295
f 307/351/296 332/352/295 309/353/296
f 1080/354/297 290/355/298 289/356/299
f 289/356/299 290/355/298 291/357/300
f 291/357/300 290/355/298 317/358/301
f 1077/359/302 317/358/301 290/355/298
f 303/360/303 293/361/304 294/362/305
f 294/362/305 293/361/304 296/363/306
f 292/364/267 296/363/306 293/361/304
f 296/363/306 292/364/267 297/365/268
f 301/366/269 297/365/268 292/364/267
f 297/365/268 301/366/269 298/367/270
f 299/368/271 298/367/270 301/366/269
f 329/369/307 294/370/305 295/371/308
f 295/371/308 294/370/305 1068/372/309
f 1068/372/309 294/370/305 1067/373/310
f 296/374/306 1067/373/310 294/370/305
f 1067/373/310 296/374/306 1066/375/311
f 297/376/268 1066/375/311 296/374/306
f 1066/375/311 297/376/268 1075/377/275
f 298/378/270 1075/377/275 297/376/268
f 1075/377/275 298/378/270 300/379/276
f 299/380/271 300/379/276 298/378/270
f 301/381/269 300/379/276 299/380/271
f 300/379/276 301/381/269 1072/382/277
f 292/383/267 1072/382/277 301/381/269
f 1072/382/277 292/383/267 1062/384/312
f 293/385/304 1062/384/312 292/383/267
f 1062/384/312 293/385/304 302/386/313
f 303/387/303 302/386/313 293/385/304
f 302/386/313 303/387/303 304/388/314
f 304/388/314 303/387/303 331/389/315
f 330/390/316 331/389/315 303/387/303
f 305/344/291 286/346/293 1077/359/302
f 1077/359/302 286/346/293 317/358/301
f 287/349/296 317/358/301 286/346/293
f 317/358/301 287/349/296 306/391/317
f 307/351/296 306/391/317 287/349/296
f 306/391/317 307/351/296 308/392/317
f 309/353/296 308/392/317 307/351/296
f 308/392/317 309/353/296 318/393/317
f 1080/354/297 289/356/299 1079/345/292
f 1079/345/292 289/356/299 285/347/294
f 310/394/318 285/347/294 289/356/299
f 285/347/294 310/394/318 311/348/295
f 313/395/318 311/348/295 310/394/318
f 311/348/295 313/395/318 288/350/295
f 312/396/318 288/350/295 313/395/318
f 288/350/295 312/396/318 332/352/295
f 312/396/318 313/395/318 314/397/319
f 314/397/319 313/395/318 315/398/319
f 310/394/318 315/398/319 313/395/318
f 315/398/319 310/394/318 316/399/319
f 289/356/299 316/399/319 310/394/318
f 291/357/300 316/399/319 289/356/299
f 317/358/301 316/399/319 291/357/300
f 306/391/317 316/399/319 317/358/301
f 308/392/317 316/399/319 306/391/317
f 316/399/319 308/392/317 315/398/319
f 318/393/317 315/398/319 308/392/317
f 315/398/319 318/393/317 314/397/319
f 322/400/320 323/401/321 319/402/322
f 319/402/322 323/401/321 320/403/296
f 333/404/317 320/403/296 323/401/321
f 320/403/296 333/404/317 334/405/296
f 326/406/323 319/402/322 327/407/324
f 320/403/296 327/407/324 319/402/322
f 334/405/296 327/407/324 320/403/296
f 327/407/324 334/405/296 321/408/295
f 322/400/320 325/409/325 323/401/321
f 323/401/321 325/409/325 324/410/326
f 324/410/326 325/409/325 328/411/327
f 1055/412/328 328/411/327 325/409/325
f 1055/412/328 326/406/323 328/411/327
f 327/407/324 328/411/327 326/406/323
f 321/408/295 328/411/327 327/407/324
f 328/411/327 321/408/295 335/413/318
f 330/414/316 303/360/303 329/415/307
f 294/362/305 329/415/307 303/360/303
f 329/415/307 295/416/308 330/414/316
f 330/414/316 295/416/308 331/417/315
f 1069/418/225 331/417/315 295/416/308
f 332/419/295 321/420/295 309/421/296
f 334/422/296 309/421/296 321/420/295
f 335/423/318 312/424/318 336/425/319
f 314/426/319 336/425/319 312/424/318
f 336/425/319 314/426/319 333/427/317
f 318/428/317 333/427/317 314/426/319
f 309/421/296 334/422/296 318/428/317
f 333/427/317 318/428/317 334/422/296
f 312/424/318 335/423/318 332/419/295
f 321/420/295 332/419/295 335/423/318
f 328/411/327 335/413/318 324/410/326
f 336/429/319 324/410/326 335/413/318
f 324/410/326 336/429/319 323/401/321
f 333/404/317 323/401/321 336/429/319
f 448/430/329 337/431/330 338/432/331
f 338/432/331 337/431/330 339/433/332
f 340/434/333 339/433/332 337/431/330
f 339/433/332 340/434/333 341/435/334
f 1153/436/335 341/435/334 340/434/333
f 342/437/336 343/438/337 380/439/338
f 380/439/338 343/438/337 406/440/339
f 365/441/340 406/440/339 343/438/337
f 406/440/339 365/441/340 1277/442/341
f 539/443/342 1277/442/341 365/441/340
f 1153/444/335 340/445/333 345/446/343
f 344/447/344 345/446/343 340/445/333
f 345/446/343 344/447/344 1165/448/345
f 346/449/346 458/450/347 1750/451/348
f 1750/451/348 458/450/347 388/452/349
f 388/452/349 458/450/347 347/453/350
f 348/454/351 347/453/350 458/450/347
f 1750/455/348 344/447/344 389/456/352
f 349/457/353 389/456/352 344/447/344
f 389/456/352 349/457/353 408/458/354
f 408/458/354 349/457/353 407/459/355
f 477/460/356 407/459/355 349/457/353
f 407/459/355 477/460/356 347/461/350
f 350/462/357 352/463/358 351/464/359
f 351/464/359 352/463/358 662/465/360
f 662/465/360 352/463/358 1114/466/361
f 1114/466/361 352/463/358 1112/467/362
f 1109/468/363 1112/467/362 352/463/358
f 1136/469/364 1134/470/365 1351/471/366
f 1351/471/366 1134/470/365 353/472/367
f 1133/473/368 353/472/367 1134/470/365
f 659/474/369 355/475/370 354/476/371
f 1163/477/372 354/476/371 355/475/370
f 515/478/373 539/479/342 538/480/374
f 356/481/375 538/480/374 539/479/342
f 539/482/342 366/483/376 356/484/375
f 356/484/375 366/483/376 357/485/377
f 358/486/378 357/485/377 366/483/376
f 357/485/377 358/486/378 550/487/379
f 367/488/380 550/487/379 358/486/378
f 550/487/379 367/488/380 359/489/381
f 360/490/382 359/489/381 367/488/380
f 359/489/381 360/490/382 361/491/383
f 369/492/384 361/491/383 360/490/382
f 362/493/385 361/491/383 369/492/384
f 361/491/383 362/493/385 568/494/386
f 370/495/387 568/494/386 362/493/385
f 568/494/386 370/495/387 526/496/388
f 549/497/389 526/496/388 370/495/387
f 382/498/390 381/499/391 364/500/392
f 363/501/393 364/500/392 381/499/391
f 539/482/342 365/502/340 366/483/376
f 343/503/337 366/483/376 365/502/340
f 366/483/376 343/503/337 358/486/378
f 342/504/336 358/486/378 343/503/337
f 358/486/378 342/504/336 367/488/380
f 484/505/394 367/488/380 342/504/336
f 367/488/380 484/505/394 360/490/382
f 368/506/395 360/490/382 484/505/394
f 360/490/382 368/506/395 369/492/384
f 576/507/396 369/492/384 368/506/395
f 369/492/384 576/507/396 362/493/385
f 371/508/397 362/493/385 576/507/396
f 362/493/385 371/508/397 370/495/387
f 404/509/398 370/495/387 371/508/397
f 370/495/387 404/509/398 549/497/389
f 1105/510/399 372/511/400 463/512/401
f 463/512/401 372/511/400 373/513/402
f 373/513/402 372/511/400 1139/514/403
f 374/515/404 1139/514/403 372/511/400
f 1178/516/405 376/517/406 377/518/407
f 377/518/407 376/517/406 1157/519/408
f 375/520/409 1157/519/408 376/517/406
f 377/518/407 1157/519/408 898/521/410
f 378/522/411 898/521/410 1157/519/408
f 379/523/412 898/521/410 378/522/411
f 898/521/410 379/523/412 901/524/413
f 364/525/392 363/526/393 401/527/414
f 380/528/338 401/527/414 363/526/393
f 363/529/393 381/530/391 380/531/338
f 342/532/336 380/531/338 381/530/391
f 484/533/394 342/534/336 382/535/390
f 381/536/391 382/535/390 342/534/336
f 364/537/392 401/538/414 382/539/390
f 484/540/394 382/539/390 401/538/414
f 383/541/415 1150/542/416 1247/543/417
f 1164/544/418 1247/543/417 1150/542/416
f 1278/545/419 1300/546/420 385/547/421
f 384/548/422 385/547/421 1300/546/420
f 386/549/423 385/547/421 384/548/422
f 385/547/421 386/549/423 406/440/339
f 406/440/339 386/549/423 387/550/424
f 387/550/424 386/549/423 403/551/425
f 403/551/425 386/549/423 405/552/426
f 432/553/427 405/552/426 386/549/423
f 433/554/428 405/552/426 432/553/427
f 405/552/426 433/554/428 1296/555/429
f 1750/451/348 388/452/349 1166/556/430
f 347/453/350 1166/556/430 388/452/349
f 1750/557/348 389/558/352 346/559/346
f 346/559/346 389/558/352 457/560/431
f 457/560/431 389/558/352 391/561/432
f 390/562/433 391/561/432 389/558/352
f 411/563/434 391/561/432 390/562/433
f 391/561/432 411/563/434 392/564/435
f 394/565/436 392/564/435 411/563/434
f 392/564/435 394/565/436 397/566/437
f 397/566/437 394/565/436 393/567/438
f 410/568/439 393/567/438 394/565/436
f 393/567/438 410/568/439 395/569/440
f 409/570/441 395/569/440 410/568/439
f 407/571/355 395/569/440 409/570/441
f 395/569/440 407/571/355 396/572/442
f 396/572/442 407/571/355 348/573/351
f 347/574/350 348/573/351 407/571/355
f 457/575/431 391/576/432 459/577/443
f 459/577/443 391/576/432 395/578/440
f 395/578/440 391/576/432 393/579/438
f 392/580/435 393/579/438 391/576/432
f 393/579/438 392/580/435 397/581/437
f 1145/582/444 1141/583/445 1142/584/446
f 398/585/447 1142/584/446 1141/583/445
f 1143/586/448 1106/587/449 399/588/450
f 399/588/450 1106/587/449 1162/589/451
f 1162/589/451 1106/587/449 400/590/452
f 1107/591/453 400/590/452 1106/587/449
f 406/440/339 387/550/424 380/439/338
f 380/439/338 387/550/424 401/592/414
f 401/592/414 387/550/424 402/593/454
f 402/593/454 387/550/424 574/594/455
f 403/551/425 574/594/455 387/550/424
f 574/594/455 403/551/425 371/595/397
f 371/595/397 403/551/425 404/596/398
f 404/596/398 403/551/425 1287/597/456
f 1287/597/456 403/551/425 1296/555/429
f 405/552/426 1296/555/429 403/551/425
f 1277/442/341 1278/545/419 406/440/339
f 385/547/421 406/440/339 1278/545/419
f 407/598/355 409/599/441 408/600/354
f 408/600/354 409/599/441 390/601/433
f 410/602/439 390/601/433 409/599/441
f 390/601/433 410/602/439 411/603/434
f 394/604/436 411/603/434 410/602/439
f 1295/605/457 413/606/458 412/607/459
f 412/607/459 413/606/458 414/608/460
f 1294/609/461 414/608/460 413/606/458
f 414/608/460 1294/609/461 421/610/462
f 1293/611/463 421/610/462 1294/609/461
f 421/610/462 1293/611/463 415/612/464
f 1292/613/465 415/612/464 1293/611/463
f 415/612/464 1292/613/465 422/614/466
f 422/614/466 1292/613/465 416/615/467
f 417/616/468 416/615/467 1292/613/465
f 416/615/467 417/616/468 424/617/469
f 1289/618/470 424/617/469 417/616/468
f 424/617/469 1289/618/470 418/619/471
f 419/620/472 418/619/471 1289/618/470
f 418/619/471 419/620/472 425/621/473
f 1286/622/474 425/621/473 419/620/472
f 412/607/459 414/608/460 420/623/475
f 421/610/462 420/623/475 414/608/460
f 415/612/464 420/623/475 421/610/462
f 420/623/475 415/612/464 430/624/476
f 422/614/466 430/624/476 415/612/464
f 430/624/476 422/614/466 429/625/477
f 429/625/477 422/614/466 423/626/478
f 416/615/467 423/626/478 422/614/466
f 424/617/469 423/626/478 416/615/467
f 423/626/478 424/617/469 426/627/479
f 418/619/471 426/627/479 424/617/469
f 425/621/473 426/627/479 418/619/471
f 1286/622/474 426/627/479 425/621/473
f 427/628/480 426/627/479 1286/622/474
f 426/627/479 427/628/480 423/626/478
f 428/629/481 423/626/478 427/628/480
f 423/626/478 428/629/481 429/625/477
f 1283/630/482 429/625/477 428/629/481
f 1280/631/483 429/625/477 1283/630/482
f 429/625/477 1280/631/483 430/624/476
f 1282/632/484 430/624/476 1280/631/483
f 430/624/476 1282/632/484 420/623/475
f 420/623/475 1282/632/484 412/607/459
f 1295/605/457 412/607/459 1282/632/484
f 820/633/485 337/634/330 431/635/486
f 450/636/487 431/635/486 337/634/330
f 464/637/488 431/635/486 450/636/487
f 431/635/486 464/637/488 822/638/489
f 1300/639/420 1301/640/490 384/641/422
f 1310/642/491 384/641/422 1301/640/490
f 384/641/422 1310/642/491 386/643/423
f 386/643/423 1310/642/491 432/644/427
f 1309/645/492 432/644/427 1310/642/491
f 432/644/427 1309/645/492 433/646/428
f 1300/647/420 1281/648/493 1298/649/494
f 1298/649/494 1281/648/493 1297/650/495
f 1297/650/495 1281/648/493 436/651/496
f 1284/652/497 436/651/496 1281/648/493
f 436/651/496 1284/652/497 439/653/498
f 439/653/498 1284/652/497 440/654/499
f 434/655/500 440/654/499 1284/652/497
f 440/654/499 434/655/500 1307/656/501
f 1307/656/501 434/655/500 435/657/502
f 433/658/428 435/657/502 434/655/500
f 1297/650/495 436/651/496 1303/659/503
f 1303/659/503 436/651/496 443/660/504
f 443/660/504 436/651/496 437/661/505
f 437/661/505 436/651/496 438/662/506
f 439/653/498 438/662/506 436/651/496
f 440/654/499 438/662/506 439/653/498
f 438/662/506 440/654/499 437/661/505
f 437/661/505 440/654/499 441/663/507
f 441/663/507 440/654/499 442/664/508
f 1307/656/501 442/664/508 440/654/499
f 1303/659/503 443/660/504 444/665/509
f 444/665/509 443/660/504 445/666/510
f 437/661/505 445/666/510 443/660/504
f 441/663/507 445/666/510 437/661/505
f 445/666/510 441/663/507 1305/667/511
f 442/664/508 1305/667/511 441/663/507
f 819/668/512 446/669/513 813/670/514
f 821/671/515 813/670/514 446/669/513
f 447/672/516 813/670/514 821/671/515
f 813/670/514 447/672/516 816/673/517
f 818/674/518 340/675/333 820/676/485
f 337/677/330 820/676/485 340/675/333
f 448/678/329 1179/679/519 337/680/330
f 449/681/520 337/680/330 1179/679/519
f 337/680/330 449/681/520 450/682/487
f 451/683/521 450/682/487 449/681/520
f 1176/684/522 450/682/487 451/683/521
f 450/682/487 1176/684/522 464/685/488
f 452/686/523 464/685/488 1176/684/522
f 464/685/488 452/686/523 453/687/524
f 518/688/525 1272/689/526 519/690/527
f 455/691/528 519/690/527 1272/689/526
f 519/690/527 455/691/528 454/692/529
f 454/692/529 455/691/528 520/693/530
f 456/694/531 520/693/530 455/691/528
f 520/693/530 456/694/531 521/695/532
f 457/560/431 459/696/443 346/559/346
f 346/559/346 459/696/443 458/697/347
f 458/697/347 459/696/443 348/573/351
f 396/572/442 348/573/351 459/696/443
f 771/698/533 460/699/534 770/700/535
f 770/700/535 460/699/534 767/701/536
f 767/701/536 460/699/534 461/702/537
f 462/703/538 461/702/537 460/699/534
f 461/702/537 462/703/538 766/704/539
f 766/704/539 462/703/538 765/705/540
f 763/706/541 765/705/540 462/703/538
f 463/512/401 1110/707/542 753/708/543
f 754/709/544 753/708/543 1110/707/542
f 453/710/524 1172/711/545 464/712/488
f 465/713/546 464/712/488 1172/711/545
f 464/712/488 465/713/546 589/714/547
f 466/715/548 589/714/547 465/713/546
f 589/714/547 466/715/548 1169/716/549
f 467/717/550 483/718/551 469/719/552
f 470/720/553 469/719/552 483/718/551
f 468/721/554 469/719/552 470/720/553
f 469/719/552 468/721/554 471/722/555
f 1187/723/556 471/722/555 468/721/554
f 472/724/557 471/722/555 1187/723/556
f 471/722/555 472/724/557 529/725/558
f 529/725/558 472/724/557 528/726/559
f 528/726/559 472/724/557 1388/727/560
f 474/728/561 1388/727/560 472/724/557
f 1388/727/560 474/728/561 473/729/562
f 473/729/562 474/728/561 486/730/563
f 475/731/564 486/730/563 474/728/561
f 486/730/563 475/731/564 488/732/565
f 488/732/565 475/731/564 489/733/566
f 1399/734/567 489/733/566 475/731/564
f 1169/735/549 476/736/568 589/737/547
f 589/737/547 476/736/568 477/460/356
f 1167/738/569 477/460/356 476/736/568
f 1183/739/570 1181/740/571 478/741/572
f 478/741/572 1181/740/571 479/742/573
f 1171/743/574 479/742/573 1181/740/571
f 1173/744/575 479/742/573 1171/743/574
f 480/745/576 479/742/573 1173/744/575
f 1754/746/577 479/742/573 480/745/576
f 479/742/573 1754/746/577 836/747/578
f 1192/748/579 836/747/578 1754/746/577
f 1399/749/567 1397/750/580 489/751/566
f 1130/752/581 489/751/566 1397/750/580
f 489/751/566 1130/752/581 1131/753/582
f 1121/754/583 672/755/584 1120/756/585
f 669/757/586 1120/756/585 672/755/584
f 1120/756/585 669/757/586 481/758/587
f 524/759/588 525/760/589 549/761/389
f 526/762/388 549/761/389 525/760/589
f 582/763/590 522/764/591 482/765/592
f 521/766/532 482/765/592 522/764/591
f 1182/767/593 483/768/551 579/769/594
f 467/770/550 579/769/594 483/768/551
f 579/769/594 467/770/550 582/771/590
f 484/772/394 401/592/414 368/773/395
f 402/593/454 368/773/395 401/592/414
f 577/774/595 572/775/596 575/776/597
f 573/777/598 575/776/597 572/775/596
f 473/729/562 486/730/563 485/778/599
f 485/778/599 486/730/563 487/779/600
f 488/732/565 487/779/600 486/730/563
f 487/779/600 488/732/565 490/780/601
f 490/780/601 488/732/565 493/781/602
f 493/781/602 488/732/565 492/782/603
f 489/733/566 492/782/603 488/732/565
f 492/782/603 489/733/566 494/783/604
f 1131/784/582 494/783/604 489/733/566
f 487/779/600 490/780/601 485/778/599
f 485/778/599 490/780/601 495/785/605
f 495/785/605 490/780/601 496/786/606
f 493/781/602 496/786/606 490/780/601
f 496/786/606 493/781/602 491/787/607
f 491/787/607 493/781/602 502/788/608
f 492/782/603 502/788/608 493/781/602
f 502/788/608 492/782/603 503/789/609
f 494/783/604 503/789/609 492/782/603
f 495/785/605 496/786/606 497/790/610
f 497/790/610 496/786/606 567/791/611
f 567/791/611 496/786/606 498/792/612
f 498/792/612 496/786/606 499/793/613
f 499/793/613 496/786/606 500/794/614
f 500/794/614 496/786/606 501/795/615
f 491/787/607 501/795/615 496/786/606
f 502/788/608 501/795/615 491/787/607
f 501/795/615 502/788/608 566/796/616
f 503/789/609 566/796/616 502/788/608
f 1135/797/617 566/796/616 503/789/609
f 566/796/616 1135/797/617 504/798/618
f 1137/799/619 504/798/618 1135/797/617
f 1138/800/620 504/798/618 1137/799/619
f 506/801/621 504/798/618 1138/800/620
f 504/798/618 506/801/621 505/802/622
f 505/802/622 506/801/621 507/803/623
f 508/804/624 507/803/623 506/801/621
f 1262/805/625 507/803/623 508/804/624
f 509/806/626 507/803/623 1262/805/625
f 507/803/623 509/806/626 530/807/627
f 510/808/628 530/807/627 509/806/626
f 530/807/627 510/808/628 511/809/629
f 1147/810/630 511/809/629 510/808/628
f 512/811/631 511/809/629 1147/810/630
f 511/809/629 512/811/631 1201/812/632
f 1201/812/632 512/811/631 1202/813/633
f 513/814/634 1202/813/633 512/811/631
f 1244/815/635 1202/813/633 513/814/634
f 514/816/636 1202/813/633 1244/815/635
f 1202/813/633 514/816/636 515/817/373
f 517/818/637 515/817/373 514/816/636
f 515/817/373 517/818/637 516/819/638
f 516/819/638 517/818/637 541/820/639
f 518/821/525 541/820/639 517/818/637
f 541/820/639 518/821/525 544/822/640
f 519/823/527 544/822/640 518/821/525
f 544/822/640 519/823/527 545/824/641
f 454/825/529 545/824/641 519/823/527
f 520/826/530 545/824/641 454/825/529
f 545/824/641 520/826/530 546/827/642
f 521/828/532 546/827/642 520/826/530
f 546/827/642 521/828/532 547/829/643
f 522/830/591 547/829/643 521/828/532
f 547/829/643 522/830/591 523/831/644
f 523/831/644 522/830/591 524/832/588
f 582/833/590 524/832/588 522/830/591
f 467/717/550 524/832/588 582/833/590
f 1385/834/645 524/832/588 467/717/550
f 524/832/588 1385/834/645 525/835/589
f 1384/836/646 525/835/589 1385/834/645
f 525/835/589 1384/836/646 526/496/388
f 1382/837/647 526/496/388 1384/836/646
f 526/496/388 1382/837/647 561/838/648
f 527/839/649 561/838/648 1382/837/647
f 561/838/648 527/839/649 1390/840/650
f 1390/840/650 527/839/649 528/726/559
f 1378/841/651 528/726/559 527/839/649
f 528/726/559 1378/841/651 529/725/558
f 511/809/629 531/842/652 530/807/627
f 530/807/627 531/842/652 1257/843/653
f 1257/843/653 531/842/652 532/844/654
f 533/845/655 532/844/654 531/842/652
f 534/846/656 532/844/654 533/845/655
f 532/844/654 534/846/656 535/847/657
f 535/847/657 534/846/656 536/848/658
f 1205/849/659 536/848/658 534/846/656
f 536/848/658 1205/849/659 356/484/375
f 537/850/660 356/484/375 1205/849/659
f 356/484/375 537/850/660 538/851/374
f 1203/852/661 538/851/374 537/850/660
f 538/851/374 1203/852/661 515/817/373
f 1202/813/633 515/817/373 1203/852/661
f 515/817/373 516/819/638 539/482/342
f 539/482/342 516/819/638 540/853/662
f 541/820/639 540/853/662 516/819/638
f 540/853/662 541/820/639 542/854/663
f 544/822/640 542/854/663 541/820/639
f 542/854/663 544/822/640 543/855/664
f 543/855/664 544/822/640 1291/856/665
f 545/824/641 1291/856/665 544/822/640
f 546/827/642 1291/856/665 545/824/641
f 1291/856/665 546/827/642 1290/857/666
f 1290/857/666 546/827/642 1288/858/667
f 547/829/643 1288/858/667 546/827/642
f 1288/858/667 547/829/643 548/859/668
f 523/831/644 548/859/668 547/829/643
f 548/859/668 523/831/644 549/497/389
f 524/832/588 549/497/389 523/831/644
f 530/807/627 1257/843/653 507/803/623
f 1253/860/669 507/803/623 1257/843/653
f 507/803/623 1253/860/669 563/861/670
f 1254/862/671 563/861/670 1253/860/669
f 563/861/670 1254/862/671 565/863/672
f 565/863/672 1254/862/671 500/794/614
f 499/793/613 500/794/614 1254/862/671
f 535/847/657 536/848/658 1256/864/673
f 1256/864/673 536/848/658 552/865/674
f 552/865/674 536/848/658 554/866/675
f 554/866/675 536/848/658 550/487/379
f 550/487/379 536/848/658 357/485/377
f 356/484/375 357/485/377 536/848/658
f 498/792/612 1256/864/673 567/791/611
f 567/791/611 1256/864/673 551/867/676
f 552/865/674 551/867/676 1256/864/673
f 551/867/676 552/865/674 558/868/677
f 558/868/677 552/865/674 557/869/678
f 557/869/678 552/865/674 553/870/679
f 553/870/679 552/865/674 1223/871/680
f 554/866/675 1223/871/680 552/865/674
f 1223/871/680 554/866/675 1224/872/681
f 555/873/682 1224/872/681 554/866/675
f 1224/872/681 555/873/682 1225/874/683
f 1225/874/683 555/873/682 556/875/684
f 562/876/685 556/875/684 555/873/682
f 556/875/684 562/876/685 1227/877/686
f 559/878/687 1227/877/686 562/876/685
f 1227/877/686 559/878/687 1218/879/688
f 1218/879/688 559/878/687 557/869/678
f 557/869/678 559/878/687 558/868/677
f 558/868/677 559/878/687 560/880/689
f 560/880/689 559/878/687 1391/881/690
f 1391/881/690 559/878/687 561/838/648
f 562/876/685 561/838/648 559/878/687
f 561/838/648 562/876/685 361/491/383
f 361/491/383 562/876/685 359/489/381
f 555/873/682 359/489/381 562/876/685
f 554/866/675 359/489/381 555/873/682
f 359/489/381 554/866/675 550/487/379
f 507/803/623 563/861/670 505/802/622
f 505/802/622 563/861/670 564/882/691
f 565/863/672 564/882/691 563/861/670
f 500/794/614 564/882/691 565/863/672
f 501/795/615 564/882/691 500/794/614
f 566/796/616 564/882/691 501/795/615
f 504/798/618 564/882/691 566/796/616
f 564/882/691 504/798/618 505/802/622
f 558/868/677 560/880/689 567/791/611
f 1391/881/690 567/791/611 560/880/689
f 567/791/611 1391/881/690 497/790/610
f 361/491/383 568/494/386 561/838/648
f 526/496/388 561/838/648 568/494/386
f 892/883/692 889/884/693 1177/885/694
f 1177/885/694 889/884/693 1756/886/695
f 1756/886/695 889/884/693 1755/887/696
f 920/888/697 1755/887/696 889/884/693
f 1755/887/696 920/888/697 1193/889/698
f 570/890/699 1193/889/698 920/888/697
f 1193/889/698 570/890/699 569/891/700
f 569/891/700 570/890/699 1196/892/701
f 571/893/702 1196/892/701 570/890/699
f 1196/892/701 571/893/702 677/894/703
f 677/894/703 571/893/702 679/895/704
f 684/896/705 679/895/704 571/893/702
f 679/895/704 684/896/705 682/897/706
f 572/898/596 402/899/454 573/900/598
f 574/901/455 573/900/598 402/899/454
f 573/902/598 574/903/455 575/904/597
f 576/905/396 575/904/597 574/903/455
f 575/906/597 576/907/396 577/908/595
f 368/909/395 577/908/595 576/907/396
f 572/910/596 577/911/595 402/912/454
f 368/913/395 402/912/454 577/911/595
f 1180/914/707 578/915/708 1168/916/709
f 1168/916/709 578/915/708 704/917/710
f 704/917/710 578/915/708 711/918/711
f 711/918/711 578/915/708 713/919/712
f 1182/920/593 713/919/712 578/915/708
f 713/919/712 1182/920/593 580/921/713
f 579/922/594 580/921/713 1182/920/593
f 582/923/590 580/921/713 579/922/594
f 580/921/713 582/923/590 707/924/714
f 707/924/714 582/923/590 706/925/715
f 706/925/715 582/923/590 1641/926/716
f 1641/926/716 582/923/590 581/927/717
f 581/927/717 582/923/590 583/928/718
f 482/929/592 583/928/718 582/923/590
f 521/930/532 583/928/718 482/929/592
f 583/928/718 521/930/532 584/931/719
f 585/932/720 584/931/719 521/930/532
f 584/931/719 585/932/720 1645/933/721
f 586/934/722 1645/933/721 585/932/720
f 1645/933/721 586/934/722 587/935/723
f 1168/916/709 587/935/723 586/934/722
f 587/935/723 1168/916/709 1644/936/724
f 704/917/710 1644/936/724 1168/916/709
f 1128/937/725 588/938/726 1127/939/727
f 1190/940/728 1127/939/727 588/938/726
f 822/941/489 464/942/488 817/943/729
f 589/944/547 817/943/729 464/942/488
f 1194/945/730 1195/946/731 1758/947/732
f 1758/947/732 1195/946/731 590/948/733
f 590/948/733 1195/946/731 591/949/734
f 591/949/734 1195/946/731 1714/950/735
f 1716/951/736 1714/950/735 1195/946/731
f 1122/952/737 1124/953/738 592/954/739
f 1125/955/740 592/954/739 1124/953/738
f 593/956/741 592/954/739 1125/955/740
f 594/957/742 592/954/739 593/956/741
f 1719/958/743 592/954/739 594/957/742
f 1711/959/744 592/954/739 1719/958/743
f 592/954/739 1711/959/744 1199/960/745
f 873/961/746 595/962/747 872/963/748
f 872/963/748 595/962/747 596/964/749
f 596/964/749 595/962/747 874/965/750
f 874/965/750 595/962/747 877/966/751
f 1759/967/752 877/966/751 595/962/747
f 817/968/729 589/969/547 815/970/753
f 477/971/356 815/970/753 589/969/547
f 815/970/753 477/971/356 814/972/754
f 349/973/353 814/972/754 477/971/356
f 344/974/344 814/972/754 349/973/353
f 814/972/754 344/974/344 597/975/755
f 340/976/333 597/975/755 344/974/344
f 597/975/755 340/976/333 818/977/518
f 611/978/756 609/979/757 598/980/758
f 599/981/759 598/980/758 609/979/757
f 600/982/760 601/983/761 606/984/762
f 607/985/763 606/984/762 601/983/761
f 613/986/764 604/987/765 602/988/766
f 603/989/767 602/988/766 604/987/765
f 605/990/768 606/991/762 626/992/769
f 626/992/769 606/991/762 1450/993/770
f 1450/993/770 606/991/762 608/994/771
f 607/995/763 608/994/771 606/991/762
f 609/996/757 608/994/771 607/995/763
f 608/994/771 609/996/757 610/997/772
f 610/997/772 609/996/757 1452/998/773
f 611/999/756 1452/998/773 609/996/757
f 1452/998/773 611/999/756 612/1000/774
f 604/1001/765 612/1000/774 611/999/756
f 613/1002/764 612/1000/774 604/1001/765
f 612/1000/774 613/1002/764 616/1003/775
f 614/1004/776 616/1003/775 613/1002/764
f 615/1005/777 616/1003/775 614/1004/776
f 617/1006/778 616/1003/775 615/1005/777
f 616/1003/775 617/1006/778 1454/1007/779
f 1454/1007/779 617/1006/778 1455/1008/780
f 618/1009/781 1455/1008/780 617/1006/778
f 619/1010/782 1455/1008/780 618/1009/781
f 620/1011/783 1455/1008/780 619/1010/782
f 1455/1008/780 620/1011/783 1458/1012/784
f 1458/1012/784 620/1011/783 1448/1013/785
f 621/1014/786 1448/1013/785 620/1011/783
f 1448/1013/785 621/1014/786 624/1015/787
f 622/1016/788 624/1015/787 621/1014/786
f 623/1017/789 624/1015/787 622/1016/788
f 625/1018/790 624/1015/787 623/1017/789
f 624/1015/787 625/1018/790 1449/1019/791
f 1449/1019/791 625/1018/790 1450/993/770
f 626/992/769 1450/993/770 625/1018/790
f 639/1020/756 638/1021/757 628/1022/758
f 627/1023/759 628/1022/758 638/1021/757
f 629/1024/760 630/1025/761 634/1026/792
f 637/1027/763 634/1026/792 630/1025/761
f 641/1028/764 640/1029/765 631/1030/766
f 632/1031/767 631/1030/766 640/1029/765
f 633/1032/768 634/1033/792 635/1034/769
f 635/1034/769 634/1033/792 636/1035/770
f 636/1035/770 634/1033/792 1572/1036/771
f 637/1037/763 1572/1036/771 634/1033/792
f 638/1038/757 1572/1036/771 637/1037/763
f 1572/1036/771 638/1038/757 1574/1039/772
f 1574/1039/772 638/1038/757 1577/1040/773
f 639/1041/756 1577/1040/773 638/1038/757
f 1577/1040/773 639/1041/756 1579/1042/774
f 640/1043/765 1579/1042/774 639/1041/756
f 641/1044/764 1579/1042/774 640/1043/765
f 1579/1042/774 641/1044/764 643/1045/775
f 642/1046/776 643/1045/775 641/1044/764
f 644/1047/777 643/1045/775 642/1046/776
f 645/1048/778 643/1045/775 644/1047/777
f 643/1045/775 645/1048/778 646/1049/779
f 646/1049/779 645/1048/778 648/1050/793
f 647/1051/781 648/1050/793 645/1048/778
f 649/1052/794 648/1050/793 647/1051/781
f 650/1053/795 648/1050/793 649/1052/794
f 648/1050/793 650/1053/795 651/1054/796
f 652/1055/797 651/1054/796 650/1053/795
f 651/1054/796 652/1055/797 653/1056/798
f 653/1056/798 652/1055/797 655/1057/799
f 654/1058/800 655/1057/799 652/1055/797
f 656/1059/789 655/1057/799 654/1058/800
f 657/1060/790 655/1057/799 656/1059/789
f 655/1057/799 657/1060/790 1571/1061/791
f 1571/1061/791 657/1060/790 636/1035/770
f 635/1034/769 636/1035/770 657/1060/790
f 1713/1062/801 1710/1063/802 658/1064/803
f 658/1064/803 1710/1063/802 1186/1065/804
f 1707/1066/805 1186/1065/804 1710/1063/802
f 1118/1067/806 668/1068/807 1116/1069/808
f 666/1070/809 1116/1069/808 668/1068/807
f 665/1071/809 1116/1069/808 666/1070/809
f 662/465/360 1116/1069/808 665/1071/809
f 1116/1069/808 662/465/360 1114/466/361
f 1109/1072/363 352/1073/358 659/1074/369
f 659/1074/369 352/1073/358 660/1075/810
f 660/1075/810 352/1073/358 939/1076/811
f 939/1076/811 352/1073/358 954/1077/812
f 350/1078/357 954/1077/812 352/1073/358
f 954/1077/812 350/1078/357 955/1079/813
f 955/1079/813 350/1078/357 661/1080/814
f 661/1080/814 350/1078/357 941/1081/815
f 351/1082/359 941/1081/815 350/1078/357
f 941/1081/815 351/1082/359 944/1083/816
f 944/1083/816 351/1082/359 945/1084/817
f 663/1085/818 945/1084/817 351/1082/359
f 945/1084/817 663/1085/818 947/1086/819
f 947/1086/819 663/1085/818 686/1087/820
f 686/1087/820 663/1085/818 690/1088/821
f 662/1089/360 690/1088/821 663/1085/818
f 690/1088/821 662/1089/360 664/1090/822
f 664/1090/822 662/1089/360 861/1091/823
f 665/1092/809 861/1091/823 662/1089/360
f 861/1091/823 665/1092/809 860/1093/824
f 666/1094/809 860/1093/824 665/1092/809
f 860/1093/824 666/1094/809 667/1095/825
f 668/1096/807 667/1095/825 666/1094/809
f 667/1095/825 668/1096/807 870/1097/826
f 870/1097/826 668/1096/807 673/1098/827
f 673/1098/827 668/1096/807 883/1099/828
f 883/1099/828 668/1096/807 882/1100/829
f 1118/1101/806 882/1100/829 668/1096/807
f 882/1100/829 1118/1101/806 881/1102/830
f 881/1102/830 1118/1101/806 670/1103/831
f 481/1104/587 670/1103/831 1118/1101/806
f 669/1105/586 670/1103/831 481/1104/587
f 670/1103/831 669/1105/586 671/1106/832
f 672/1107/584 671/1106/832 669/1105/586
f 671/1106/832 672/1107/584 878/1108/833
f 878/1108/833 672/1107/584 883/1099/828
f 883/1099/828 672/1107/584 673/1098/827
f 673/1098/827 672/1107/584 869/1109/834
f 675/1110/835 869/1109/834 672/1107/584
f 869/1109/834 675/1110/835 674/1111/836
f 674/1111/836 675/1110/835 871/1112/837
f 1198/1113/838 871/1112/837 675/1110/835
f 871/1112/837 1198/1113/838 676/1114/839
f 676/1114/839 1198/1113/838 678/1115/840
f 677/1116/703 678/1115/840 1198/1113/838
f 679/1117/704 678/1115/840 677/1116/703
f 678/1115/840 679/1117/704 876/1118/841
f 876/1118/841 679/1117/704 875/1119/842
f 875/1119/842 679/1117/704 680/1120/843
f 680/1120/843 679/1117/704 681/1121/844
f 681/1121/844 679/1117/704 866/1122/845
f 682/1123/706 866/1122/845 679/1117/704
f 866/1122/845 682/1123/706 688/1124/846
f 688/1124/846 682/1123/706 687/1125/847
f 687/1125/847 682/1123/706 683/1126/848
f 684/1127/705 683/1126/848 682/1123/706
f 683/1126/848 684/1127/705 910/1128/849
f 910/1128/849 684/1127/705 900/1129/850
f 900/1129/850 684/1127/705 899/1130/851
f 899/1130/851 684/1127/705 1738/1131/852
f 571/1132/702 1738/1131/852 684/1127/705
f 1738/1131/852 571/1132/702 685/1133/853
f 570/1134/699 685/1133/853 571/1132/702
f 685/1133/853 570/1134/699 917/1135/854
f 917/1135/854 570/1134/699 918/1136/855
f 920/1137/697 918/1136/855 570/1134/699
f 947/1086/819 686/1087/820 687/1125/847
f 687/1125/847 686/1087/820 688/1124/846
f 688/1124/846 686/1087/820 867/1138/856
f 867/1138/856 686/1087/820 689/1139/857
f 690/1088/821 689/1139/857 686/1087/820
f 399/588/450 1162/589/451 1340/1140/858
f 1341/1141/859 1340/1140/858 1162/589/451
f 1330/1142/860 1093/1143/861 1332/1144/862
f 1148/1145/863 1332/1144/862 1093/1143/861
f 1332/1144/862 1148/1145/863 1146/1146/864
f 1085/1147/865 692/1148/866 691/1149/867
f 691/1149/867 692/1148/866 693/1150/868
f 1155/1151/869 693/1150/868 692/1148/866
f 1154/1152/870 693/1150/868 1155/1151/869
f 1752/1153/871 693/1150/868 1154/1152/870
f 1151/1154/872 693/1150/868 1752/1153/871
f 693/1150/868 1151/1154/872 1087/1155/873
f 1089/1156/874 1087/1155/873 1151/1154/872
f 1159/1157/875 1158/1158/876 694/1159/877
f 694/1159/877 1158/1158/876 1094/1160/878
f 1094/1160/878 1158/1158/876 695/1161/879
f 695/1161/879 1158/1158/876 696/1162/880
f 1083/1163/881 696/1162/880 1158/1158/876
f 697/1164/882 701/1165/883 1252/1166/884
f 698/1167/885 1252/1166/884 701/1165/883
f 1252/1166/884 698/1167/885 699/1168/886
f 1273/1169/887 699/1168/886 698/1167/885
f 1274/1170/888 699/1168/886 1273/1169/887
f 699/1168/886 1274/1170/888 700/1171/889
f 697/1164/882 702/1172/890 701/1165/883
f 701/1165/883 702/1172/890 703/1173/891
f 703/1173/891 702/1172/890 1275/1174/892
f 1248/1175/893 1275/1174/892 702/1172/890
f 1275/1174/892 1248/1175/893 1274/1170/888
f 700/1171/889 1274/1170/888 1248/1175/893
f 711/918/711 705/1176/894 704/917/710
f 704/917/710 705/1176/894 1641/926/716
f 706/925/715 1641/926/716 705/1176/894
f 707/1177/714 708/1178/895 580/1179/713
f 714/1180/896 580/1179/713 708/1178/895
f 707/1177/714 706/1181/715 708/1178/895
f 708/1178/895 706/1181/715 709/1182/897
f 709/1182/897 706/1181/715 1639/1183/898
f 705/1184/894 1639/1183/898 706/1181/715
f 705/1184/894 711/1185/711 1639/1183/898
f 710/1186/899 1639/1183/898 711/1185/711
f 710/1186/899 711/1185/711 712/1187/900
f 713/1188/712 712/1187/900 711/1185/711
f 580/1179/713 712/1187/900 713/1188/712
f 712/1187/900 580/1179/713 714/1180/896
f 715/1189/901 1367/1190/902 1393/1191/903
f 1365/1192/904 1393/1191/903 1367/1190/902
f 1393/1191/903 1365/1192/904 717/1193/905
f 716/1194/906 717/1193/905 1365/1192/904
f 1371/1195/907 717/1193/905 716/1194/906
f 717/1193/905 1371/1195/907 718/1196/908
f 718/1196/908 1371/1195/907 1395/1197/909
f 1370/1198/910 1395/1197/909 1371/1195/907
f 1368/1199/911 1395/1197/909 1370/1198/910
f 1395/1197/909 1368/1199/911 1394/1200/912
f 715/1189/901 1394/1200/912 1367/1190/902
f 1368/1199/911 1367/1190/902 1394/1200/912
f 1392/1201/913 720/1202/914 719/1203/915
f 1648/1204/916 719/1203/915 720/1202/914
f 1649/1205/917 719/1203/915 1648/1204/916
f 719/1203/915 1649/1205/917 1398/1206/918
f 720/1202/914 1392/1201/913 1653/1207/919
f 1400/1208/920 1653/1207/919 1392/1201/913
f 721/1209/921 1653/1207/919 1400/1208/920
f 1653/1207/919 721/1209/921 1652/1210/922
f 1652/1210/922 721/1209/921 1651/1211/923
f 722/1212/924 1651/1211/923 721/1209/921
f 1651/1211/923 722/1212/924 1650/1213/925
f 723/1214/926 1650/1213/925 722/1212/924
f 1398/1206/918 1650/1213/925 723/1214/926
f 1650/1213/925 1398/1206/918 1649/1205/917
f 1259/1215/927 1659/1216/928 1258/1217/929
f 1655/1218/930 1258/1217/929 1659/1216/928
f 1656/1219/931 1258/1217/929 1655/1218/930
f 1258/1217/929 1656/1219/931 1263/1220/932
f 1263/1220/932 1656/1219/931 724/1221/933
f 1657/1222/934 724/1221/933 1656/1219/931
f 1259/1215/927 726/1223/935 1659/1216/928
f 1659/1216/928 726/1223/935 725/1224/936
f 1261/1225/937 725/1224/936 726/1223/935
f 725/1224/936 1261/1225/937 1658/1226/938
f 724/1221/933 1657/1222/934 1261/1225/937
f 1658/1226/938 1261/1225/937 1657/1222/934
f 1092/1227/939 727/1228/940 1101/1229/941
f 1101/1229/941 727/1228/940 728/1230/942
f 728/1230/942 727/1228/940 729/1231/943
f 1095/1232/944 729/1231/943 727/1228/940
f 1096/1233/945 729/1231/943 1095/1232/944
f 729/1231/943 1096/1233/945 730/1234/946
f 730/1234/946 1096/1233/945 731/1235/947
f 1086/1236/948 731/1235/947 1096/1233/945
f 731/1235/947 1086/1236/948 733/1237/949
f 732/1238/950 733/1237/949 1086/1236/948
f 1088/1239/951 733/1237/949 732/1238/950
f 733/1237/949 1088/1239/951 1099/1240/952
f 1099/1240/952 1088/1239/951 1100/1241/953
f 734/1242/954 1100/1241/953 1088/1239/951
f 1100/1241/953 734/1242/954 735/1243/955
f 1090/1244/956 735/1243/955 734/1242/954
f 737/1245/957 735/1243/955 1090/1244/956
f 735/1243/955 737/1245/957 736/1246/958
f 736/1246/958 737/1245/957 1101/1229/941
f 1092/1227/939 1101/1229/941 737/1245/957
f 1097/1247/959 738/1248/960 741/1249/961
f 1676/1250/962 741/1249/961 738/1248/960
f 1084/1251/963 740/1252/964 739/1253/965
f 739/1253/965 740/1252/964 1677/1254/966
f 741/1249/961 1677/1254/966 740/1252/964
f 1677/1254/966 741/1249/961 1676/1250/962
f 742/1255/967 1084/1251/963 1679/1256/968
f 739/1253/965 1679/1256/968 1084/1251/963
f 742/1255/967 1679/1256/968 1097/1247/959
f 738/1248/960 1097/1247/959 1679/1256/968
f 1343/1257/969 1685/1258/970 1342/1259/971
f 1680/1260/972 1342/1259/971 1685/1258/970
f 1343/1257/969 1327/1261/973 1685/1258/970
f 1685/1258/970 1327/1261/973 743/1262/974
f 743/1262/974 1327/1261/973 1684/1263/975
f 744/1264/976 1684/1263/975 1327/1261/973
f 744/1264/976 745/1265/977 1684/1263/975
f 746/1266/978 1684/1263/975 745/1265/977
f 745/1265/977 747/1267/979 746/1266/978
f 746/1266/978 747/1267/979 1683/1268/980
f 1683/1268/980 747/1267/979 1682/1269/981
f 1328/1270/982 1682/1269/981 747/1267/979
f 1342/1259/971 1682/1269/981 1328/1270/982
f 1682/1269/981 1342/1259/971 1680/1260/972
f 1108/1271/983 748/1272/984 749/1273/985
f 749/1273/985 748/1272/984 750/1274/986
f 1105/1275/399 750/1274/986 748/1272/984
f 750/1274/986 1105/1275/399 751/1276/987
f 751/1276/987 1105/1275/399 762/1277/988
f 463/1278/401 762/1277/988 1105/1275/399
f 762/1277/988 463/1278/401 752/1279/989
f 753/1280/543 752/1279/989 463/1278/401
f 754/1281/544 752/1279/989 753/1280/543
f 752/1279/989 754/1281/544 755/1282/990
f 755/1282/990 754/1281/544 756/1283/991
f 749/1273/985 756/1283/991 754/1281/544
f 756/1283/991 749/1273/985 750/1274/986
f 761/1284/992 762/1285/988 759/1286/993
f 752/1287/989 759/1286/993 762/1285/988
f 751/1288/987 760/1289/994 750/1290/986
f 757/1291/995 750/1290/986 760/1289/994
f 1104/1292/996 750/1290/986 757/1291/995
f 750/1290/986 1104/1292/996 756/1293/991
f 1104/1292/996 758/1294/997 756/1293/991
f 756/1293/991 758/1294/997 755/1295/990
f 755/1295/990 758/1294/997 752/1287/989
f 759/1286/993 752/1287/989 758/1294/997
f 751/1288/987 762/1285/988 760/1289/994
f 761/1284/992 760/1289/994 762/1285/988
f 1349/1296/998 764/1297/999 763/1298/541
f 763/1298/541 764/1297/999 765/1299/540
f 1357/1300/1000 765/1299/540 764/1297/999
f 765/1299/540 1357/1300/1000 766/1301/539
f 766/1301/539 1357/1300/1000 461/1302/537
f 768/1303/1001 461/1302/537 1357/1300/1000
f 461/1302/537 768/1303/1001 767/1304/536
f 1356/1305/1002 767/1304/536 768/1303/1001
f 767/1304/536 1356/1305/1002 770/1306/535
f 769/1307/1003 770/1306/535 1356/1305/1002
f 770/1306/535 769/1307/1003 771/1308/533
f 1354/1309/1004 771/1308/533 769/1307/1003
f 771/1308/533 1354/1309/1004 460/1310/534
f 1355/1311/1005 460/1310/534 1354/1309/1004
f 460/1310/534 1355/1311/1005 462/1312/538
f 1352/1313/1006 462/1312/538 1355/1311/1005
f 1349/1296/998 462/1312/538 1352/1313/1006
f 462/1312/538 1349/1296/998 763/1298/541
f 772/1314/1007 1358/1315/1008 776/1316/1009
f 776/1316/1009 1358/1315/1008 1344/1317/1010
f 773/1318/1011 1344/1317/1010 1358/1315/1008
f 1344/1317/1010 773/1318/1011 1348/1319/1012
f 777/1320/1013 1346/1321/1014 775/1322/1015
f 774/1323/1016 775/1322/1015 1346/1321/1014
f 1347/1324/1017 775/1322/1015 774/1323/1016
f 775/1322/1015 1347/1324/1017 1359/1325/1018
f 1359/1325/1018 1347/1324/1017 773/1318/1011
f 1348/1319/1012 773/1318/1011 1347/1324/1017
f 772/1314/1007 776/1316/1009 777/1320/1013
f 1346/1321/1014 777/1320/1013 776/1316/1009
f 1123/1326/1019 779/1327/1020 1126/1328/1021
f 1126/1328/1021 779/1327/1020 778/1329/1022
f 778/1329/1022 779/1327/1020 793/1330/1023
f 1119/1331/1024 793/1330/1023 779/1327/1020
f 793/1330/1023 1119/1331/1024 791/1332/1025
f 791/1332/1025 1119/1331/1024 780/1333/1026
f 1117/1334/1027 780/1333/1026 1119/1331/1024
f 1115/1335/1028 780/1333/1026 1117/1334/1027
f 780/1333/1026 1115/1335/1028 789/1336/1029
f 789/1336/1029 1115/1335/1028 800/1337/1030
f 1351/1338/366 800/1337/1030 1115/1335/1028
f 800/1337/1030 1351/1338/366 802/1339/1031
f 802/1339/1031 1351/1338/366 812/1340/1032
f 353/1341/367 812/1340/1032 1351/1338/366
f 812/1340/1032 353/1341/367 810/1342/1033
f 1133/1343/368 810/1342/1033 353/1341/367
f 781/1344/1034 810/1342/1033 1133/1343/368
f 810/1342/1033 781/1344/1034 808/1345/1035
f 808/1345/1035 781/1344/1034 807/1346/1036
f 787/1347/1037 807/1346/1036 781/1344/1034
f 807/1346/1036 787/1347/1037 806/1348/1038
f 806/1348/1038 787/1347/1037 798/1349/1039
f 798/1349/1039 787/1347/1037 797/1350/1040
f 785/1351/1041 797/1350/1040 787/1347/1037
f 1126/1328/1021 778/1329/1022 782/1352/1042
f 783/1353/1043 782/1352/1042 778/1329/1022
f 782/1352/1042 783/1353/1043 786/1354/1044
f 784/1355/1045 786/1354/1044 783/1353/1043
f 785/1351/1041 786/1354/1044 784/1355/1045
f 1132/1356/1046 786/1354/1044 785/1351/1041
f 786/1354/1044 1132/1356/1046 1129/1357/1047
f 785/1358/1041 787/1359/1037 1132/1360/1046
f 781/1361/1034 1132/1360/1046 787/1359/1037
f 802/1339/1031 788/1362/1048 800/1337/1030
f 806/1348/1038 800/1337/1030 788/1362/1048
f 800/1337/1030 806/1348/1038 798/1349/1039
f 800/1363/1030 1376/1364/1049 789/1365/1029
f 1377/1366/1050 789/1365/1029 1376/1364/1049
f 789/1365/1029 1377/1366/1050 780/1367/1026
f 790/1368/1051 780/1367/1026 1377/1366/1050
f 1372/1369/1052 780/1367/1026 790/1368/1051
f 780/1367/1026 1372/1369/1052 791/1370/1025
f 791/1370/1025 1372/1369/1052 793/1371/1023
f 792/1372/1053 793/1371/1023 1372/1369/1052
f 1373/1373/1054 793/1371/1023 792/1372/1053
f 793/1371/1023 1373/1373/1054 778/1374/1022
f 794/1375/1055 778/1374/1022 1373/1373/1054
f 778/1374/1022 794/1375/1055 783/1376/1043
f 783/1376/1043 794/1375/1055 784/1377/1045
f 795/1378/1056 784/1377/1045 794/1375/1055
f 1374/1379/1057 784/1377/1045 795/1378/1056
f 784/1377/1045 1374/1379/1057 785/1380/1041
f 796/1381/1058 785/1380/1041 1374/1379/1057
f 785/1380/1041 796/1381/1058 797/1382/1040
f 799/1383/1059 797/1382/1040 796/1381/1058
f 797/1382/1040 799/1383/1059 798/1384/1039
f 798/1384/1039 799/1383/1059 800/1363/1030
f 1376/1364/1049 800/1363/1030 799/1383/1059
f 801/1385/1060 803/1386/1061 802/1387/1031
f 802/1387/1031 803/1386/1061 788/1388/1048
f 805/1389/1062 788/1388/1048 803/1386/1061
f 788/1388/1048 805/1389/1062 806/1390/1038
f 804/1391/1063 806/1390/1038 805/1389/1062
f 806/1390/1038 804/1391/1063 807/1392/1036
f 1687/1393/1064 807/1392/1036 804/1391/1063
f 807/1392/1036 1687/1393/1064 808/1394/1035
f 809/1395/1065 808/1394/1035 1687/1393/1064
f 808/1394/1035 809/1395/1065 810/1396/1033
f 810/1396/1033 809/1395/1065 812/1397/1032
f 811/1398/1066 812/1397/1032 809/1395/1065
f 812/1397/1032 811/1398/1066 802/1387/1031
f 801/1385/1060 802/1387/1031 811/1398/1066
f 818/977/518 819/1399/512 597/975/755
f 813/1400/514 597/975/755 819/1399/512
f 597/975/755 813/1400/514 814/972/754
f 814/972/754 813/1400/514 815/970/753
f 816/1401/517 815/970/753 813/1400/514
f 815/970/753 816/1401/517 817/968/729
f 820/676/485 446/1402/513 818/674/518
f 819/1403/512 818/674/518 446/1402/513
f 446/1404/513 820/633/485 821/1405/515
f 431/635/486 821/1405/515 820/633/485
f 822/638/489 821/1405/515 431/635/486
f 821/1405/515 822/638/489 447/1406/516
f 817/943/729 816/1407/517 822/941/489
f 447/1408/516 822/941/489 816/1407/517
f 837/1409/1067 823/1410/1068 825/1411/1069
f 1690/1412/1070 825/1411/1069 823/1410/1068
f 824/1413/1071 825/1411/1069 1690/1412/1070
f 825/1411/1069 824/1413/1071 835/1414/1072
f 826/1415/1073 835/1414/1072 824/1413/1071
f 835/1414/1072 826/1415/1073 840/1416/1074
f 828/1417/1075 840/1416/1074 826/1415/1073
f 840/1416/1074 828/1417/1075 827/1418/1076
f 830/1419/1077 827/1418/1076 828/1417/1075
f 827/1418/1076 830/1419/1077 829/1420/1078
f 829/1420/1078 830/1419/1077 838/1421/1079
f 1688/1422/1080 838/1421/1079 830/1419/1077
f 838/1421/1079 1688/1422/1080 837/1409/1067
f 823/1410/1068 837/1409/1067 1688/1422/1080
f 1692/1423/1081 1691/1424/1082 1183/1425/570
f 831/1426/1083 1183/1425/570 1691/1424/1082
f 1183/1425/570 831/1426/1083 1184/1427/1084
f 1184/1427/1084 831/1426/1083 1185/1428/1085
f 1704/1429/1086 1185/1428/1085 831/1426/1083
f 1185/1428/1085 1704/1429/1086 832/1430/1087
f 1701/1431/1088 832/1430/1087 1704/1429/1086
f 832/1430/1087 1701/1431/1088 1186/1432/804
f 833/1433/1089 1186/1432/804 1701/1431/1088
f 1186/1432/804 833/1433/1089 658/1434/803
f 1699/1435/1090 658/1434/803 833/1433/1089
f 658/1434/803 1699/1435/1090 1713/1436/801
f 834/1437/1091 1713/1436/801 1699/1435/1090
f 1713/1436/801 834/1437/1091 591/1438/734
f 590/1439/733 591/1438/734 834/1437/1091
f 590/1439/733 1695/1440/1092 839/1441/1093
f 839/1441/1093 1695/1440/1092 841/1442/1094
f 1692/1423/1081 841/1442/1094 1695/1440/1092
f 1183/1425/570 841/1442/1094 1692/1423/1081
f 478/1443/572 841/1442/1094 1183/1425/570
f 841/1442/1094 478/1443/572 835/1444/1072
f 835/1444/1072 478/1443/572 825/1445/1069
f 836/1446/578 825/1445/1069 478/1443/572
f 1192/1447/579 825/1445/1069 836/1446/578
f 825/1445/1069 1192/1447/579 837/1448/1067
f 1194/1449/730 837/1448/1067 1192/1447/579
f 837/1448/1067 1194/1449/730 838/1450/1079
f 1758/1451/732 838/1450/1079 1194/1449/730
f 838/1450/1079 1758/1451/732 829/1452/1078
f 839/1441/1093 829/1452/1078 1758/1451/732
f 829/1452/1078 839/1441/1093 827/1453/1076
f 827/1453/1076 839/1441/1093 840/1454/1074
f 841/1442/1094 840/1454/1074 839/1441/1093
f 840/1454/1074 841/1442/1094 835/1444/1072
f 842/1455/1095 1717/1456/1096 1410/1457/1097
f 1415/1458/1098 1410/1457/1097 1717/1456/1096
f 842/1455/1095 1410/1457/1097 843/1459/1099
f 1411/1460/1100 843/1459/1099 1410/1457/1097
f 1413/1461/1101 843/1459/1099 1411/1460/1100
f 843/1459/1099 1413/1461/1101 1715/1462/1102
f 1717/1456/1096 1712/1463/1103 1415/1458/1098
f 1415/1458/1098 1712/1463/1103 1414/1464/1104
f 844/1465/1105 1414/1464/1104 1712/1463/1103
f 1414/1464/1104 844/1465/1105 845/1466/1106
f 845/1466/1106 844/1465/1105 846/1467/1107
f 847/1468/1108 846/1467/1107 844/1465/1105
f 1715/1462/1102 1413/1461/1101 847/1468/1108
f 846/1467/1107 847/1468/1108 1413/1461/1101
f 857/1469/1109 859/1470/1110 855/1471/1111
f 849/1472/1112 855/1471/1111 859/1470/1110
f 848/1473/1113 855/1471/1111 849/1472/1112
f 851/1474/1114 855/1471/1111 848/1473/1113
f 850/1475/1115 855/1471/1111 851/1474/1114
f 852/1476/1116 855/1471/1111 850/1475/1115
f 864/1477/1117 855/1471/1111 852/1476/1116
f 853/1478/1118 855/1471/1111 864/1477/1117
f 865/1479/1119 855/1471/1111 853/1478/1118
f 855/1471/1111 865/1479/1119 854/1480/1120
f 854/1480/1120 856/1481/1121 855/1471/1111
f 868/1482/1122 855/1471/1111 856/1481/1121
f 855/1471/1111 868/1482/1122 857/1469/1109
f 681/1121/844 863/1483/1123 680/1120/843
f 862/1484/1124 680/1120/843 863/1483/1123
f 680/1120/843 862/1484/1124 674/1111/836
f 869/1109/834 674/1111/836 862/1484/1124
f 872/963/748 596/964/749 858/1485/1125
f 874/965/750 858/1485/1125 596/964/749
f 849/1486/1112 859/1487/1110 667/1488/825
f 667/1488/825 859/1487/1110 860/1489/824
f 860/1489/824 859/1487/1110 861/1490/823
f 857/1491/1109 861/1490/823 859/1487/1110
f 869/1492/834 862/1493/1124 851/1494/1114
f 851/1494/1114 862/1493/1124 850/1495/1115
f 863/1496/1123 850/1495/1115 862/1493/1124
f 850/1495/1115 863/1496/1123 852/1497/1116
f 681/1498/844 852/1497/1116 863/1496/1123
f 852/1497/1116 681/1498/844 864/1499/1117
f 866/1500/845 864/1499/1117 681/1498/844
f 864/1499/1117 866/1500/845 853/1501/1118
f 853/1501/1118 866/1500/845 865/1502/1119
f 867/1503/856 865/1502/1119 866/1500/845
f 865/1502/1119 867/1503/856 854/1504/1120
f 689/1505/857 854/1504/1120 867/1503/856
f 690/1506/821 856/1507/1121 689/1505/857
f 854/1504/1120 689/1505/857 856/1507/1121
f 856/1507/1121 690/1506/821 868/1508/1122
f 664/1509/822 868/1508/1122 690/1506/821
f 868/1508/1122 664/1509/822 857/1491/1109
f 861/1490/823 857/1491/1109 664/1509/822
f 851/1494/1114 848/1510/1113 869/1492/834
f 869/1492/834 848/1510/1113 870/1511/826
f 849/1486/1112 870/1511/826 848/1510/1113
f 870/1511/826 849/1486/1112 667/1488/825
f 674/1512/836 871/1513/837 858/1514/1125
f 858/1514/1125 871/1513/837 872/1515/748
f 872/1515/748 871/1513/837 873/1516/746
f 676/1517/839 873/1516/746 871/1513/837
f 873/1516/746 676/1517/839 1759/1518/752
f 678/1519/840 1759/1518/752 676/1517/839
f 678/1519/840 876/1520/841 1759/1518/752
f 877/1521/751 1759/1518/752 876/1520/841
f 858/1514/1125 874/1522/750 674/1512/836
f 674/1512/836 874/1522/750 875/1523/842
f 875/1523/842 874/1522/750 876/1520/841
f 877/1521/751 876/1520/841 874/1522/750
f 670/1524/831 671/1525/832 1617/1526/1126
f 1616/1527/1127 1617/1526/1126 671/1525/832
f 671/1525/832 878/1528/833 1616/1527/1127
f 1616/1527/1127 878/1528/833 879/1529/1128
f 883/1530/828 879/1529/1128 878/1528/833
f 879/1529/1128 883/1530/828 1620/1531/1129
f 880/1532/1130 882/1533/829 1619/1534/1131
f 881/1535/830 1619/1534/1131 882/1533/829
f 1619/1534/1131 881/1535/830 1617/1526/1126
f 670/1524/831 1617/1526/1126 881/1535/830
f 882/1533/829 880/1532/1130 883/1530/828
f 1620/1531/1129 883/1530/828 880/1532/1130
f 913/1536/1132 884/1537/1133 914/1538/1134
f 914/1538/1134 884/1537/1133 886/1539/1135
f 885/1540/1136 886/1539/1135 884/1537/1133
f 919/1541/1137 886/1539/1135 885/1540/1136
f 911/1542/1138 886/1539/1135 919/1541/1137
f 915/1543/1139 886/1539/1135 911/1542/1138
f 886/1539/1135 915/1543/1139 914/1538/1134
f 920/1137/697 889/1544/693 887/1545/1140
f 887/1545/1140 889/1544/693 888/1546/1141
f 888/1546/1141 889/1544/693 890/1547/1142
f 890/1547/1142 889/1544/693 891/1548/1143
f 892/1549/692 891/1548/1143 889/1544/693
f 891/1548/1143 892/1549/692 893/1550/1144
f 893/1550/1144 892/1549/692 894/1551/1145
f 1177/1552/694 894/1551/1145 892/1549/692
f 894/1551/1145 1177/1552/694 923/1553/1146
f 895/1554/1147 923/1553/1146 1177/1552/694
f 1178/1555/405 923/1553/1146 895/1554/1147
f 923/1553/1146 1178/1555/405 896/1556/1148
f 377/1557/407 896/1556/1148 1178/1555/405
f 896/1556/1148 377/1557/407 925/1558/1149
f 898/1559/410 925/1558/1149 377/1557/407
f 925/1558/1149 898/1559/410 928/1560/1150
f 928/1560/1150 898/1559/410 1733/1561/1151
f 1733/1561/1151 898/1559/410 897/1562/1152
f 897/1562/1152 898/1559/410 1740/1563/1153
f 901/1564/413 1740/1563/1153 898/1559/410
f 1740/1563/1153 901/1564/413 899/1130/851
f 899/1130/851 901/1564/413 900/1129/850
f 900/1129/850 901/1564/413 909/1565/1154
f 909/1565/1154 901/1564/413 958/1566/1155
f 958/1566/1155 901/1564/413 959/1567/1156
f 959/1567/1156 901/1564/413 960/1568/1157
f 379/1569/412 960/1568/1157 901/1564/413
f 960/1568/1157 379/1569/412 962/1570/1158
f 902/1571/1159 962/1570/1158 379/1569/412
f 943/1572/1160 962/1570/1158 902/1571/1159
f 962/1570/1158 943/1572/1160 903/1573/1161
f 904/1574/1162 903/1573/1161 943/1572/1160
f 903/1573/1161 904/1574/1162 958/1566/1155
f 958/1566/1155 904/1574/1162 909/1565/1154
f 909/1565/1154 904/1574/1162 906/1575/1163
f 905/1576/1164 906/1575/1163 904/1574/1162
f 907/1577/1165 906/1575/1163 905/1576/1164
f 906/1575/1163 907/1577/1165 909/1565/1154
f 908/1578/1166 909/1565/1154 907/1577/1165
f 910/1128/849 909/1565/1154 908/1578/1166
f 909/1565/1154 910/1128/849 900/1129/850
f 928/1560/1150 1733/1561/1151 929/1579/1167
f 891/1548/1143 929/1579/1167 1733/1561/1151
f 929/1579/1167 891/1548/1143 893/1550/1144
f 890/1547/1142 1735/1580/1168 888/1546/1141
f 888/1546/1141 1735/1580/1168 912/1581/1169
f 685/1133/853 912/1581/1169 1735/1580/1168
f 912/1581/1169 685/1133/853 916/1582/1170
f 917/1135/854 916/1582/1170 685/1133/853
f 887/1583/1140 915/1584/1139 920/1585/697
f 911/1586/1138 920/1585/697 915/1584/1139
f 916/1587/1170 884/1588/1133 912/1589/1169
f 913/1590/1132 912/1589/1169 884/1588/1133
f 912/1591/1169 913/1592/1132 888/1593/1141
f 914/1594/1134 888/1593/1141 913/1592/1132
f 915/1584/1139 888/1593/1141 914/1594/1134
f 888/1593/1141 915/1584/1139 887/1583/1140
f 916/1595/1170 917/1596/854 884/1597/1133
f 884/1597/1133 917/1596/854 885/1598/1136
f 885/1598/1136 917/1596/854 919/1599/1137
f 918/1600/855 919/1599/1137 917/1596/854
f 918/1600/855 920/1585/697 919/1599/1137
f 911/1586/1138 919/1599/1137 920/1585/697
f 929/1601/1167 893/1602/1144 921/1603/1171
f 921/1603/1171 893/1602/1144 1731/1604/1172
f 1731/1604/1172 893/1602/1144 922/1605/1173
f 894/1606/1145 922/1605/1173 893/1602/1144
f 922/1605/1173 894/1606/1145 924/1607/1174
f 923/1608/1146 924/1607/1174 894/1606/1145
f 923/1608/1146 896/1609/1148 924/1607/1174
f 924/1607/1174 896/1609/1148 1730/1610/1175
f 925/1611/1149 1730/1610/1175 896/1609/1148
f 1730/1610/1175 925/1611/1149 926/1612/1176
f 926/1612/1176 925/1611/1149 927/1613/1177
f 928/1614/1150 927/1613/1177 925/1611/1149
f 927/1613/1177 928/1614/1150 921/1603/1171
f 929/1601/1167 921/1603/1171 928/1614/1150
f 930/1615/1178 931/1616/1179 949/1617/1180
f 949/1617/1180 931/1616/1179 935/1618/1181
f 932/1619/1182 935/1618/1181 931/1616/1179
f 935/1618/1181 932/1619/1182 933/1620/1183
f 946/1621/1184 933/1620/1183 932/1619/1182
f 934/1622/1185 933/1620/1183 946/1621/1184
f 933/1620/1183 934/1622/1185 935/1618/1181
f 936/1623/1186 935/1618/1181 934/1622/1185
f 948/1624/1187 935/1618/1181 936/1623/1186
f 935/1618/1181 948/1624/1187 937/1625/1188
f 938/1626/1189 937/1625/1188 948/1624/1187
f 949/1617/1180 937/1625/1188 938/1626/1189
f 937/1625/1188 949/1617/1180 935/1618/1181
f 659/1074/369 660/1075/810 355/1627/370
f 939/1076/811 355/1627/370 660/1075/810
f 940/1628/1190 355/1627/370 939/1076/811
f 355/1627/370 940/1628/1190 1161/1629/1191
f 950/1630/1192 1161/1629/1191 940/1628/1190
f 661/1080/814 1161/1629/1191 950/1630/1192
f 1161/1629/1191 661/1080/814 942/1631/1193
f 941/1081/815 942/1631/1193 661/1080/814
f 941/1632/815 905/1633/1164 942/1634/1193
f 904/1635/1162 942/1634/1193 905/1633/1164
f 942/1634/1193 904/1635/1162 943/1636/1160
f 930/1637/1178 907/1638/1165 931/1639/1179
f 905/1640/1164 931/1639/1179 907/1638/1165
f 931/1639/1179 905/1640/1164 932/1641/1182
f 944/1642/816 932/1641/1182 905/1640/1164
f 932/1641/1182 944/1642/816 946/1643/1184
f 945/1644/817 946/1643/1184 944/1642/816
f 947/1645/819 946/1643/1184 945/1644/817
f 946/1643/1184 947/1645/819 934/1646/1185
f 687/1647/847 934/1646/1185 947/1645/819
f 934/1646/1185 687/1647/847 936/1648/1186
f 683/1649/848 936/1648/1186 687/1647/847
f 936/1648/1186 683/1649/848 948/1650/1187
f 910/1651/849 948/1650/1187 683/1649/848
f 948/1650/1187 910/1651/849 938/1652/1189
f 938/1652/1189 910/1651/849 949/1653/1180
f 908/1654/1166 949/1653/1180 910/1651/849
f 907/1638/1165 949/1653/1180 908/1654/1166
f 949/1653/1180 907/1638/1165 930/1637/1178
f 940/1655/1190 1741/1656/1194 950/1657/1192
f 951/1658/1195 950/1657/1192 1741/1656/1194
f 950/1657/1192 951/1658/1195 661/1659/814
f 952/1660/1196 661/1659/814 951/1658/1195
f 956/1661/1197 661/1659/814 952/1660/1196
f 661/1659/814 956/1661/1197 955/1662/813
f 939/1663/811 953/1664/1198 940/1655/1190
f 1741/1656/1194 940/1655/1190 953/1664/1198
f 939/1663/811 954/1665/812 953/1664/1198
f 957/1666/1199 953/1664/1198 954/1665/812
f 954/1665/812 955/1662/813 957/1666/1199
f 956/1661/1197 957/1666/1199 955/1662/813
f 903/1667/1161 958/1668/1155 963/1669/1200
f 1746/1670/1201 963/1669/1200 958/1668/1155
f 958/1668/1155 959/1671/1156 1746/1670/1201
f 1745/1672/1202 1746/1670/1201 959/1671/1156
f 959/1671/1156 960/1673/1157 1745/1672/1202
f 961/1674/1203 1745/1672/1202 960/1673/1157
f 960/1673/1157 962/1675/1158 961/1674/1203
f 961/1674/1203 962/1675/1158 1744/1676/1204
f 1744/1676/1204 962/1675/1158 963/1669/1200
f 903/1667/1161 963/1669/1200 962/1675/1158
f 964/1677/52 965/1678/58 971/1679/1205
f 971/1679/1205 965/1678/58 973/1680/1206
f 973/1680/1206 965/1678/58 976/1681/1207
f 966/1682/57 976/1681/1207 965/1678/58
f 976/1681/1207 966/1682/57 977/1683/1208
f 35/1684/56 977/1683/1208 966/1682/57
f 34/1685/55 977/1683/1208 35/1684/56
f 977/1683/1208 34/1685/55 967/1686/1209
f 968/1687/54 967/1686/1209 34/1685/55
f 967/1686/1209 968/1687/54 978/1688/1210
f 978/1688/1210 968/1687/54 970/1689/1211
f 969/1690/53 970/1689/1211 968/1687/54
f 964/1677/52 970/1689/1211 969/1690/53
f 971/1679/1205 970/1689/1211 964/1677/52
f 970/1689/1211 971/1679/1205 985/1691/1212
f 985/1691/1212 971/1679/1205 972/1692/1213
f 973/1680/1206 972/1692/1213 971/1679/1205
f 972/1692/1213 973/1680/1206 974/1693/1214
f 976/1681/1207 974/1693/1214 973/1680/1206
f 974/1693/1214 976/1681/1207 975/1694/1215
f 977/1683/1208 975/1694/1215 976/1681/1207
f 975/1694/1215 977/1683/1208 979/1695/1216
f 967/1686/1209 979/1695/1216 977/1683/1208
f 979/1695/1216 967/1686/1209 980/1696/1217
f 980/1696/1217 967/1686/1209 981/1697/1218
f 978/1688/1210 981/1697/1218 967/1686/1209
f 981/1697/1218 978/1688/1210 985/1691/1212
f 970/1689/1211 985/1691/1212 978/1688/1210
f 975/1694/1215 979/1695/1216 989/1698/1219
f 989/1698/1219 979/1695/1216 990/1699/1220
f 990/1699/1220 979/1695/1216 982/1700/1221
f 980/1696/1217 982/1700/1221 979/1695/1216
f 981/1697/1218 982/1700/1221 980/1696/1217
f 982/1700/1221 981/1697/1218 983/1701/1222
f 983/1701/1222 981/1697/1218 984/1702/1223
f 985/1691/1212 984/1702/1223 981/1697/1218
f 984/1702/1223 985/1691/1212 986/1703/1224
f 972/1692/1213 986/1703/1224 985/1691/1212
f 974/1693/1214 986/1703/1224 972/1692/1213
f 986/1703/1224 974/1693/1214 987/1704/1225
f 975/1694/1215 987/1704/1225 974/1693/1214
f 989/1698/1219 987/1704/1225 975/1694/1215
f 987/1704/1225 989/1698/1219 988/1705/1226
f 990/1699/1220 988/1705/1226 989/1698/1219
f 982/1700/1221 988/1705/1226 990/1699/1220
f 983/1701/1222 988/1705/1226 982/1700/1221
f 984/1702/1223 988/1705/1226 983/1701/1222
f 986/1703/1224 988/1705/1226 984/1702/1223
f 988/1705/1226 986/1703/1224 987/1704/1225
f 995/1706/179 148/1707/173 997/1708/1227
f 997/1708/1227 148/1707/173 999/1709/1228
f 991/1710/174 999/1709/1228 148/1707/173
f 992/1711/175 999/1709/1228 991/1710/174
f 999/1709/1228 992/1711/175 1001/1712/1229
f 1001/1712/1229 992/1711/175 1002/1713/1230
f 993/1714/176 1002/1713/1230 992/1711/175
f 1002/1713/1230 993/1714/176 994/1715/1231
f 150/1716/177 994/1715/1231 993/1714/176
f 151/1717/178 994/1715/1231 150/1716/177
f 994/1715/1231 151/1717/178 1005/1718/1232
f 995/1706/179 1005/1718/1232 151/1717/178
f 1005/1718/1232 995/1706/179 996/1719/1233
f 997/1708/1227 996/1719/1233 995/1706/179
f 996/1719/1233 997/1708/1227 998/1720/1234
f 998/1720/1234 997/1708/1227 1000/1721/1235
f 999/1709/1228 1000/1721/1235 997/1708/1227
f 1001/1712/1229 1000/1721/1235 999/1709/1228
f 1000/1721/1235 1001/1712/1229 1009/1722/1236
f 1002/1713/1230 1009/1722/1236 1001/1712/1229
f 1009/1722/1236 1002/1713/1230 1003/1723/1237
f 1003/1723/1237 1002/1713/1230 1004/1724/1238
f 994/1715/1231 1004/1724/1238 1002/1713/1230
f 1004/1724/1238 994/1715/1231 1012/1725/1239
f 1005/1718/1232 1012/1725/1239 994/1715/1231
f 1012/1725/1239 1005/1718/1232 1006/1726/1240
f 996/1719/1233 1006/1726/1240 1005/1718/1232
f 998/1720/1234 1006/1726/1240 996/1719/1233
f 1006/1726/1240 998/1720/1234 1007/1727/1241
f 1000/1721/1235 1007/1727/1241 998/1720/1234
f 1007/1727/1241 1000/1721/1235 1014/1728/1242
f 1009/1722/1236 1014/1728/1242 1000/1721/1235
f 1014/1728/1242 1009/1722/1236 1008/1729/1243
f 1008/1729/1243 1009/1722/1236 1015/1730/1244
f 1003/1723/1237 1015/1730/1244 1009/1722/1236
f 1004/1724/1238 1015/1730/1244 1003/1723/1237
f 1015/1730/1244 1004/1724/1238 1010/1731/1245
f 1010/1731/1245 1004/1724/1238 1016/1732/1246
f 1012/1725/1239 1016/1732/1246 1004/1724/1238
f 1016/1732/1246 1012/1725/1239 1011/1733/1247
f 1006/1726/1240 1011/1733/1247 1012/1725/1239
f 1007/1727/1241 1011/1733/1247 1006/1726/1240
f 1011/1733/1247 1007/1727/1241 1013/1734/1248
f 1014/1728/1242 1013/1734/1248 1007/1727/1241
f 1008/1729/1243 1013/1734/1248 1014/1728/1242
f 1015/1730/1244 1013/1734/1248 1008/1729/1243
f 1010/1731/1245 1013/1734/1248 1015/1730/1244
f 1016/1732/1246 1013/1734/1248 1010/1731/1245
f 1013/1734/1248 1016/1732/1246 1011/1733/1247
f 1022/1735/1249 273/1736/284 1017/1737/1250
f 271/1738/285 1017/1737/1250 273/1736/284
f 1018/1739/288 1017/1737/1250 271/1738/285
f 1017/1737/1250 1018/1739/288 1027/1740/1251
f 1027/1740/1251 1018/1739/288 1019/1741/1252
f 276/1742/287 1019/1741/1252 1018/1739/288
f 1021/1743/282 1019/1741/1252 276/1742/287
f 1019/1741/1252 1021/1743/282 1029/1744/1253
f 1029/1744/1253 1021/1743/282 1020/1745/1254
f 273/1736/284 1020/1745/1254 1021/1743/282
f 1022/1735/1249 1020/1745/1254 273/1736/284
f 1020/1745/1254 1022/1735/1249 1031/1746/1255
f 1031/1746/1255 1022/1735/1249 1023/1747/1256
f 1023/1747/1256 1022/1735/1249 1024/1748/1257
f 1017/1737/1250 1024/1748/1257 1022/1735/1249
f 1024/1748/1257 1017/1737/1250 1025/313/280
f 1025/313/280 1017/1737/1250 1026/311/279
f 1027/1740/1251 1026/311/279 1017/1737/1250
f 1026/311/279 1027/1740/1251 255/309/278
f 255/309/278 1027/1740/1251 1032/1749/1258
f 1032/1749/1258 1027/1740/1251 1028/1750/1259
f 1019/1741/1252 1028/1750/1259 1027/1740/1251
f 1029/1744/1253 1028/1750/1259 1019/1741/1252
f 1028/1750/1259 1029/1744/1253 1030/1751/1260
f 1030/1751/1260 1029/1744/1253 249/300/274
f 249/300/274 1029/1744/1253 248/298/273
f 1020/1745/1254 248/298/273 1029/1744/1253
f 248/298/273 1020/1745/1254 245/297/272
f 1031/1746/1255 245/297/272 1020/1745/1254
f 245/297/272 1031/1746/1255 244/296/227
f 244/296/227 1031/1746/1255 213/1752/225
f 1023/1747/1256 213/1752/225 1031/1746/1255
f 1024/1748/1257 213/1752/225 1023/1747/1256
f 213/1752/225 1024/1748/1257 215/314/226
f 1025/313/280 215/314/226 1024/1748/1257
f 255/309/278 1032/1749/1258 1034/307/277
f 1034/307/277 1032/1749/1258 1033/1753/1261
f 1028/1750/1259 1033/1753/1261 1032/1749/1258
f 1030/1751/1260 1033/1753/1261 1028/1750/1259
f 1033/1753/1261 1030/1751/1260 251/302/275
f 249/300/274 251/302/275 1030/1751/1260
f 251/302/275 253/304/276 1033/1753/1261
f 1034/307/277 1033/1753/1261 253/304/276
f 1039/249/235 1035/250/236 1036/1754/251
f 1036/1754/251 1035/250/236 1037/1755/249
f 223/257/243 1037/1755/249 1035/250/236
f 1037/1755/249 223/257/243 238/1756/261
f 229/262/248 238/1756/261 223/257/243
f 230/256/242 238/1756/261 229/262/248
f 238/1756/261 230/256/242 233/1757/257
f 1038/248/234 233/1757/257 230/256/242
f 233/1757/257 1038/248/234 259/1758/255
f 1039/249/235 259/1758/255 1038/248/234
f 259/1758/255 1039/249/235 1036/1754/251
f 1078/1759/1262 1076/1760/1263 1040/1761/1264
f 1040/1761/1264 1076/1760/1263 1049/1762/1265
f 1049/1762/1265 1076/1760/1263 1041/1763/1266
f 1082/1764/1267 1041/1763/1266 1076/1760/1263
f 1043/1765/1268 1041/1763/1266 1082/1764/1267
f 1041/1763/1266 1043/1765/1268 1042/1766/1269
f 1042/1766/1269 1043/1765/1268 1044/1767/1270
f 1081/1768/1271 1044/1767/1270 1043/1765/1268
f 1044/1767/1270 1081/1768/1271 1045/1769/1272
f 1046/1770/1273 1045/1769/1272 1081/1768/1271
f 1078/1759/1262 1045/1769/1272 1046/1770/1273
f 1040/1761/1264 1045/1769/1272 1078/1759/1262
f 1045/1769/1272 1040/1761/1264 1047/1771/1274
f 1047/1771/1274 1040/1761/1264 1048/1772/1275
f 1049/1762/1265 1048/1772/1275 1040/1761/1264
f 1041/1763/1266 1048/1772/1275 1049/1762/1265
f 1048/1772/1275 1041/1763/1266 1052/1773/1276
f 1052/1773/1276 1041/1763/1266 1054/1774/1277
f 1042/1766/1269 1054/1774/1277 1041/1763/1266
f 1054/1774/1277 1042/1766/1269 1050/1775/1278
f 1044/1767/1270 1050/1775/1278 1042/1766/1269
f 1045/1769/1272 1050/1775/1278 1044/1767/1270
f 1050/1775/1278 1045/1769/1272 1051/1776/1279
f 1047/1771/1274 1051/1776/1279 1045/1769/1272
f 1051/1776/1279 1047/1771/1274 1053/1777/1280
f 1048/1772/1275 1053/1777/1280 1047/1771/1274
f 1052/1773/1276 1053/1777/1280 1048/1772/1275
f 1054/1774/1277 1053/1777/1280 1052/1773/1276
f 1050/1775/1278 1053/1777/1280 1054/1774/1277
f 1053/1777/1280 1050/1775/1278 1051/1776/1279
f 1061/1778/1249 319/1779/322 1060/1780/1281
f 326/1781/323 1060/1780/1281 319/1779/322
f 1060/1780/1281 326/1781/323 1063/1782/1282
f 1055/1783/328 1063/1782/1282 326/1781/323
f 1063/1782/1282 1055/1783/328 1056/1784/1283
f 325/1785/325 1056/1784/1283 1055/1783/328
f 1056/1784/1283 325/1785/325 1065/1786/1284
f 1065/1786/1284 325/1785/325 1057/1787/1285
f 322/1788/320 1057/1787/1285 325/1785/325
f 319/1779/322 1057/1787/1285 322/1788/320
f 1061/1778/1249 1057/1787/1285 319/1779/322
f 1057/1787/1285 1061/1778/1249 1058/1789/1255
f 1058/1789/1255 1061/1778/1249 1059/1790/1256
f 1059/1790/1256 1061/1778/1249 1070/1791/1257
f 1060/1780/1281 1070/1791/1257 1061/1778/1249
f 1070/1791/1257 1060/1780/1281 304/388/314
f 304/388/314 1060/1780/1281 302/386/313
f 1063/1782/1282 302/386/313 1060/1780/1281
f 302/386/313 1063/1782/1282 1062/384/312
f 1062/384/312 1063/1782/1282 1071/1792/1286
f 1056/1784/1283 1071/1792/1286 1063/1782/1282
f 1071/1792/1286 1056/1784/1283 1064/1793/1287
f 1065/1786/1284 1064/1793/1287 1056/1784/1283
f 1064/1793/1287 1065/1786/1284 1074/1794/1288
f 1074/1794/1288 1065/1786/1284 1066/375/311
f 1066/375/311 1065/1786/1284 1067/373/310
f 1057/1787/1285 1067/373/310 1065/1786/1284
f 1067/373/310 1057/1787/1285 1068/372/309
f 1058/1789/1255 1068/372/309 1057/1787/1285
f 1068/372/309 1058/1789/1255 295/371/308
f 295/371/308 1058/1789/1255 1069/1795/225
f 1059/1790/1256 1069/1795/225 1058/1789/1255
f 1070/1791/1257 1069/1795/225 1059/1790/1256
f 1069/1795/225 1070/1791/1257 331/389/315
f 304/388/314 331/389/315 1070/1791/1257
f 1062/384/312 1071/1792/1286 1072/382/277
f 1072/382/277 1071/1792/1286 1073/1796/1261
f 1064/1793/1287 1073/1796/1261 1071/1792/1286
f 1074/1794/1288 1073/1796/1261 1064/1793/1287
f 1073/1796/1261 1074/1794/1288 1075/377/275
f 1066/375/311 1075/377/275 1074/1794/1288
f 1075/377/275 300/379/276 1073/1796/1261
f 1072/382/277 1073/1796/1261 300/379/276
f 1082/1764/1267 1076/1760/1263 1077/1797/302
f 1077/1797/302 1076/1760/1263 305/1798/291
f 1078/1759/1262 305/1798/291 1076/1760/1263
f 305/1798/291 1078/1759/1262 1079/1799/292
f 1046/1770/1273 1079/1799/292 1078/1759/1262
f 1079/1799/292 1046/1770/1273 1080/1800/297
f 1081/1768/1271 1080/1800/297 1046/1770/1273
f 1080/1800/297 1081/1768/1271 290/1801/298
f 1043/1765/1268 290/1801/298 1081/1768/1271
f 1082/1764/1267 290/1801/298 1043/1765/1268
f 290/1801/298 1082/1764/1267 1077/1797/302
f 696/1802/880 1083/1803/881 1097/1804/959
f 1097/1804/959 1083/1803/881 742/1805/967
f 1085/1806/865 742/1805/967 1083/1803/881
f 742/1805/967 1085/1806/865 1084/1807/963
f 691/1808/867 1084/1807/963 1085/1806/865
f 1084/1807/963 691/1808/867 740/1809/964
f 1087/1810/873 740/1809/964 691/1808/867
f 740/1809/964 1087/1810/873 741/1811/961
f 741/1811/961 1087/1810/873 1757/1812/1289
f 1757/1812/1289 1087/1810/873 1086/1813/948
f 1086/1813/948 1087/1810/873 732/1814/950
f 732/1814/950 1087/1810/873 1088/1815/951
f 1089/1816/874 1088/1815/951 1087/1810/873
f 1088/1815/951 1089/1816/874 734/1817/954
f 1149/1818/1290 734/1817/954 1089/1816/874
f 734/1817/954 1149/1818/1290 1090/1819/956
f 1091/1820/1291 1090/1819/956 1149/1818/1290
f 1090/1819/956 1091/1820/1291 737/1821/957
f 1148/1822/863 737/1821/957 1091/1820/1291
f 737/1821/957 1148/1822/863 1092/1823/939
f 1093/1824/861 1092/1823/939 1148/1822/863
f 1092/1823/939 1093/1824/861 727/1825/940
f 727/1825/940 1093/1824/861 1095/1826/944
f 1094/1827/878 1095/1826/944 1093/1824/861
f 1095/1826/944 1094/1827/878 1096/1828/945
f 695/1829/879 1096/1828/945 1094/1827/878
f 1096/1828/945 695/1829/879 1086/1813/948
f 1757/1812/1289 1086/1813/948 695/1829/879
f 741/1811/961 1757/1812/1289 1097/1804/959
f 696/1802/880 1097/1804/959 1757/1812/1289
f 731/1830/947 733/1831/949 1098/1832/1292
f 1099/1833/952 1098/1832/1292 733/1831/949
f 1100/1834/953 1098/1832/1292 1099/1833/952
f 1098/1832/1292 1100/1834/953 1102/1835/1293
f 735/1836/955 1102/1835/1293 1100/1834/953
f 736/1837/958 1102/1835/1293 735/1836/955
f 1101/1838/941 1102/1835/1293 736/1837/958
f 728/1839/942 1102/1835/1293 1101/1838/941
f 729/1840/943 1102/1835/1293 728/1839/942
f 730/1841/946 1102/1835/1293 729/1840/943
f 1102/1835/1293 730/1841/946 1098/1832/1292
f 731/1830/947 1098/1832/1292 730/1841/946
f 759/1842/993 1103/1843/1294 761/1844/992
f 761/1844/992 1103/1843/1294 760/1845/994
f 760/1845/994 1103/1843/1294 757/1846/995
f 757/1846/995 1103/1843/1294 1104/1847/996
f 1104/1847/996 1103/1843/1294 758/1848/997
f 759/1842/993 758/1848/997 1103/1843/1294
f 372/1849/400 1105/1850/399 1143/1851/448
f 1143/1851/448 1105/1850/399 1106/1852/449
f 748/1853/984 1106/1852/449 1105/1850/399
f 1106/1852/449 748/1853/984 1107/1854/453
f 1108/1855/983 1107/1854/453 748/1853/984
f 1107/1854/453 1108/1855/983 400/1856/452
f 400/1856/452 1108/1855/983 1163/1857/372
f 1163/1857/372 1108/1855/983 354/1858/371
f 749/1859/985 354/1858/371 1108/1855/983
f 354/1858/371 749/1859/985 659/1860/369
f 754/1861/544 659/1860/369 749/1859/985
f 659/1860/369 754/1861/544 1109/1862/363
f 1110/1863/542 1109/1862/363 754/1861/544
f 1111/1864/1295 1109/1862/363 1110/1863/542
f 1109/1862/363 1111/1864/1295 1112/1865/362
f 1112/1865/362 1111/1864/1295 1114/1866/361
f 1113/1867/1296 1114/1866/361 1111/1864/1295
f 1115/1868/1028 1114/1866/361 1113/1867/1296
f 1114/1866/361 1115/1868/1028 1116/1869/808
f 1117/1870/1027 1116/1869/808 1115/1868/1028
f 1116/1869/808 1117/1870/1027 1118/1871/806
f 1118/1871/806 1117/1870/1027 481/1872/587
f 1119/1873/1024 481/1872/587 1117/1870/1027
f 779/1874/1020 481/1872/587 1119/1873/1024
f 481/1872/587 779/1874/1020 1120/1875/585
f 1123/1876/1019 1120/1875/585 779/1874/1020
f 1120/1875/585 1123/1876/1019 1121/1877/583
f 1121/1877/583 1123/1876/1019 1122/1878/737
f 1122/1878/737 1123/1876/1019 1124/1879/738
f 1124/1879/738 1123/1876/1019 1125/1880/740
f 1126/1881/1021 1125/1880/740 1123/1876/1019
f 782/1882/1042 1125/1880/740 1126/1881/1021
f 1125/1880/740 782/1882/1042 593/1883/741
f 593/1883/741 782/1882/1042 1127/1884/727
f 786/1885/1044 1127/1884/727 782/1882/1042
f 1127/1884/727 786/1885/1044 1128/1886/725
f 1129/1887/1047 1128/1886/725 786/1885/1044
f 1128/1886/725 1129/1887/1047 588/1888/726
f 588/1888/726 1129/1887/1047 1396/1889/1297
f 1396/1889/1297 1129/1887/1047 1397/1890/580
f 1132/1891/1046 1397/1890/580 1129/1887/1047
f 1397/1890/580 1132/1891/1046 1130/1892/581
f 1130/1892/581 1132/1891/1046 1131/1893/582
f 781/1894/1034 1131/1893/582 1132/1891/1046
f 1133/1895/368 1131/1893/582 781/1894/1034
f 1131/1893/582 1133/1895/368 494/1896/604
f 1134/1897/365 494/1896/604 1133/1895/368
f 494/1896/604 1134/1897/365 503/1898/609
f 503/1898/609 1134/1897/365 1135/1899/617
f 1136/1900/364 1135/1899/617 1134/1897/365
f 1135/1899/617 1136/1900/364 1137/1901/619
f 1353/1902/1298 1137/1901/619 1136/1900/364
f 1139/1903/403 1137/1901/619 1353/1902/1298
f 1137/1901/619 1139/1903/403 1138/1904/620
f 1138/1904/620 1139/1903/403 1140/1905/1299
f 374/1906/404 1140/1905/1299 1139/1903/403
f 1140/1905/1299 374/1906/404 1260/1907/1300
f 1260/1907/1300 374/1906/404 1141/1908/445
f 1141/1908/445 374/1906/404 398/1909/447
f 372/1849/400 398/1909/447 374/1906/404
f 398/1909/447 372/1849/400 1142/1910/446
f 1143/1851/448 1142/1910/446 372/1849/400
f 1260/1907/1300 1141/1908/445 1262/1911/625
f 1145/1912/444 1262/1911/625 1141/1908/445
f 1262/1911/625 1145/1912/444 509/1913/626
f 1144/1914/1301 509/1913/626 1145/1912/444
f 509/1913/626 1144/1914/1301 510/1915/628
f 1146/1916/864 510/1915/628 1144/1914/1301
f 510/1915/628 1146/1916/864 1147/1917/630
f 1148/1918/863 1147/1917/630 1146/1916/864
f 1147/1917/630 1148/1918/863 512/1919/631
f 1091/1920/1291 512/1919/631 1148/1918/863
f 1149/1921/1290 512/1919/631 1091/1920/1291
f 512/1919/631 1149/1921/1290 513/1922/634
f 1089/1923/874 513/1922/634 1149/1921/1290
f 513/1922/634 1089/1923/874 1244/1924/635
f 1151/1925/872 1244/1924/635 1089/1923/874
f 1244/1924/635 1151/1925/872 1150/1926/416
f 1150/1926/416 1151/1925/872 1164/1927/418
f 1152/1928/1302 1164/1927/418 1151/1925/872
f 1164/1927/418 1152/1928/1302 1153/1929/335
f 1153/1929/335 1152/1928/1302 341/1930/334
f 1752/1931/871 341/1930/334 1152/1928/1302
f 341/1930/334 1752/1931/871 339/1932/332
f 1154/1933/870 339/1932/332 1752/1931/871
f 339/1932/332 1154/1933/870 338/1934/331
f 1155/1935/869 338/1934/331 1154/1933/870
f 1156/1936/1303 338/1934/331 1155/1935/869
f 338/1934/331 1156/1936/1303 448/1937/329
f 448/1937/329 1156/1936/1303 375/1938/409
f 692/1939/866 375/1938/409 1156/1936/1303
f 375/1938/409 692/1939/866 1157/1940/408
f 1157/1940/408 692/1939/866 378/1941/411
f 1085/1942/865 378/1941/411 692/1939/866
f 1083/1943/881 378/1941/411 1085/1942/865
f 378/1941/411 1083/1943/881 379/1944/412
f 379/1944/412 1083/1943/881 902/1945/1159
f 1158/1946/876 902/1945/1159 1083/1943/881
f 1159/1947/875 902/1945/1159 1158/1946/876
f 902/1945/1159 1159/1947/875 943/1948/1160
f 1160/1949/1304 943/1948/1160 1159/1947/875
f 943/1948/1160 1160/1949/1304 942/1950/1193
f 942/1950/1193 1160/1949/1304 1161/1951/1191
f 1341/1952/859 1161/1951/1191 1160/1949/1304
f 1162/1953/451 1161/1951/1191 1341/1952/859
f 1161/1951/1191 1162/1953/451 355/1954/370
f 400/1856/452 355/1954/370 1162/1953/451
f 355/1954/370 400/1856/452 1163/1857/372
f 1153/1929/335 345/1955/343 1164/1927/418
f 1164/1927/418 345/1955/343 1247/1956/417
f 1247/1956/417 345/1955/343 1265/1957/1305
f 1165/1958/345 1265/1957/1305 345/1955/343
f 1265/1957/1305 1165/1958/345 1267/1959/1306
f 1750/1960/348 1267/1959/1306 1165/1958/345
f 1267/1959/1306 1750/1960/348 1269/1961/1307
f 1166/1962/430 1269/1961/1307 1750/1960/348
f 347/1963/350 1269/1961/1307 1166/1962/430
f 1269/1961/1307 347/1963/350 1268/1964/1308
f 1167/1965/569 1268/1964/1308 347/1963/350
f 1268/1964/1308 1167/1965/569 586/1966/722
f 476/1967/568 586/1966/722 1167/1965/569
f 586/1966/722 476/1967/568 1168/1968/709
f 1168/1968/709 476/1967/568 1180/1969/707
f 1169/1970/549 1180/1969/707 476/1967/568
f 1180/1969/707 1169/1970/549 1170/1971/1309
f 466/1972/548 1170/1971/1309 1169/1970/549
f 1170/1971/1309 466/1972/548 1171/1973/574
f 465/1974/546 1171/1973/574 466/1972/548
f 1171/1973/574 465/1974/546 1173/1975/575
f 1172/1976/545 1173/1975/575 465/1974/546
f 1173/1975/575 1172/1976/545 480/1977/576
f 480/1977/576 1172/1976/545 1174/1978/1310
f 453/1979/524 1174/1978/1310 1172/1976/545
f 1174/1978/1310 453/1979/524 1175/1980/1311
f 452/1981/523 1175/1980/1311 453/1979/524
f 1175/1980/1311 452/1981/523 1756/1982/695
f 1176/1983/522 1756/1982/695 452/1981/523
f 1756/1982/695 1176/1983/522 1177/1984/694
f 451/1985/521 1177/1984/694 1176/1983/522
f 1177/1984/694 451/1985/521 895/1986/1147
f 895/1986/1147 451/1985/521 1178/1987/405
f 449/1988/520 1178/1987/405 451/1985/521
f 1179/1989/519 1178/1987/405 449/1988/520
f 1178/1987/405 1179/1989/519 376/1990/406
f 376/1990/406 1179/1989/519 375/1938/409
f 448/1937/329 375/1938/409 1179/1989/519
f 1170/1971/1309 1181/1991/571 1180/1969/707
f 1180/1969/707 1181/1991/571 578/1992/708
f 578/1992/708 1181/1991/571 1182/1993/593
f 1183/1994/570 1182/1993/593 1181/1991/571
f 1182/1993/593 1183/1994/570 483/1995/551
f 1184/1996/1084 483/1995/551 1183/1994/570
f 483/1995/551 1184/1996/1084 470/1997/553
f 1185/1998/1085 470/1997/553 1184/1996/1084
f 832/1999/1087 470/1997/553 1185/1998/1085
f 1186/2000/804 470/1997/553 832/1999/1087
f 470/1997/553 1186/2000/804 468/2001/554
f 1707/2002/805 468/2001/554 1186/2000/804
f 468/2001/554 1707/2002/805 1187/2003/556
f 1188/2004/1312 1187/2003/556 1707/2002/805
f 1187/2003/556 1188/2004/1312 1189/2005/1313
f 1189/2005/1313 1188/2004/1312 1191/2006/1314
f 1190/2007/728 1191/2006/1314 1188/2004/1312
f 588/1888/726 1191/2006/1314 1190/2007/728
f 1191/2006/1314 588/1888/726 1396/1889/1297
f 1174/1978/1310 1175/1980/1311 1754/2008/577
f 1755/2009/696 1754/2008/577 1175/1980/1311
f 1193/2010/698 1754/2008/577 1755/2009/696
f 1754/2008/577 1193/2010/698 1192/2011/579
f 1192/2011/579 1193/2010/698 1194/2012/730
f 569/2013/700 1194/2012/730 1193/2010/698
f 1196/2014/701 1194/2012/730 569/2013/700
f 1194/2012/730 1196/2014/701 1195/2015/731
f 1195/2015/731 1196/2014/701 1716/2016/736
f 677/2017/703 1716/2016/736 1196/2014/701
f 1716/2016/736 677/2017/703 1197/2018/1315
f 1198/2019/838 1197/2018/1315 677/2017/703
f 675/2020/835 1197/2018/1315 1198/2019/838
f 1197/2018/1315 675/2020/835 1199/2021/745
f 1199/2021/745 675/2020/835 592/2022/739
f 672/2023/584 592/2022/739 675/2020/835
f 592/2022/739 672/2023/584 1122/1878/737
f 1121/1877/583 1122/1878/737 672/2023/584
f 534/2024/656 533/2025/655 1200/2026/1316
f 531/2027/652 1200/2026/1316 533/2025/655
f 1200/2026/1316 531/2027/652 1208/2028/1317
f 511/2029/629 1208/2028/1317 531/2027/652
f 1208/2028/1317 511/2029/629 1209/2030/1318
f 1201/2031/632 1209/2030/1318 511/2029/629
f 1202/2032/633 1209/2030/1318 1201/2031/632
f 1209/2030/1318 1202/2032/633 1204/2033/1319
f 1203/2034/661 1204/2033/1319 1202/2032/633
f 537/2035/660 1204/2033/1319 1203/2034/661
f 1204/2033/1319 537/2035/660 1206/2036/1320
f 1205/2037/659 1206/2036/1320 537/2035/660
f 534/2024/656 1206/2036/1320 1205/2037/659
f 1200/2026/1316 1206/2036/1320 534/2024/656
f 1206/2036/1320 1200/2026/1316 1207/2038/1321
f 1208/2028/1317 1207/2038/1321 1200/2026/1316
f 1209/2030/1318 1207/2038/1321 1208/2028/1317
f 1204/2033/1319 1207/2038/1321 1209/2030/1318
f 1207/2038/1321 1204/2033/1319 1206/2036/1320
f 1217/2039/1322 1732/2040/1323 1210/2041/1324
f 1739/2042/1325 1210/2041/1324 1732/2040/1323
f 1210/2041/1324 1739/2042/1325 1212/2043/1326
f 1211/2044/1327 1212/2043/1326 1739/2042/1325
f 1212/2043/1326 1211/2044/1327 1213/2045/1328
f 1214/2046/1329 1213/2045/1328 1211/2044/1327
f 1215/2047/1330 1213/2045/1328 1214/2046/1329
f 1737/2048/1331 1213/2045/1328 1215/2047/1330
f 1736/2049/1332 1213/2045/1328 1737/2048/1331
f 1213/2045/1328 1736/2049/1332 1216/2050/1333
f 1734/2051/1334 1216/2050/1333 1736/2049/1332
f 1217/2039/1322 1216/2050/1333 1734/2051/1334
f 1210/2041/1324 1216/2050/1333 1217/2039/1322
f 1216/2050/1333 1210/2041/1324 1213/2045/1328
f 1212/2043/1326 1213/2045/1328 1210/2041/1324
f 553/870/679 1219/2052/1335 557/869/678
f 557/869/678 1219/2052/1335 1218/879/688
f 1218/879/688 1219/2052/1335 1220/2053/1336
f 553/870/679 1220/2053/1336 1219/2052/1335
f 1220/2053/1336 553/870/679 1221/2054/1337
f 1223/871/680 1221/2054/1337 553/870/679
f 1221/2054/1337 1223/871/680 1222/2055/1338
f 1222/2055/1338 1223/871/680 1232/2056/1339
f 1224/872/681 1232/2056/1339 1223/871/680
f 1232/2056/1339 1224/872/681 1233/2057/1340
f 1225/874/683 1233/2057/1340 1224/872/681
f 556/875/684 1233/2057/1340 1225/874/683
f 1233/2057/1340 556/875/684 1226/2058/1341
f 1227/877/686 1226/2058/1341 556/875/684
f 1226/2058/1341 1227/877/686 1228/2059/1342
f 1218/879/688 1228/2059/1342 1227/877/686
f 1228/2059/1342 1218/879/688 1229/2060/1343
f 1220/2053/1336 1229/2060/1343 1218/879/688
f 1229/2060/1343 1220/2053/1336 1230/2061/1344
f 1221/2054/1337 1230/2061/1344 1220/2053/1336
f 1230/2061/1344 1221/2054/1337 1231/2062/1345
f 1222/2055/1338 1231/2062/1345 1221/2054/1337
f 1232/2056/1339 1231/2062/1345 1222/2055/1338
f 1231/2062/1345 1232/2056/1339 1234/2063/1346
f 1233/2057/1340 1234/2063/1346 1232/2056/1339
f 1226/2058/1341 1234/2063/1346 1233/2057/1340
f 1234/2063/1346 1226/2058/1341 1235/2064/1347
f 1228/2059/1342 1235/2064/1347 1226/2058/1341
f 1229/2060/1343 1235/2064/1347 1228/2059/1342
f 1230/2061/1344 1235/2064/1347 1229/2060/1343
f 1235/2064/1347 1230/2061/1344 1234/2063/1346
f 1231/2062/1345 1234/2063/1346 1230/2061/1344
f 1241/2065/1348 1236/2066/1349 1242/2067/1350
f 1622/2068/1351 1242/2067/1350 1236/2066/1349
f 1242/2067/1350 1622/2068/1351 1240/2069/1352
f 1623/2070/1353 1240/2069/1352 1622/2068/1351
f 1626/2071/1354 1240/2069/1352 1623/2070/1353
f 1240/2069/1352 1626/2071/1354 1237/2072/1355
f 1627/2073/1356 1237/2072/1355 1626/2071/1354
f 1238/2074/1357 1237/2072/1355 1627/2073/1356
f 1239/2075/1358 1237/2072/1355 1238/2074/1357
f 1237/2072/1355 1239/2075/1358 1240/2069/1352
f 1631/2076/1359 1240/2069/1352 1239/2075/1358
f 1241/2065/1348 1240/2069/1352 1631/2076/1359
f 1240/2069/1352 1241/2065/1348 1242/2067/1350
f 518/2077/525 517/2078/637 1630/2079/1360
f 1630/2079/1360 517/2078/637 1629/2080/1361
f 514/2081/636 1629/2080/1361 517/2078/637
f 1629/2080/1361 514/2081/636 1243/2082/1362
f 1243/2082/1362 514/2081/636 1245/2083/1363
f 1244/2084/635 1245/2083/1363 514/2081/636
f 1150/2085/416 1245/2083/1363 1244/2084/635
f 1245/2083/1363 1150/2085/416 1621/2086/1364
f 1621/2086/1364 1150/2085/416 1246/2087/1365
f 383/2088/415 1246/2087/1365 1150/2085/416
f 1246/2087/1365 383/2088/415 1624/2089/1366
f 1624/2089/1366 383/2088/415 1251/2090/1367
f 1251/2090/1367 383/2088/415 702/2091/890
f 1247/2092/417 702/2091/890 383/2088/415
f 702/2091/890 1247/2092/417 1248/2093/893
f 1265/2094/1305 1248/2093/893 1247/2092/417
f 1264/2095/1368 1248/2093/893 1265/2094/1305
f 1248/2093/893 1264/2095/1368 700/2096/889
f 1250/2097/1369 700/2096/889 1264/2095/1368
f 700/2096/889 1250/2097/1369 699/2098/886
f 699/2098/886 1250/2097/1369 1249/2099/1370
f 1249/2099/1370 1250/2097/1369 1625/2100/1371
f 1625/2100/1371 1250/2097/1369 1628/2101/1372
f 518/2077/525 1628/2101/1372 1250/2097/1369
f 1628/2101/1372 518/2077/525 1630/2079/1360
f 1624/2089/1366 1251/2090/1367 1625/2100/1371
f 1625/2100/1371 1251/2090/1367 1249/2099/1370
f 1249/2099/1370 1251/2090/1367 697/2102/882
f 702/2091/890 697/2102/882 1251/2090/1367
f 697/2102/882 1252/2103/884 1249/2099/1370
f 699/2098/886 1249/2099/1370 1252/2103/884
f 1257/2104/653 1255/2105/1373 1253/2106/669
f 1253/2106/669 1255/2105/1373 1254/2107/671
f 1254/2107/671 1255/2105/1373 499/2108/613
f 499/2108/613 1255/2105/1373 498/2109/612
f 498/2109/612 1255/2105/1373 1256/2110/673
f 1256/2110/673 1255/2105/1373 535/2111/657
f 535/2111/657 1255/2105/1373 532/2112/654
f 1257/2104/653 532/2112/654 1255/2105/1373
f 1258/2113/929 1138/2114/620 1259/2115/927
f 1140/2116/1299 1259/2115/927 1138/2114/620
f 1260/2117/1300 1259/2115/927 1140/2116/1299
f 1259/2115/927 1260/2117/1300 726/2118/935
f 726/2118/935 1260/2117/1300 1261/2119/937
f 1262/2120/625 1261/2119/937 1260/2117/1300
f 508/2121/624 1261/2119/937 1262/2120/625
f 1261/2119/937 508/2121/624 724/2122/933
f 506/2123/621 724/2122/933 508/2121/624
f 724/2122/933 506/2123/621 1263/2124/932
f 1263/2124/932 506/2123/621 1258/2113/929
f 1138/2114/620 1258/2113/929 506/2123/621
f 518/821/525 1250/2125/1369 1266/2126/1374
f 1264/2127/1368 1266/2126/1374 1250/2125/1369
f 1265/2128/1305 1266/2126/1374 1264/2127/1368
f 1267/2129/1306 1266/2126/1374 1265/2128/1305
f 1269/2130/1307 1266/2126/1374 1267/2129/1306
f 1266/2126/1374 1269/2130/1307 1271/2131/1375
f 1271/2131/1375 1269/2130/1307 1270/2132/1376
f 1268/2133/1308 1270/2132/1376 1269/2130/1307
f 586/2134/722 1270/2132/1376 1268/2133/1308
f 585/2135/720 1270/2132/1376 586/2134/722
f 521/828/532 1270/2132/1376 585/2135/720
f 456/2136/531 1270/2132/1376 521/828/532
f 1270/2132/1376 456/2136/531 1271/2131/1375
f 455/2137/528 1271/2131/1375 456/2136/531
f 1272/2138/526 1271/2131/1375 455/2137/528
f 1271/2131/1375 1272/2138/526 1266/2126/1374
f 518/821/525 1266/2126/1374 1272/2138/526
f 701/2139/883 1276/2140/1377 698/2141/885
f 698/2141/885 1276/2140/1377 1273/2142/887
f 1273/2142/887 1276/2140/1377 1274/2143/888
f 1274/2143/888 1276/2140/1377 1275/2144/892
f 1275/2144/892 1276/2140/1377 703/2145/891
f 701/2139/883 703/2145/891 1276/2140/1377
f 1282/2146/484 1279/2147/1378 1295/2148/457
f 1295/2148/457 1279/2147/1378 1277/442/341
f 1277/442/341 1279/2147/1378 1278/545/419
f 1278/545/419 1279/2147/1378 1300/546/420
f 1300/546/420 1279/2147/1378 1281/2149/493
f 1282/2146/484 1281/2149/493 1279/2147/1378
f 1280/2150/483 1281/2149/493 1282/2146/484
f 1281/2149/493 1280/2150/483 1284/2151/497
f 1283/2152/482 1284/2151/497 1280/2150/483
f 428/2153/481 1284/2151/497 1283/2152/482
f 1284/2151/497 428/2153/481 434/2154/500
f 427/2155/480 434/2154/500 428/2153/481
f 434/2154/500 427/2155/480 1285/2156/1379
f 1286/2157/474 1285/2156/1379 427/2155/480
f 1285/2156/1379 1286/2157/474 1287/597/456
f 1287/597/456 1286/2157/474 549/2158/389
f 419/2159/472 549/2158/389 1286/2157/474
f 549/2158/389 419/2159/472 548/2160/668
f 1289/2161/470 548/2160/668 419/2159/472
f 548/2160/668 1289/2161/470 1288/2162/667
f 417/2163/468 1288/2162/667 1289/2161/470
f 1288/2162/667 417/2163/468 1290/2164/666
f 1292/2165/465 1290/2164/666 417/2163/468
f 1290/2164/666 1292/2165/465 1291/2166/665
f 1291/2166/665 1292/2165/465 543/2167/664
f 1293/2168/463 543/2167/664 1292/2165/465
f 543/2167/664 1293/2168/463 542/2169/663
f 1294/2170/461 542/2169/663 1293/2168/463
f 542/2169/663 1294/2170/461 540/2171/662
f 413/2172/458 540/2171/662 1294/2170/461
f 540/2171/662 413/2172/458 539/443/342
f 1295/2148/457 539/443/342 413/2172/458
f 539/443/342 1295/2148/457 1277/442/341
f 1287/597/456 1296/555/429 1285/2156/1379
f 433/554/428 1285/2156/1379 1296/555/429
f 1285/2156/1379 433/554/428 434/2154/500
f 1297/650/495 1299/2173/1380 1298/649/494
f 1298/649/494 1299/2173/1380 1300/647/420
f 1300/647/420 1299/2173/1380 1301/2174/490
f 1301/2174/490 1299/2173/1380 1313/2175/1381
f 1313/2175/1381 1299/2173/1380 1302/2176/1382
f 1297/650/495 1302/2176/1382 1299/2173/1380
f 1302/2176/1382 1297/650/495 1315/2177/1383
f 1303/659/503 1315/2177/1383 1297/650/495
f 444/665/509 1315/2177/1383 1303/659/503
f 1315/2177/1383 444/665/509 1317/2178/1384
f 445/666/510 1317/2178/1384 444/665/509
f 1317/2178/1384 445/666/510 1318/2179/1385
f 1318/2179/1385 445/666/510 1304/2180/1386
f 1305/667/511 1304/2180/1386 445/666/510
f 1304/2180/1386 1305/667/511 1306/2181/1387
f 442/664/508 1306/2181/1387 1305/667/511
f 1307/656/501 1306/2181/1387 442/664/508
f 1306/2181/1387 1307/656/501 1320/2182/1388
f 1320/2182/1388 1307/656/501 1308/2183/1389
f 435/657/502 1308/2183/1389 1307/656/501
f 433/658/428 1308/2183/1389 435/657/502
f 1309/2184/492 1308/2183/1389 433/658/428
f 1308/2183/1389 1309/2184/492 1311/2185/1390
f 1310/2186/491 1311/2185/1390 1309/2184/492
f 1311/2185/1390 1310/2186/491 1312/2187/1391
f 1312/2187/1391 1310/2186/491 1313/2175/1381
f 1301/2174/490 1313/2175/1381 1310/2186/491
f 1308/2183/1389 1311/2185/1390 1320/2182/1388
f 1320/2182/1388 1311/2185/1390 1321/2188/1392
f 1312/2187/1391 1321/2188/1392 1311/2185/1390
f 1321/2188/1392 1312/2187/1391 1322/2189/1393
f 1322/2189/1393 1312/2187/1391 1314/2190/1394
f 1313/2175/1381 1314/2190/1394 1312/2187/1391
f 1302/2176/1382 1314/2190/1394 1313/2175/1381
f 1314/2190/1394 1302/2176/1382 1323/2191/1395
f 1323/2191/1395 1302/2176/1382 1316/2192/1396
f 1315/2177/1383 1316/2192/1396 1302/2176/1382
f 1317/2178/1384 1316/2192/1396 1315/2177/1383
f 1318/2179/1385 1316/2192/1396 1317/2178/1384
f 1316/2192/1396 1318/2179/1385 1324/2193/1397
f 1324/2193/1397 1318/2179/1385 1319/2194/1398
f 1304/2180/1386 1319/2194/1398 1318/2179/1385
f 1306/2181/1387 1319/2194/1398 1304/2180/1386
f 1320/2182/1388 1319/2194/1398 1306/2181/1387
f 1319/2194/1398 1320/2182/1388 1326/2195/1399
f 1321/2188/1392 1326/2195/1399 1320/2182/1388
f 1322/2189/1393 1326/2195/1399 1321/2188/1392
f 1326/2195/1399 1322/2189/1393 1325/2196/1400
f 1325/2196/1400 1322/2189/1393 1323/2191/1395
f 1314/2190/1394 1323/2191/1395 1322/2189/1393
f 1316/2192/1396 1324/2193/1397 1323/2191/1395
f 1323/2191/1395 1324/2193/1397 1325/2196/1400
f 1325/2196/1400 1324/2193/1397 1326/2195/1399
f 1319/2194/1398 1326/2195/1399 1324/2193/1397
f 1160/2197/1304 1159/2198/875 1327/2199/973
f 1327/2199/973 1159/2198/875 744/2200/976
f 694/2201/877 744/2200/976 1159/2198/875
f 744/2200/976 694/2201/877 745/2202/977
f 1093/1824/861 745/2202/977 694/2201/877
f 745/2202/977 1093/1824/861 747/2203/979
f 1330/2204/860 747/2203/979 1093/1824/861
f 747/2203/979 1330/2204/860 1328/2205/982
f 1328/2205/982 1330/2204/860 1340/2206/858
f 1340/2206/858 1330/2204/860 1329/2207/1401
f 1329/2207/1401 1330/2204/860 1331/2208/1402
f 1332/2209/862 1331/2208/1402 1330/2204/860
f 1331/2208/1402 1332/2209/862 1333/2210/1403
f 1333/2210/1403 1332/2209/862 1334/2211/1404
f 1146/2212/864 1334/2211/1404 1332/2209/862
f 1334/2211/1404 1146/2212/864 1335/2213/1405
f 1144/2214/1301 1335/2213/1405 1146/2212/864
f 1335/2213/1405 1144/2214/1301 1336/2215/1406
f 1336/2215/1406 1144/2214/1301 1337/2216/1407
f 1145/2217/444 1337/2216/1407 1144/2214/1301
f 1337/2216/1407 1145/2217/444 1338/2218/1408
f 1142/2219/446 1338/2218/1408 1145/2217/444
f 1338/2218/1408 1142/2219/446 1671/2220/1409
f 1143/2221/448 1671/2220/1409 1142/2219/446
f 1671/2220/1409 1143/2221/448 1339/2222/1410
f 399/2223/450 1339/2222/1410 1143/2221/448
f 1339/2222/1410 399/2223/450 1673/2224/1411
f 1340/2206/858 1673/2224/1411 399/2223/450
f 1673/2224/1411 1340/2206/858 1329/2207/1401
f 1160/2197/1304 1327/2199/973 1341/2225/859
f 1343/2226/969 1341/2225/859 1327/2199/973
f 1341/2225/859 1343/2226/969 1340/2206/858
f 1342/2227/971 1340/2206/858 1343/2226/969
f 1340/2206/858 1342/2227/971 1328/2205/982
f 1344/2228/1010 1345/2229/1412 776/2230/1009
f 776/2230/1009 1345/2229/1412 1346/2231/1014
f 1346/2231/1014 1345/2229/1412 774/2232/1016
f 774/2232/1016 1345/2229/1412 1347/2233/1017
f 1347/2233/1017 1345/2229/1412 1348/2234/1012
f 1344/2228/1010 1348/2234/1012 1345/2229/1412
f 1357/2235/1000 764/2236/999 1350/2237/1413
f 1349/2238/998 1350/2237/1413 764/2236/999
f 1350/2237/1413 1349/2238/998 1351/1338/366
f 1351/1338/366 1349/2238/998 1136/2239/364
f 1352/2240/1006 1136/2239/364 1349/2238/998
f 1136/2239/364 1352/2240/1006 1353/2241/1298
f 1355/2242/1005 1353/2241/1298 1352/2240/1006
f 1353/2241/1298 1355/2242/1005 1139/2243/403
f 1354/2244/1004 1139/2243/403 1355/2242/1005
f 1139/2243/403 1354/2244/1004 373/2245/402
f 769/2246/1003 373/2245/402 1354/2244/1004
f 373/2245/402 769/2246/1003 463/1278/401
f 1356/2247/1002 463/1278/401 769/2246/1003
f 768/2248/1001 463/1278/401 1356/2247/1002
f 1357/2235/1000 463/1278/401 768/2248/1001
f 1350/2237/1413 463/1278/401 1357/2235/1000
f 463/1278/401 1350/2237/1413 772/2249/1007
f 1351/1338/366 772/2249/1007 1350/2237/1413
f 772/2249/1007 1351/1338/366 1358/2250/1008
f 1358/2250/1008 1351/1338/366 773/2251/1011
f 1113/2252/1296 773/2251/1011 1351/1338/366
f 773/2251/1011 1113/2252/1296 1359/2253/1018
f 1111/2254/1295 1359/2253/1018 1113/2252/1296
f 1359/2253/1018 1111/2254/1295 775/2255/1015
f 1110/2256/542 775/2255/1015 1111/2254/1295
f 775/2255/1015 1110/2256/542 777/2257/1013
f 463/1278/401 777/2257/1013 1110/2256/542
f 777/2257/1013 463/1278/401 772/2249/1007
f 1364/2258/1414 1360/2259/1415 1361/2260/1416
f 1693/2261/1417 1361/2260/1416 1360/2259/1415
f 1694/2262/1418 1361/2260/1416 1693/2261/1417
f 1361/2260/1416 1694/2262/1418 1363/2263/1419
f 1696/2264/1420 1363/2263/1419 1694/2262/1418
f 1697/2265/1421 1363/2263/1419 1696/2264/1420
f 1363/2263/1419 1697/2265/1421 1362/2266/1422
f 1698/2267/1423 1362/2266/1422 1697/2265/1421
f 1700/2268/1424 1362/2266/1422 1698/2267/1423
f 1702/2269/1425 1362/2266/1422 1700/2268/1424
f 1362/2266/1422 1702/2269/1425 1363/2263/1419
f 1703/2270/1426 1363/2263/1419 1702/2269/1425
f 1364/2258/1414 1363/2263/1419 1703/2270/1426
f 1363/2263/1419 1364/2258/1414 1361/2260/1416
f 1365/2271/904 1367/2272/902 1366/2273/1427
f 1368/2274/911 1366/2273/1427 1367/2272/902
f 1366/2273/1427 1368/2274/911 1369/2275/1428
f 1370/2276/910 1369/2275/1428 1368/2274/911
f 1371/2277/907 1369/2275/1428 1370/2276/910
f 716/2278/906 1369/2275/1428 1371/2277/907
f 1365/2271/904 1369/2275/1428 716/2278/906
f 1369/2275/1428 1365/2271/904 1366/2273/1427
f 1372/2279/1052 1375/2280/1429 792/2281/1053
f 792/2281/1053 1375/2280/1429 1373/2282/1054
f 1373/2282/1054 1375/2280/1429 794/2283/1055
f 794/2283/1055 1375/2280/1429 795/2284/1056
f 795/2284/1056 1375/2280/1429 1374/2285/1057
f 1374/2285/1057 1375/2280/1429 796/2286/1058
f 796/2286/1058 1375/2280/1429 799/2287/1059
f 799/2287/1059 1375/2280/1429 1376/2288/1049
f 1376/2288/1049 1375/2280/1429 1377/2289/1050
f 1377/2289/1050 1375/2280/1429 790/2290/1051
f 1372/2279/1052 790/2290/1051 1375/2280/1429
f 527/2291/649 1379/2292/1430 1378/2293/651
f 1378/2293/651 1379/2292/1430 529/2294/558
f 529/2294/558 1379/2292/1430 1380/2295/1431
f 1380/2295/1431 1379/2292/1430 1381/2296/1432
f 1381/2296/1432 1379/2292/1430 1383/2297/1433
f 527/2291/649 1383/2297/1433 1379/2292/1430
f 1382/2298/647 1383/2297/1433 527/2291/649
f 1384/2299/646 1383/2297/1433 1382/2298/647
f 1383/2297/1433 1384/2299/646 1387/2300/1434
f 1385/2301/645 1387/2300/1434 1384/2299/646
f 467/2302/550 1387/2300/1434 1385/2301/645
f 1387/2300/1434 467/2302/550 1386/2303/1435
f 469/2304/552 1386/2303/1435 467/2302/550
f 471/2305/555 1386/2303/1435 469/2304/552
f 1386/2303/1435 471/2305/555 1380/2295/1431
f 529/2294/558 1380/2295/1431 471/2305/555
f 1383/2297/1433 1387/2300/1434 1381/2296/1432
f 1386/2303/1435 1381/2296/1432 1387/2300/1434
f 1381/2296/1432 1386/2303/1435 1380/2295/1431
f 473/2306/562 1389/2307/1436 1388/2308/560
f 1388/2308/560 1389/2307/1436 528/2309/559
f 528/2309/559 1389/2307/1436 1390/2310/650
f 1390/2310/650 1389/2307/1436 1391/2311/690
f 1391/2311/690 1389/2307/1436 497/2312/610
f 497/2312/610 1389/2307/1436 495/2313/605
f 495/2313/605 1389/2307/1436 485/2314/599
f 473/2306/562 485/2314/599 1389/2307/1436
f 719/2315/915 1399/2316/567 1392/2317/913
f 475/2318/564 1392/2317/913 1399/2316/567
f 1392/2317/913 475/2318/564 717/2319/905
f 474/2320/561 717/2319/905 475/2318/564
f 717/2319/905 474/2320/561 1393/2321/903
f 472/2322/557 1393/2321/903 474/2320/561
f 1393/2321/903 472/2322/557 715/2323/901
f 1187/2324/556 715/2323/901 472/2322/557
f 715/2323/901 1187/2324/556 1394/2325/912
f 1189/2326/1313 1394/2325/912 1187/2324/556
f 1394/2325/912 1189/2326/1313 1395/2327/909
f 1191/2328/1314 1395/2327/909 1189/2326/1313
f 1395/2327/909 1191/2328/1314 721/2329/921
f 1396/2330/1297 721/2329/921 1191/2328/1314
f 721/2329/921 1396/2330/1297 722/2331/924
f 722/2331/924 1396/2330/1297 723/2332/926
f 1397/2333/580 723/2332/926 1396/2330/1297
f 723/2332/926 1397/2333/580 1398/2334/918
f 1399/2316/567 1398/2334/918 1397/2333/580
f 1398/2334/918 1399/2316/567 719/2315/915
f 717/2319/905 718/2335/908 1392/2317/913
f 1392/2317/913 718/2335/908 1400/2336/920
f 1395/2327/909 1400/2336/920 718/2335/908
f 1400/2336/920 1395/2327/909 721/2329/921
f 1722/2337/1437 1401/2338/1438 1402/2339/1439
f 1402/2339/1439 1401/2338/1438 1728/2340/1440
f 1728/2340/1440 1401/2338/1438 1725/2341/1441
f 1725/2341/1441 1401/2338/1438 1403/2342/1442
f 1722/2337/1437 1403/2342/1442 1401/2338/1438
f 1404/2343/1443 1403/2342/1442 1722/2337/1437
f 1407/2344/1444 1403/2342/1442 1404/2343/1443
f 1403/2342/1442 1407/2344/1444 1405/2345/1445
f 1406/2346/1446 1405/2345/1445 1407/2344/1444
f 1408/2347/1447 1405/2345/1445 1406/2346/1446
f 1409/2348/1448 1405/2345/1445 1408/2347/1447
f 1405/2345/1445 1409/2348/1448 1403/2342/1442
f 1724/2349/1449 1403/2342/1442 1409/2348/1448
f 1403/2342/1442 1724/2349/1449 1725/2341/1441
f 1415/2350/1098 1412/2351/1450 1410/2352/1097
f 1410/2352/1097 1412/2351/1450 1411/2353/1100
f 1411/2353/1100 1412/2351/1450 1413/2354/1101
f 1413/2354/1101 1412/2351/1450 846/2355/1107
f 846/2355/1107 1412/2351/1450 845/2356/1106
f 845/2356/1106 1412/2351/1450 1414/2357/1104
f 1415/2350/1098 1414/2357/1104 1412/2351/1450
f 1421/2358/1451 1418/2359/1452 1416/2360/1453
f 1416/2360/1453 1418/2359/1452 1417/2361/1454
f 1417/2361/1454 1418/2359/1452 1435/2362/1455
f 1435/2362/1455 1418/2359/1452 1436/2363/1456
f 1436/2363/1456 1418/2359/1452 1419/2364/1457
f 1419/2364/1457 1418/2359/1452 1420/2365/1458
f 1421/2358/1451 1420/2365/1458 1418/2359/1452
f 1422/2366/1459 1420/2365/1458 1421/2358/1451
f 1420/2365/1458 1422/2366/1459 1438/2367/1460
f 1438/2367/1460 1422/2366/1459 1424/2368/1461
f 1423/2369/1462 1424/2368/1461 1422/2366/1459
f 1425/2370/1463 1424/2368/1461 1423/2369/1462
f 1426/2371/1464 1424/2368/1461 1425/2370/1463
f 1424/2368/1461 1426/2371/1464 1440/2372/1465
f 1440/2372/1465 1426/2371/1464 1441/2373/1466
f 1427/2374/1467 1441/2373/1466 1426/2371/1464
f 1441/2373/1466 1427/2374/1467 1428/2375/1468
f 1429/2376/1469 1428/2375/1468 1427/2374/1467
f 1430/2377/1470 1428/2375/1468 1429/2376/1469
f 1428/2375/1468 1430/2377/1470 1447/2378/1471
f 1447/2378/1471 1430/2377/1470 1432/2379/1472
f 1431/2380/1473 1432/2379/1472 1430/2377/1470
f 1433/2381/1474 1432/2379/1472 1431/2380/1473
f 1432/2379/1472 1433/2381/1474 1434/2382/1475
f 1435/2362/1455 1434/2382/1475 1433/2381/1474
f 1436/2363/1456 1434/2382/1475 1435/2362/1455
f 1434/2382/1475 1436/2363/1456 1432/2379/1472
f 1432/2379/1472 1436/2363/1456 1437/2383/1476
f 1419/2364/1457 1437/2383/1476 1436/2363/1456
f 1437/2383/1476 1419/2364/1457 1446/2384/1477
f 1420/2365/1458 1446/2384/1477 1419/2364/1457
f 1438/2367/1460 1446/2384/1477 1420/2365/1458
f 1446/2384/1477 1438/2367/1460 1442/2385/1478
f 1442/2385/1478 1438/2367/1460 1439/2386/1479
f 1424/2368/1461 1439/2386/1479 1438/2367/1460
f 1440/2372/1465 1439/2386/1479 1424/2368/1461
f 1439/2386/1479 1440/2372/1465 1445/2387/1480
f 1445/2387/1480 1440/2372/1465 1428/2375/1468
f 1441/2373/1466 1428/2375/1468 1440/2372/1465
f 1439/2386/1479 1445/2387/1480 1442/2385/1478
f 1442/2385/1478 1445/2387/1480 1443/2388/1481
f 1443/2388/1481 1445/2387/1480 1444/2389/1482
f 1444/2389/1482 1445/2387/1480 1447/2378/1471
f 1428/2375/1468 1447/2378/1471 1445/2387/1480
f 1442/2385/1478 1443/2388/1481 1446/2384/1477
f 1446/2384/1477 1443/2388/1481 1437/2383/1476
f 1444/2389/1482 1437/2383/1476 1443/2388/1481
f 1447/2378/1471 1437/2383/1476 1444/2389/1482
f 1437/2383/1476 1447/2378/1471 1432/2379/1472
f 1448/1013/785 624/1015/787 1459/2390/1483
f 1449/1019/791 1459/2390/1483 624/1015/787
f 1459/2390/1483 1449/1019/791 1460/2391/1484
f 1450/993/770 1460/2391/1484 1449/1019/791
f 608/994/771 1460/2391/1484 1450/993/770
f 610/997/772 1460/2391/1484 608/994/771
f 1460/2391/1484 610/997/772 1451/2392/1485
f 1452/998/773 1451/2392/1485 610/997/772
f 1451/2392/1485 1452/998/773 1462/2393/1486
f 1462/2393/1486 1452/998/773 1453/2394/1487
f 612/1000/774 1453/2394/1487 1452/998/773
f 616/1003/775 1453/2394/1487 612/1000/774
f 1454/1007/779 1453/2394/1487 616/1003/775
f 1453/2394/1487 1454/1007/779 1456/2395/1488
f 1455/1008/780 1456/2395/1488 1454/1007/779
f 1458/1012/784 1456/2395/1488 1455/1008/780
f 1456/2395/1488 1458/1012/784 1457/2396/1489
f 1457/2396/1489 1458/1012/784 1461/2397/1490
f 1448/1013/785 1461/2397/1490 1458/1012/784
f 1459/2390/1483 1461/2397/1490 1448/1013/785
f 1460/2391/1484 1461/2397/1490 1459/2390/1483
f 1451/2392/1485 1461/2397/1490 1460/2391/1484
f 1462/2393/1486 1461/2397/1490 1451/2392/1485
f 1461/2397/1490 1462/2393/1486 1457/2396/1489
f 1453/2394/1487 1457/2396/1489 1462/2393/1486
f 1457/2396/1489 1453/2394/1487 1456/2395/1488
f 1466/2398/1491 1514/2399/1492 1468/2400/1493
f 1463/2401/1494 1468/2400/1493 1514/2399/1492
f 1468/2400/1493 1463/2401/1494 1469/2402/1495
f 1469/2402/1495 1463/2401/1494 1471/2403/1496
f 1464/2404/1497 1471/2403/1496 1463/2401/1494
f 1465/2405/1498 1471/2403/1496 1464/2404/1497
f 1471/2403/1496 1465/2405/1498 1474/2406/1499
f 1474/2406/1499 1465/2405/1498 1473/2407/1500
f 1516/2408/1501 1473/2407/1500 1465/2405/1498
f 1466/2398/1491 1473/2407/1500 1516/2408/1501
f 1473/2407/1500 1466/2398/1491 1467/2409/1502
f 1468/2400/1493 1467/2409/1502 1466/2398/1491
f 1467/2409/1502 1468/2400/1493 1477/2410/1503
f 1477/2410/1503 1468/2400/1493 1479/2411/1504
f 1469/2402/1495 1479/2411/1504 1468/2400/1493
f 1479/2411/1504 1469/2402/1495 1470/2412/1505
f 1470/2412/1505 1469/2402/1495 1480/2413/1506
f 1471/2403/1496 1480/2413/1506 1469/2402/1495
f 1480/2413/1506 1471/2403/1496 1482/2414/1507
f 1482/2414/1507 1471/2403/1496 1472/2415/1508
f 1474/2406/1499 1472/2415/1508 1471/2403/1496
f 1472/2415/1508 1474/2406/1499 1484/2416/1509
f 1473/2407/1500 1484/2416/1509 1474/2406/1499
f 1484/2416/1509 1473/2407/1500 1475/2417/1510
f 1475/2417/1510 1473/2407/1500 1476/2418/1511
f 1467/2409/1502 1476/2418/1511 1473/2407/1500
f 1476/2418/1511 1467/2409/1502 1478/2419/1512
f 1477/2410/1503 1478/2419/1512 1467/2409/1502
f 1478/2419/1512 1477/2410/1503 1487/2420/1513
f 1479/2411/1504 1487/2420/1513 1477/2410/1503
f 1487/2420/1513 1479/2411/1504 1489/2421/1514
f 1470/2412/1505 1489/2421/1514 1479/2411/1504
f 1489/2421/1514 1470/2412/1505 1491/2422/1515
f 1480/2413/1506 1491/2422/1515 1470/2412/1505
f 1491/2422/1515 1480/2413/1506 1481/2423/1516
f 1482/2414/1507 1481/2423/1516 1480/2413/1506
f 1481/2423/1516 1482/2414/1507 1492/2424/1517
f 1492/2424/1517 1482/2414/1507 1494/2425/1518
f 1472/2415/1508 1494/2425/1518 1482/2414/1507
f 1494/2425/1518 1472/2415/1508 1483/2426/1519
f 1484/2416/1509 1483/2426/1519 1472/2415/1508
f 1483/2426/1519 1484/2416/1509 1495/2427/1520
f 1475/2417/1510 1495/2427/1520 1484/2416/1509
f 1476/2418/1511 1495/2427/1520 1475/2417/1510
f 1495/2427/1520 1476/2418/1511 1485/2428/1521
f 1485/2428/1521 1476/2418/1511 1486/2429/1522
f 1478/2419/1512 1486/2429/1522 1476/2418/1511
f 1487/2420/1513 1486/2429/1522 1478/2419/1512
f 1486/2429/1522 1487/2420/1513 1496/2430/1523
f 1496/2430/1523 1487/2420/1513 1500/2431/1524
f 1500/2431/1524 1487/2420/1513 1488/2432/1525
f 1489/2421/1514 1488/2432/1525 1487/2420/1513
f 1491/2422/1515 1488/2432/1525 1489/2421/1514
f 1488/2432/1525 1491/2422/1515 1490/2433/1526
f 1481/2423/1516 1490/2433/1526 1491/2422/1515
f 1490/2433/1526 1481/2423/1516 1502/2434/1527
f 1502/2434/1527 1481/2423/1516 1493/2435/1528
f 1492/2424/1517 1493/2435/1528 1481/2423/1516
f 1494/2425/1518 1493/2435/1528 1492/2424/1517
f 1493/2435/1528 1494/2425/1518 1505/2436/1529
f 1505/2436/1529 1494/2425/1518 1508/2437/1530
f 1483/2426/1519 1508/2437/1530 1494/2425/1518
f 1495/2427/1520 1508/2437/1530 1483/2426/1519
f 1508/2437/1530 1495/2427/1520 1506/2438/1531
f 1506/2438/1531 1495/2427/1520 1497/2439/1532
f 1485/2428/1521 1497/2439/1532 1495/2427/1520
f 1486/2429/1522 1497/2439/1532 1485/2428/1521
f 1496/2430/1523 1497/2439/1532 1486/2429/1522
f 1497/2439/1532 1496/2430/1523 1498/2440/1533
f 1498/2440/1533 1496/2430/1523 1510/2441/1534
f 1500/2431/1524 1510/2441/1534 1496/2430/1523
f 1510/2441/1534 1500/2431/1524 1499/2442/1535
f 1488/2432/1525 1499/2442/1535 1500/2431/1524
f 1499/2442/1535 1488/2432/1525 1501/2443/1536
f 1490/2433/1526 1501/2443/1536 1488/2432/1525
f 1501/2443/1536 1490/2433/1526 1511/2444/1537
f 1502/2434/1527 1511/2444/1537 1490/2433/1526
f 1493/2435/1528 1511/2444/1537 1502/2434/1527
f 1511/2444/1537 1493/2435/1528 1503/2445/1538
f 1503/2445/1538 1493/2435/1528 1504/2446/1539
f 1505/2436/1529 1504/2446/1539 1493/2435/1528
f 1508/2437/1530 1504/2446/1539 1505/2436/1529
f 1504/2446/1539 1508/2437/1530 1507/2447/1540
f 1506/2438/1531 1507/2447/1540 1508/2437/1530
f 1507/2447/1540 1506/2438/1531 1513/2448/1541
f 1497/2439/1532 1513/2448/1541 1506/2438/1531
f 1513/2448/1541 1497/2439/1532 1509/2449/1542
f 1498/2440/1533 1509/2449/1542 1497/2439/1532
f 1509/2449/1542 1498/2440/1533 1512/2450/1543
f 1510/2441/1534 1512/2450/1543 1498/2440/1533
f 1499/2442/1535 1512/2450/1543 1510/2441/1534
f 1501/2443/1536 1512/2450/1543 1499/2442/1535
f 1511/2444/1537 1512/2450/1543 1501/2443/1536
f 1503/2445/1538 1512/2450/1543 1511/2444/1537
f 1504/2446/1539 1512/2450/1543 1503/2445/1538
f 1507/2447/1540 1512/2450/1543 1504/2446/1539
f 1513/2448/1541 1512/2450/1543 1507/2447/1540
f 1512/2450/1543 1513/2448/1541 1509/2449/1542
f 1466/2451/1491 1515/2452/1544 1514/2453/1492
f 1514/2453/1492 1515/2452/1544 1463/2454/1494
f 1463/2454/1494 1515/2452/1544 1464/2455/1497
f 1464/2455/1497 1515/2452/1544 1465/2456/1498
f 1465/2456/1498 1515/2452/1544 1516/2457/1501
f 1466/2451/1491 1516/2457/1501 1515/2452/1544
f 1523/2458/1545 1568/2459/1546 1517/2460/1547
f 1518/2461/1548 1517/2460/1547 1568/2459/1546
f 1517/2460/1547 1518/2461/1548 1525/2462/1549
f 1525/2462/1549 1518/2461/1548 1528/2463/1550
f 1519/2464/1551 1528/2463/1550 1518/2461/1548
f 1570/2465/1552 1528/2463/1550 1519/2464/1551
f 1528/2463/1550 1570/2465/1552 1520/2466/1553
f 1520/2466/1553 1570/2465/1552 1521/2467/1554
f 1522/2468/1555 1521/2467/1554 1570/2465/1552
f 1523/2458/1545 1521/2467/1554 1522/2468/1555
f 1521/2467/1554 1523/2458/1545 1524/2469/1556
f 1517/2460/1547 1524/2469/1556 1523/2458/1545
f 1524/2469/1556 1517/2460/1547 1531/2470/1557
f 1531/2470/1557 1517/2460/1547 1533/2471/1558
f 1525/2462/1549 1533/2471/1558 1517/2460/1547
f 1533/2471/1558 1525/2462/1549 1526/2472/1559
f 1526/2472/1559 1525/2462/1549 1535/2473/1560
f 1528/2463/1550 1535/2473/1560 1525/2462/1549
f 1535/2473/1560 1528/2463/1550 1527/2474/1561
f 1527/2474/1561 1528/2463/1550 1529/2475/1562
f 1520/2466/1553 1529/2475/1562 1528/2463/1550
f 1529/2475/1562 1520/2466/1553 1538/2476/1563
f 1521/2467/1554 1538/2476/1563 1520/2466/1553
f 1538/2476/1563 1521/2467/1554 1530/2477/1564
f 1530/2477/1564 1521/2467/1554 1540/2478/1565
f 1524/2469/1556 1540/2478/1565 1521/2467/1554
f 1540/2478/1565 1524/2469/1556 1542/2479/1566
f 1531/2470/1557 1542/2479/1566 1524/2469/1556
f 1542/2479/1566 1531/2470/1557 1532/2480/1567
f 1533/2471/1558 1532/2480/1567 1531/2470/1557
f 1532/2480/1567 1533/2471/1558 1534/2481/1568
f 1526/2472/1559 1534/2481/1568 1533/2471/1558
f 1534/2481/1568 1526/2472/1559 1536/2482/1569
f 1535/2473/1560 1536/2482/1569 1526/2472/1559
f 1536/2482/1569 1535/2473/1560 1543/2483/1570
f 1527/2474/1561 1543/2483/1570 1535/2473/1560
f 1543/2483/1570 1527/2474/1561 1546/2484/1571
f 1546/2484/1571 1527/2474/1561 1549/2485/1572
f 1529/2475/1562 1549/2485/1572 1527/2474/1561
f 1549/2485/1572 1529/2475/1562 1537/2486/1573
f 1538/2476/1563 1537/2486/1573 1529/2475/1562
f 1537/2486/1573 1538/2476/1563 1539/2487/1574
f 1530/2477/1564 1539/2487/1574 1538/2476/1563
f 1540/2478/1565 1539/2487/1574 1530/2477/1564
f 1539/2487/1574 1540/2478/1565 1553/2488/1575
f 1553/2488/1575 1540/2478/1565 1541/2489/1576
f 1542/2479/1566 1541/2489/1576 1540/2478/1565
f 1532/2480/1567 1541/2489/1576 1542/2479/1566
f 1541/2489/1576 1532/2480/1567 1554/2490/1577
f 1554/2490/1577 1532/2480/1567 1556/2491/1578
f 1556/2491/1578 1532/2480/1567 1558/2492/1579
f 1534/2481/1568 1558/2492/1579 1532/2480/1567
f 1536/2482/1569 1558/2492/1579 1534/2481/1568
f 1558/2492/1579 1536/2482/1569 1544/2493/1580
f 1543/2483/1570 1544/2493/1580 1536/2482/1569
f 1544/2493/1580 1543/2483/1570 1545/2494/1581
f 1546/2484/1571 1545/2494/1581 1543/2483/1570
f 1545/2494/1581 1546/2484/1571 1547/2495/1582
f 1549/2485/1572 1547/2495/1582 1546/2484/1571
f 1547/2495/1582 1549/2485/1572 1548/2496/1583
f 1537/2486/1573 1548/2496/1583 1549/2485/1572
f 1548/2496/1583 1537/2486/1573 1550/2497/1584
f 1550/2497/1584 1537/2486/1573 1551/2498/1585
f 1539/2487/1574 1551/2498/1585 1537/2486/1573
f 1551/2498/1585 1539/2487/1574 1552/2499/1586
f 1553/2488/1575 1552/2499/1586 1539/2487/1574
f 1541/2489/1576 1552/2499/1586 1553/2488/1575
f 1554/2490/1577 1552/2499/1586 1541/2489/1576
f 1552/2499/1586 1554/2490/1577 1564/2500/1587
f 1564/2500/1587 1554/2490/1577 1555/2501/1588
f 1556/2491/1578 1555/2501/1588 1554/2490/1577
f 1555/2501/1588 1556/2491/1578 1557/2502/1589
f 1558/2492/1579 1557/2502/1589 1556/2491/1578
f 1557/2502/1589 1558/2492/1579 1559/2503/1590
f 1544/2493/1580 1559/2503/1590 1558/2492/1579
f 1559/2503/1590 1544/2493/1580 1560/2504/1591
f 1545/2494/1581 1560/2504/1591 1544/2493/1580
f 1547/2495/1582 1560/2504/1591 1545/2494/1581
f 1560/2504/1591 1547/2495/1582 1566/2505/1592
f 1548/2496/1583 1566/2505/1592 1547/2495/1582
f 1566/2505/1592 1548/2496/1583 1561/2506/1593
f 1550/2497/1584 1561/2506/1593 1548/2496/1583
f 1561/2506/1593 1550/2497/1584 1562/2507/1594
f 1551/2498/1585 1562/2507/1594 1550/2497/1584
f 1562/2507/1594 1551/2498/1585 1567/2508/1595
f 1567/2508/1595 1551/2498/1585 1563/2509/1596
f 1552/2499/1586 1563/2509/1596 1551/2498/1585
f 1564/2500/1587 1563/2509/1596 1552/2499/1586
f 1563/2509/1596 1564/2500/1587 1565/2510/1597
f 1555/2501/1588 1565/2510/1597 1564/2500/1587
f 1557/2502/1589 1565/2510/1597 1555/2501/1588
f 1559/2503/1590 1565/2510/1597 1557/2502/1589
f 1560/2504/1591 1565/2510/1597 1559/2503/1590
f 1566/2505/1592 1565/2510/1597 1560/2504/1591
f 1561/2506/1593 1565/2510/1597 1566/2505/1592
f 1562/2507/1594 1565/2510/1597 1561/2506/1593
f 1567/2508/1595 1565/2510/1597 1562/2507/1594
f 1565/2510/1597 1567/2508/1595 1563/2509/1596
f 1523/2511/1545 1569/2512/1598 1568/2513/1546
f 1568/2513/1546 1569/2512/1598 1518/2514/1548
f 1518/2514/1548 1569/2512/1598 1519/2515/1551
f 1519/2515/1551 1569/2512/1598 1570/2516/1552
f 1570/2516/1552 1569/2512/1598 1522/2517/1555
f 1523/2511/1545 1522/2517/1555 1569/2512/1598
f 653/1056/798 655/1057/799 1583/2518/1483
f 1571/1061/791 1583/2518/1483 655/1057/799
f 1583/2518/1483 1571/1061/791 1573/2519/1484
f 636/1035/770 1573/2519/1484 1571/1061/791
f 1572/1036/771 1573/2519/1484 636/1035/770
f 1574/1039/772 1573/2519/1484 1572/1036/771
f 1573/2519/1484 1574/1039/772 1575/2520/1485
f 1577/1040/773 1575/2520/1485 1574/1039/772
f 1575/2520/1485 1577/1040/773 1576/2521/1486
f 1576/2521/1486 1577/1040/773 1578/2522/1487
f 1579/1042/774 1578/2522/1487 1577/1040/773
f 643/1045/775 1578/2522/1487 1579/1042/774
f 646/1049/779 1578/2522/1487 643/1045/775
f 1578/2522/1487 646/1049/779 1580/2523/1488
f 648/1050/793 1580/2523/1488 646/1049/779
f 651/1054/796 1580/2523/1488 648/1050/793
f 1580/2523/1488 651/1054/796 1581/2524/1489
f 1581/2524/1489 651/1054/796 1582/2525/1490
f 653/1056/798 1582/2525/1490 651/1054/796
f 1583/2518/1483 1582/2525/1490 653/1056/798
f 1573/2519/1484 1582/2525/1490 1583/2518/1483
f 1575/2520/1485 1582/2525/1490 1573/2519/1484
f 1576/2521/1486 1582/2525/1490 1575/2520/1485
f 1582/2525/1490 1576/2521/1486 1581/2524/1489
f 1578/2522/1487 1581/2524/1489 1576/2521/1486
f 1581/2524/1489 1578/2522/1487 1580/2523/1488
f 1589/2526/1599 1585/2527/1600 1584/2528/1601
f 1584/2528/1601 1585/2527/1600 1586/2529/1454
f 1586/2529/1454 1585/2527/1600 1602/2530/1455
f 1602/2530/1455 1585/2527/1600 1587/2531/1602
f 1587/2531/1602 1585/2527/1600 1605/2532/1603
f 1605/2532/1603 1585/2527/1600 1588/2533/1604
f 1589/2526/1599 1588/2533/1604 1585/2527/1600
f 1591/2534/1605 1588/2533/1604 1589/2526/1599
f 1588/2533/1604 1591/2534/1605 1590/2535/1606
f 1590/2535/1606 1591/2534/1605 1608/2536/1607
f 1592/2537/1608 1608/2536/1607 1591/2534/1605
f 1593/2538/1609 1608/2536/1607 1592/2537/1608
f 1594/2539/1610 1608/2536/1607 1593/2538/1609
f 1608/2536/1607 1594/2539/1610 1610/2540/1611
f 1610/2540/1611 1594/2539/1610 1612/2541/1466
f 1595/2542/1467 1612/2541/1466 1594/2539/1610
f 1612/2541/1466 1595/2542/1467 1597/2543/1468
f 1596/2544/1469 1597/2543/1468 1595/2542/1467
f 1598/2545/1470 1597/2543/1468 1596/2544/1469
f 1597/2543/1468 1598/2545/1470 1599/2546/1471
f 1599/2546/1471 1598/2545/1470 1604/2547/1472
f 1600/2548/1473 1604/2547/1472 1598/2545/1470
f 1601/2549/1474 1604/2547/1472 1600/2548/1473
f 1604/2547/1472 1601/2549/1474 1603/2550/1475
f 1602/2530/1455 1603/2550/1475 1601/2549/1474
f 1587/2531/1602 1603/2550/1475 1602/2530/1455
f 1603/2550/1475 1587/2531/1602 1604/2547/1472
f 1604/2547/1472 1587/2531/1602 1615/2551/1612
f 1605/2532/1603 1615/2551/1612 1587/2531/1602
f 1615/2551/1612 1605/2532/1603 1606/2552/1613
f 1588/2533/1604 1606/2552/1613 1605/2532/1603
f 1590/2535/1606 1606/2552/1613 1588/2533/1604
f 1606/2552/1613 1590/2535/1606 1607/2553/1614
f 1607/2553/1614 1590/2535/1606 1609/2554/1615
f 1608/2536/1607 1609/2554/1615 1590/2535/1606
f 1610/2540/1611 1609/2554/1615 1608/2536/1607
f 1609/2554/1615 1610/2540/1611 1611/2555/1616
f 1611/2555/1616 1610/2540/1611 1597/2543/1468
f 1612/2541/1466 1597/2543/1468 1610/2540/1611
f 1609/2554/1615 1611/2555/1616 1607/2553/1614
f 1607/2553/1614 1611/2555/1616 1614/2556/1617
f 1614/2556/1617 1611/2555/1616 1613/2557/1618
f 1613/2557/1618 1611/2555/1616 1599/2546/1471
f 1597/2543/1468 1599/2546/1471 1611/2555/1616
f 1607/2553/1614 1614/2556/1617 1606/2552/1613
f 1606/2552/1613 1614/2556/1617 1615/2551/1612
f 1613/2557/1618 1615/2551/1612 1614/2556/1617
f 1599/2546/1471 1615/2551/1612 1613/2557/1618
f 1615/2551/1612 1599/2546/1471 1604/2547/1472
f 1616/2558/1127 1618/2559/1619 1617/2560/1126
f 1617/2560/1126 1618/2559/1619 1619/2561/1131
f 1619/2561/1131 1618/2559/1619 880/2562/1130
f 880/2562/1130 1618/2559/1619 1620/2563/1129
f 1620/2563/1129 1618/2559/1619 879/2564/1128
f 1616/2558/1127 879/2564/1128 1618/2559/1619
f 1245/2565/1363 1621/2566/1364 1241/2567/1348
f 1241/2567/1348 1621/2566/1364 1236/2568/1349
f 1236/2568/1349 1621/2566/1364 1622/2569/1351
f 1246/2570/1365 1622/2569/1351 1621/2566/1364
f 1622/2569/1351 1246/2570/1365 1623/2571/1353
f 1624/2572/1366 1623/2571/1353 1246/2570/1365
f 1625/2573/1371 1623/2571/1353 1624/2572/1366
f 1623/2571/1353 1625/2573/1371 1626/2574/1354
f 1628/2575/1372 1626/2574/1354 1625/2573/1371
f 1626/2574/1354 1628/2575/1372 1627/2576/1356
f 1627/2576/1356 1628/2575/1372 1238/2577/1357
f 1630/2578/1360 1238/2577/1357 1628/2575/1372
f 1238/2577/1357 1630/2578/1360 1239/2579/1358
f 1629/2580/1361 1239/2579/1358 1630/2578/1360
f 1239/2579/1358 1629/2580/1361 1631/2581/1359
f 1243/2582/1362 1631/2581/1359 1629/2580/1361
f 1245/2565/1363 1631/2581/1359 1243/2582/1362
f 1631/2581/1359 1245/2565/1363 1241/2567/1348
f 1642/2583/1620 1640/2584/1621 1632/2585/1622
f 1646/2586/1623 1632/2585/1622 1640/2584/1621
f 1633/2587/1624 1632/2585/1622 1646/2586/1623
f 1634/2588/1625 1632/2585/1622 1633/2587/1624
f 1632/2585/1622 1634/2588/1625 1637/2589/1626
f 1635/2590/1627 1637/2589/1626 1634/2588/1625
f 1636/2591/1628 1637/2589/1626 1635/2590/1627
f 1643/2592/1629 1637/2589/1626 1636/2591/1628
f 1642/2583/1620 1637/2589/1626 1643/2592/1629
f 1637/2589/1626 1642/2583/1620 1632/2585/1622
f 708/2593/895 1638/2594/1630 714/2595/896
f 714/2595/896 1638/2594/1630 712/2596/900
f 712/2596/900 1638/2594/1630 710/2597/899
f 710/2597/899 1638/2594/1630 1639/2598/898
f 1639/2598/898 1638/2594/1630 709/2599/897
f 708/2593/895 709/2599/897 1638/2594/1630
f 581/2600/717 1640/2601/1621 1641/2602/716
f 1642/2603/1620 1641/2602/716 1640/2601/1621
f 1641/2602/716 1642/2603/1620 704/2604/710
f 1643/2605/1629 704/2604/710 1642/2603/1620
f 1636/2606/1628 704/2604/710 1643/2605/1629
f 704/2604/710 1636/2606/1628 1644/2607/724
f 1635/2608/1627 1644/2607/724 1636/2606/1628
f 1644/2607/724 1635/2608/1627 587/2609/723
f 1634/2610/1625 587/2609/723 1635/2608/1627
f 587/2609/723 1634/2610/1625 1645/2611/721
f 1633/2612/1624 1645/2611/721 1634/2610/1625
f 1645/2611/721 1633/2612/1624 584/2613/719
f 1646/2614/1623 584/2613/719 1633/2612/1624
f 584/2613/719 1646/2614/1623 583/2615/718
f 1640/2601/1621 583/2615/718 1646/2614/1623
f 583/2615/718 1640/2601/1621 581/2600/717
f 720/2616/914 1647/2617/1631 1648/2618/916
f 1648/2618/916 1647/2617/1631 1649/2619/917
f 1649/2619/917 1647/2617/1631 1650/2620/925
f 1650/2620/925 1647/2617/1631 1651/2621/923
f 1651/2621/923 1647/2617/1631 1652/2622/922
f 1652/2622/922 1647/2617/1631 1653/2623/919
f 720/2616/914 1653/2623/919 1647/2617/1631
f 1659/2624/928 1654/2625/1632 1655/2626/930
f 1655/2626/930 1654/2625/1632 1656/2627/931
f 1656/2627/931 1654/2625/1632 1657/2628/934
f 1657/2628/934 1654/2625/1632 1658/2629/938
f 1658/2629/938 1654/2625/1632 725/2630/936
f 1659/2624/928 725/2630/936 1654/2625/1632
f 1660/2631/1633 1667/2632/1634 1661/2633/1635
f 1668/2634/1636 1661/2633/1635 1667/2632/1634
f 1669/2635/1637 1661/2633/1635 1668/2634/1636
f 1661/2633/1635 1669/2635/1637 1662/2636/1638
f 1670/2637/1639 1662/2636/1638 1669/2635/1637
f 1662/2636/1638 1670/2637/1639 1663/2638/1640
f 1664/2639/1641 1663/2638/1640 1670/2637/1639
f 1665/2640/1642 1663/2638/1640 1664/2639/1641
f 1666/2641/1643 1663/2638/1640 1665/2640/1642
f 1672/2642/1644 1663/2638/1640 1666/2641/1643
f 1663/2638/1640 1672/2642/1644 1662/2636/1638
f 1674/2643/1645 1662/2636/1638 1672/2642/1644
f 1662/2636/1638 1674/2643/1645 1661/2633/1635
f 1675/2644/1646 1661/2633/1635 1674/2643/1645
f 1661/2633/1635 1675/2644/1646 1660/2631/1633
f 1660/2645/1633 1333/2646/1403 1667/2647/1634
f 1334/2648/1404 1667/2647/1634 1333/2646/1403
f 1667/2647/1634 1334/2648/1404 1668/2649/1636
f 1335/2650/1405 1668/2649/1636 1334/2648/1404
f 1336/2651/1406 1668/2649/1636 1335/2650/1405
f 1668/2649/1636 1336/2651/1406 1669/2652/1637
f 1337/2653/1407 1669/2652/1637 1336/2651/1406
f 1669/2652/1637 1337/2653/1407 1670/2654/1639
f 1670/2654/1639 1337/2653/1407 1664/2655/1641
f 1338/2656/1408 1664/2655/1641 1337/2653/1407
f 1664/2655/1641 1338/2656/1408 1665/2657/1642
f 1671/2658/1409 1665/2657/1642 1338/2656/1408
f 1665/2657/1642 1671/2658/1409 1666/2659/1643
f 1339/2660/1410 1666/2659/1643 1671/2658/1409
f 1666/2659/1643 1339/2660/1410 1672/2661/1644
f 1673/2662/1411 1672/2661/1644 1339/2660/1410
f 1329/2663/1401 1672/2661/1644 1673/2662/1411
f 1672/2661/1644 1329/2663/1401 1674/2664/1645
f 1674/2664/1645 1329/2663/1401 1675/2665/1646
f 1331/2666/1402 1675/2665/1646 1329/2663/1401
f 1333/2646/1403 1675/2665/1646 1331/2666/1402
f 1675/2665/1646 1333/2646/1403 1660/2645/1633
f 738/2667/960 1678/2668/1647 1676/2669/962
f 1676/2669/962 1678/2668/1647 1677/2670/966
f 1677/2670/966 1678/2668/1647 739/2671/965
f 739/2671/965 1678/2668/1647 1679/2672/968
f 738/2667/960 1679/2672/968 1678/2668/1647
f 1685/2673/970 1681/2674/1648 1680/2675/972
f 1680/2675/972 1681/2674/1648 1682/2676/981
f 1682/2676/981 1681/2674/1648 1683/2677/980
f 1683/2677/980 1681/2674/1648 746/2678/978
f 746/2678/978 1681/2674/1648 1684/2679/975
f 1684/2679/975 1681/2674/1648 743/2680/974
f 1685/2673/970 743/2680/974 1681/2674/1648
f 801/2681/1060 1686/2682/1649 803/2683/1061
f 803/2683/1061 1686/2682/1649 805/2684/1062
f 805/2684/1062 1686/2682/1649 804/2685/1063
f 804/2685/1063 1686/2682/1649 1687/2686/1064
f 1687/2686/1064 1686/2682/1649 809/2687/1065
f 809/2687/1065 1686/2682/1649 811/2688/1066
f 801/2681/1060 811/2688/1066 1686/2682/1649
f 830/2689/1077 1689/2690/1650 1688/2691/1080
f 1688/2691/1080 1689/2690/1650 823/2692/1068
f 823/2692/1068 1689/2690/1650 1690/2693/1070
f 1690/2693/1070 1689/2690/1650 824/2694/1071
f 824/2694/1071 1689/2690/1650 826/2695/1073
f 826/2695/1073 1689/2690/1650 828/2696/1075
f 830/2689/1077 828/2696/1075 1689/2690/1650
f 831/2697/1083 1691/2698/1082 1364/2699/1414
f 1364/2699/1414 1691/2698/1082 1360/2700/1415
f 1692/2701/1081 1360/2700/1415 1691/2698/1082
f 1360/2700/1415 1692/2701/1081 1693/2702/1417
f 1693/2702/1417 1692/2701/1081 1694/2703/1418
f 1695/2704/1092 1694/2703/1418 1692/2701/1081
f 1694/2703/1418 1695/2704/1092 1696/2705/1420
f 590/2706/733 1696/2705/1420 1695/2704/1092
f 1696/2705/1420 590/2706/733 1697/2707/1421
f 834/2708/1091 1697/2707/1421 590/2706/733
f 1697/2707/1421 834/2708/1091 1698/2709/1423
f 1699/2710/1090 1698/2709/1423 834/2708/1091
f 1698/2709/1423 1699/2710/1090 1700/2711/1424
f 833/2712/1089 1700/2711/1424 1699/2710/1090
f 1701/2713/1088 1700/2711/1424 833/2712/1089
f 1700/2711/1424 1701/2713/1088 1702/2714/1425
f 1702/2714/1425 1701/2713/1088 1703/2715/1426
f 1704/2716/1086 1703/2715/1426 1701/2713/1088
f 1703/2715/1426 1704/2716/1086 1364/2699/1414
f 831/2697/1083 1364/2699/1414 1704/2716/1086
f 593/2717/741 1127/2718/727 1718/2719/1651
f 1718/2719/1651 1127/2718/727 1721/2720/1652
f 1190/2721/728 1721/2720/1652 1127/2718/727
f 1721/2720/1652 1190/2721/728 1705/2722/1653
f 1188/2723/1312 1705/2722/1653 1190/2721/728
f 1705/2722/1653 1188/2723/1312 1706/2724/1654
f 1707/2725/805 1706/2724/1654 1188/2723/1312
f 1706/2724/1654 1707/2725/805 1708/2726/1655
f 1708/2726/1655 1707/2725/805 1709/2727/1656
f 1710/2728/802 1709/2727/1656 1707/2725/805
f 1709/2727/1656 1710/2728/802 1723/2729/1657
f 1723/2729/1657 1710/2728/802 1711/2730/744
f 1711/2730/744 1710/2728/802 1712/2731/1103
f 1712/2731/1103 1710/2728/802 844/2732/1105
f 1713/1436/801 844/2732/1105 1710/2728/802
f 844/2732/1105 1713/1436/801 847/2733/1108
f 1714/2734/735 847/2733/1108 1713/1436/801
f 847/2733/1108 1714/2734/735 1715/2735/1102
f 1716/2736/736 1715/2735/1102 1714/2734/735
f 1715/2735/1102 1716/2736/736 843/2737/1099
f 1197/2738/1315 843/2737/1099 1716/2736/736
f 1199/2739/745 843/2737/1099 1197/2738/1315
f 843/2737/1099 1199/2739/745 842/2740/1095
f 1711/2730/744 842/2740/1095 1199/2739/745
f 842/2740/1095 1711/2730/744 1717/2741/1096
f 1712/2731/1103 1717/2741/1096 1711/2730/744
f 1718/2719/1651 1727/2742/1658 593/2717/741
f 1726/2743/1659 593/2717/741 1727/2742/1658
f 593/2717/741 1726/2743/1659 594/2744/742
f 1720/2745/1660 594/2744/742 1726/2743/1659
f 594/2744/742 1720/2745/1660 1719/2746/743
f 1719/2746/743 1720/2745/1660 1711/2730/744
f 1723/2729/1657 1711/2730/744 1720/2745/1660
f 1718/2747/1651 1721/2748/1652 1402/2749/1439
f 1402/2749/1439 1721/2748/1652 1722/2750/1437
f 1722/2750/1437 1721/2748/1652 1404/2751/1443
f 1705/2752/1653 1404/2751/1443 1721/2748/1652
f 1404/2751/1443 1705/2752/1653 1407/2753/1444
f 1706/2754/1654 1407/2753/1444 1705/2752/1653
f 1708/2755/1655 1407/2753/1444 1706/2754/1654
f 1407/2753/1444 1708/2755/1655 1406/2756/1446
f 1709/2757/1656 1406/2756/1446 1708/2755/1655
f 1406/2756/1446 1709/2757/1656 1408/2758/1447
f 1723/2759/1657 1408/2758/1447 1709/2757/1656
f 1408/2758/1447 1723/2759/1657 1409/2760/1448
f 1409/2760/1448 1723/2759/1657 1724/2761/1449
f 1720/2762/1660 1724/2761/1449 1723/2759/1657
f 1724/2761/1449 1720/2762/1660 1725/2763/1441
f 1726/2764/1659 1725/2763/1441 1720/2762/1660
f 1727/2765/1658 1725/2763/1441 1726/2764/1659
f 1725/2763/1441 1727/2765/1658 1728/2766/1440
f 1728/2766/1440 1727/2765/1658 1402/2749/1439
f 1718/2747/1651 1402/2749/1439 1727/2765/1658
f 1731/2767/1172 1729/2768/1661 921/2769/1171
f 921/2769/1171 1729/2768/1661 927/2770/1177
f 927/2770/1177 1729/2768/1661 926/2771/1176
f 926/2771/1176 1729/2768/1661 1730/2772/1175
f 1730/2772/1175 1729/2768/1661 924/2773/1174
f 924/2773/1174 1729/2768/1661 922/2774/1173
f 1731/2767/1172 922/2774/1173 1729/2768/1661
f 897/2775/1152 1732/2776/1323 1733/2777/1151
f 1217/2778/1322 1733/2777/1151 1732/2776/1323
f 1734/2779/1334 1733/2777/1151 1217/2778/1322
f 1733/2777/1151 1734/2779/1334 891/2780/1143
f 891/2780/1143 1734/2779/1334 890/2781/1142
f 1736/2782/1332 890/2781/1142 1734/2779/1334
f 890/2781/1142 1736/2782/1332 1735/2783/1168
f 1737/2784/1331 1735/2783/1168 1736/2782/1332
f 1735/2783/1168 1737/2784/1331 685/2785/853
f 1215/2786/1330 685/2785/853 1737/2784/1331
f 685/2785/853 1215/2786/1330 1738/2787/852
f 1214/2788/1329 1738/2787/852 1215/2786/1330
f 1211/2789/1327 1738/2787/852 1214/2788/1329
f 1738/2787/852 1211/2789/1327 899/2790/851
f 899/2790/851 1211/2789/1327 1740/2791/1153
f 1739/2792/1325 1740/2791/1153 1211/2789/1327
f 1732/2776/1323 1740/2791/1153 1739/2792/1325
f 1740/2791/1153 1732/2776/1323 897/2775/1152
f 1741/2793/1194 1742/2794/1662 951/2795/1195
f 951/2795/1195 1742/2794/1662 952/2796/1196
f 952/2796/1196 1742/2794/1662 956/2797/1197
f 956/2797/1197 1742/2794/1662 957/2798/1199
f 957/2798/1199 1742/2794/1662 953/2799/1198
f 1741/2793/1194 953/2799/1198 1742/2794/1662
f 1746/2800/1201 1743/2801/1663 963/2802/1200
f 963/2802/1200 1743/2801/1663 1744/2803/1204
f 1744/2803/1204 1743/2801/1663 961/2804/1203
f 961/2804/1203 1743/2801/1663 1745/2805/1202
f 1746/2800/1201 1745/2805/1202 1743/2801/1663
f 70/95/90 1747/80/75 53/75/70
f 42/64/59 61/11/11 41/12/12
f 1748/111/106 96/96/91 74/101/96
f 146/172/165 138/171/164 1749/179/172
f 199/204/192 189/230/218 197/203/191
f 551/867/676 558/868/677 567/791/611
f 1750/455/348 1165/448/345 1751/2806/1664
f 692/2807/866 1156/2808/1303 1155/2809/869
f 1750/2810/348 1751/2811/1664 344/2812/344
f 1165/2813/345 344/2812/344 1751/2811/1664
f 1752/2814/871 1152/2815/1302 1151/2816/872
f 574/594/455 371/595/397 576/2817/396
f 1390/840/650 1391/881/690 561/838/648
f 347/461/350 1753/2818/1665 1167/738/569
f 480/2819/576 1174/2820/1310 1754/2821/577
f 1181/2822/571 1170/2823/1309 1171/2824/574
f 478/741/572 479/742/573 836/747/578
f 347/2825/350 477/2826/356 1753/2827/1665
f 1167/2828/569 1753/2827/1665 477/2826/356
f 549/2158/389 404/596/398 1287/597/456
f 1351/471/366 1115/2829/1028 1113/2830/1296
f 395/578/440 396/2831/442 459/577/443
f 408/600/354 390/601/433 389/2832/352
f 1755/887/696 1175/2833/1311 1756/886/695
f 1713/1062/801 591/949/734 1714/950/735
f 696/1162/880 1757/2834/1289 695/1161/879
f 691/1149/867 693/1150/868 1087/1155/873
f 1094/1160/878 1093/1143/861 694/1159/877
f 1758/947/732 590/948/733 839/2835/1093
f 866/1122/845 688/1124/846 867/1138/856
f 595/962/747 873/961/746 1759/967/752
f 674/1111/836 875/1119/842 680/1120/843
f 869/1109/834 870/1097/826 673/1098/827
f 941/1081/815 944/1083/816 905/1576/1164
f 662/465/360 663/2836/818 351/464/359
